عنوان,نوع معامله,محله,متراژ,سال ساخت,تعداد اتاق,قیمت کل,قیمت هر متر,طبقه,تاریخ انتشار,لینک
فروش آپارتمان دو واحد مجزا,فروش,بازکیاگوراب,۲۲۰,۱۳۹۸,۲,"‏۱۰,۰۰۰,۰۰۰,۰۰۰ تومان","‏۴۵,۴۵۴,۰۰۰ تومان",۲ از ۲,۲ شهریور ۱۴۰۵، ۰۶:۲۰,https://divar.ir/v/gaLC710v
فروش زمین ۱۲۷ متری مسکونی_ویو دار_ اینده دار,فروش,لیالستان,,,,"‏۳,۸۰۰,۰۰۰,۰۰۰ تومان","‏۲۹,۹۲۱,۰۰۰ تومان",,۶ شهریور ۱۴۰۵، ۱۳:۳۶,https://divar.ir/v/gaR2FKAT
500 متر باغی داخل طرح,فروش,بازکیاگوراب,,,,"‏۱,۷۵۰,۰۰۰,۰۰۰ تومان","‏۳,۵۰۰,۰۰۰ تومان",,۶ شهریور ۱۴۰۵، ۱۳:۳۲,https://divar.ir/v/gaRuViHu
فروش زمین مسکونی با سند تک برگ سوستان,فروش,لیل,,,,"‏۴,۶۰۰,۰۰۰,۰۰۰ تومان","‏۲۶,۵۸۹,۰۰۰ تومان",,۲۴ تیر ۱۴۰۵، ۱۹:۱۳,https://divar.ir/v/gaXpKg_H
مغازه تجاری بر کمربندی با موقعیت عالی,فروش,حاجی آباد,۴۵,۱۳۹۸,بدون اتاق,"‏۱۵,۶۵۰,۰۰۰,۰۰۰ تومان","‏۳۴۷,۷۷۷,۰۰۰ تومان",,۱۴ تیر ۱۴۰۵، ۰۹:۲۴,https://divar.ir/v/gaJFvgAK
ملک کاملِ عرصه و اعیان سرمایه‌گذاری و کاربری تجاری,فروش,حاجی آباد,۲۹۹,۱۳۹۹,۴,"‏۲۷,۵۰۰,۰۰۰,۰۰۰ تومان","‏۹۱,۹۷۳,۰۰۰ تومان",۱ از ۲,۱۳ خرداد ۱۴۰۵، ۰۸:۴۶,https://divar.ir/v/gafgbl_n
زمین باغی مسکونی لاهیجان 4500 متر,فروش,لیالستان,,,,"‏۳۰,۰۰۰,۰۰۰,۰۰۰ تومان","‏۶,۶۶۶,۰۰۰ تومان",,۶ شهریور ۱۴۰۵، ۱۳:۲۲,https://divar.ir/v/gaRiFe4-
۴۰۰ متر زمین ویو نقاشی در گیلان,فروش,کوی خزر,,,,"‏۲,۵۰۰,۰۰۰,۰۰۰ تومان","‏۶,۲۵۰,۰۰۰ تومان",,۶ شهریور ۱۴۰۵، ۱۳:۱۴,https://divar.ir/v/gaRe1uVY
زمین بالوکیشن خوب مناسب سرمایه گذاری,فروش,آهندان,,,,"‏۲,۴۰۰,۰۰۰,۰۰۰ تومان","‏۲,۱۸۱,۰۰۰ تومان",,۲۴ مرداد ۱۴۰۵، ۱۰:۲۹,https://divar.ir/v/gaA2gznZ
زمین شیخ زاهد معاوضه با مغازه,فروش,شیخ زاهد,,,,"‏۳۵,۰۰۰,۰۰۰,۰۰۰ تومان","‏۶۸۶,۲۷۴,۰۰۰ تومان",,۶ شهریور ۱۴۰۵، ۱۲:۵۶,https://divar.ir/v/gaRSlRYv
فروش فوری یک واحدآپارتمان ۱۵۴متری فول هوشمند,فروش,لیل,۱۵۴,۱۴۰۵,۳,"‏۳۲,۳۰۰,۰۰۰,۰۰۰ تومان","‏۲۰۹,۷۴۰,۰۰۰ تومان",۱ از ۵,۶ شهریور ۱۴۰۵، ۱۲:۳۹,https://divar.ir/v/gaR-EVzJ
واحد ۶۰ متری دو خواب خوش نقشه بدون پرتی,رهن کامل,گلستان,۶۰,۱۳۹۵,۲,,,۳ از ۳,۶ شهریور ۱۴۰۵، ۱۲:۳۳,https://divar.ir/v/gaR6Ewop
بر اصلی گلستان یازده فول امکانات,فروش,گلستان,۹۱,۱۳۹۷,۲,"‏۱۳,۵۰۰,۰۰۰,۰۰۰ تومان","‏۱۴۸,۳۵۱,۰۰۰ تومان",۱,۶ شهریور ۱۴۰۵، ۱۲:۳۰,https://divar.ir/v/gaR6EGKh
فروش مغازه با مالکیت بر خیابان اصلی ___پیروز,فروش,حاجی آباد,۲۲,۱۴۰۵,بدون اتاق,"‏۱۰,۹۰۰,۰۰۰,۰۰۰ تومان","‏۴۹۵,۴۵۴,۰۰۰ تومان",,۱۷ تیر ۱۴۰۵، ۱۶:۲۱,https://divar.ir/v/gaOdUl4A
فروش آپارتمان تکواحد ۱۱۵ متری( بهشتی زوج),فروش,شیشه گران,۱۱۵,۱۴۰۵,۲,"‏۲۴,۵۰۰,۰۰۰,۰۰۰ تومان","‏۲۱۳,۰۴۳,۰۰۰ تومان",۳ از ۴,۴ شهریور ۱۴۰۵، ۱۱:۴۲,https://divar.ir/v/gaO-JuXl
اجاره در سادات محله,رهن و اجاره,آهندان,۷۰,۱۳۹۴,۲,,,۱,۶ شهریور ۱۴۰۵، ۱۲:۱۴,https://divar.ir/v/gaRqETrI
فروش آپارتمان تکواحدی (( کارگر فرد)) بر اصلی,فروش,رجایی,۱۴۸,۱۳۹۷,۳,"‏۲۴,۵۰۰,۰۰۰,۰۰۰ تومان","‏۱۶۵,۵۴۰,۰۰۰ تومان",۱ از ۵,۱۹ مرداد ۱۴۰۵، ۱۸:۴۰,https://divar.ir/v/ga5l-d6A
فروش آپارتمان تکواحدی ویو دار( سعدی زوج),فروش,کوه بیجار,۱۰۰,۱۴۰۴,۲,"‏۱۶,۰۰۰,۰۰۰,۰۰۰ تومان","‏۱۶۰,۰۰۰,۰۰۰ تومان",۴ از ۴,۲۱ مرداد ۱۴۰۵، ۰۳:۰۰,https://divar.ir/v/ga7BLTA9
زمین مسکونی روستای تموشل,فروش,آهندان,,,,"‏۳,۸۰۰,۰۰۰,۰۰۰ تومان","‏۱۳,۰۱۳,۰۰۰ تومان",,۶ شهریور ۱۴۰۵، ۱۲:۰۱,https://divar.ir/v/gaRekbPj
اجاره مطب پزشکی کوچه توکلی لاهیجان,رهن و اجاره,انقلاب,۸۵,۱۴۰۳,۲,,,۱,۱۲ مرداد ۱۴۰۵، ۱۸:۰۵,https://divar.ir/v/gawdqH4t
۹۰ متری_تک واحد_گلستان ۲۳_فول بازسازی,فروش,گلستان,۸۹,۱۳۸۹,۲,"‏۷,۹۵۰,۰۰۰,۰۰۰ تومان","‏۸۹,۳۲۵,۰۰۰ تومان",۳ از ۳,۱۹ تیر ۱۴۰۵، ۱۴:۱۸,https://divar.ir/v/gaQ1sucd
آپارتمان ۱۶۸ متری با ویوی باغ میرصفا,فروش,شقایق,۱۶۸,۱۳۹۷,۳,"‏۳۰,۰۰۰,۰۰۰,۰۰۰ تومان","‏۱۷۸,۵۷۱,۰۰۰ تومان",۱ از ۵,۹ مرداد ۱۴۰۵، ۱۰:۴۷,https://divar.ir/v/gastE4id
فروش زمین،زمین فروشی باغی،سرمایه گذاری،ساخت ویلا,فروش,لیالستان,,,,"‏۱۰,۵۰۰,۰۰۰,۰۰۰ تومان","‏۹,۶۲۴,۰۰۰ تومان",,۸ مرداد ۱۴۰۵، ۱۱:۲۱,https://divar.ir/v/garJwY1x
واگذاری مغازه آبمیوه بستنی,رهن و اجاره,کوی خزر,۳۰,۱۳۹۳,بدون اتاق,,,,۶ شهریور ۱۴۰۵، ۱۱:۴۰,https://divar.ir/v/gaRKUY7j
۱ واحد آپارتمان ۸۵ متری دو خواب فول امکانات,فروش,گلستان,۸۵,۱۴۰۵,۲,"‏۹,۰۰۰,۰۰۰,۰۰۰ تومان","‏۱۰۵,۸۸۲,۰۰۰ تومان",۳ از ۴,۶ شهریور ۱۴۰۵، ۱۱:۳۷,https://divar.ir/v/gaRGEtuv
زمین,فروش,آهندان,,,,"‏۴,۸۰۰,۰۰۰,۰۰۰ تومان","‏۱۲,۰۰۰,۰۰۰ تومان",,۶ شهریور ۱۴۰۵، ۱۱:۲۲,https://divar.ir/v/gaR6jNUJ
اجاره فروش سوله صنعتی بهداشتی,رهن و اجاره,آهندان,۲۰۰,۱۳۹۸,۱,,,,۲۷ مرداد ۱۴۰۵، ۰۸:۵۴,https://divar.ir/v/gaDCC_hE
۸۰۰ متر ویلا کاخ,رهن و اجاره,شیشه گران,۲۷۰,۱۴۰۲,۳,,,,۶ شهریور ۱۴۰۵، ۱۱:۱۰,https://divar.ir/v/gaRqz7l_
خانه ویلایی برای ساخت و‌ساز,فروش,شهرک سلمان فارسی,,,,"‏۲۶,۰۰۰,۰۰۰,۰۰۰ تومان","‏۱۰۹,۷۰۴,۰۰۰ تومان",,۶ شهریور ۱۴۰۵، ۱۰:۵۵,https://divar.ir/v/gaReTsKw
اجاره سوییت ۳۰ متری تک نفره,رهن و اجاره,جمهوری,۳۰,۱۴۰۵,بدون اتاق,,,,۶ شهریور ۱۴۰۵، ۱۰:۴۲,https://divar.ir/v/gaRSjfDp
خونه ویلایی فیاض,فروش,شهرک سلمان فارسی,۹۵,۱۳۹۰,۲,"‏۶,۴۰۰,۰۰۰,۰۰۰ تومان","‏۶۷,۳۶۸,۰۰۰ تومان",همکف,۳۱ مرداد ۱۴۰۵، ۲۲:۵۱,https://divar.ir/v/gaJaPk3h
زمین یاسر مسکونی زیر قیمت.فروش فوری,فروش,لیالستان,,,,"‏۱,۶۰۰,۰۰۰,۰۰۰ تومان","‏۱۶,۱۶۱,۰۰۰ تومان",,۱۷ مرداد ۱۴۰۵، ۱۸:۳۶,https://divar.ir/v/ga3VE3VN
فروش ویلا و زمین، مشاوره رایگان به همشهری اصفهانی,فروش,بوجایه,۱۰۰,۱۴۰۰,۲,"‏۵,۰۰۰,۰۰۰,۰۰۰ تومان","‏۱۰,۰۰۰,۰۰۰ تومان",,۲ شهریور ۱۴۰۵، ۱۵:۱۹,https://divar.ir/v/gaM-inaL
فروش ملک,فروش,بازکیاگوراب,۷۸,۱۴۰۱,۲,"‏۵,۶۰۰,۰۰۰,۰۰۰ تومان","‏۷۱,۷۹۴,۰۰۰ تومان",۲,۳ شهریور ۱۴۰۵، ۱۴:۲۸,https://divar.ir/v/gaNWXPkZ
ویلانوسازمدرن لاکچری کاشف شرقی,رهن و اجاره,شهید آوینی,۱۰۰,۱۴۰۴,۲,,,۱,۳۱ مرداد ۱۴۰۵، ۱۴:۱۴,https://divar.ir/v/gaJ2Xc27
1ثانیه تااستخر_91mفول شیک بروز,رهن کامل,گلستان,۹۱,۱۳۹۹,۲,,,۱,۲ شهریور ۱۴۰۵، ۱۱:۳۳,https://divar.ir/v/gaLqvcqN
فروش ملک دوبلکس مستقل و آموزشگاه فعال در شیشه گران,فروش,شیشه گران,۱۱۰,۱۳۹۸,۴,"‏۲۷,۵۰۰,۰۰۰,۰۰۰ تومان","‏۲۵۰,۰۰۰,۰۰۰ تومان",۱,۲۳ مرداد ۱۴۰۵، ۱۶:۳۳,https://divar.ir/v/ga_JBGI-
واحد شیک ۷۵متری طبقه۲,فروش,حاجی آباد,۷۵,۱۴۰۰,۲,"‏۶,۰۰۰,۰۰۰,۰۰۰ تومان","‏۸۰,۰۰۰,۰۰۰ تومان",۲ از ۲,۶ شهریور ۱۴۰۵، ۰۹:۳۶,https://divar.ir/v/gaRWyU2q
تک واحدی ویو ابدی بر اصلی شیخ زاهد,فروش,گلستان,,,,,,,۶ شهریور ۱۴۰۵، ۰۹:۲۸,https://divar.ir/v/gaRKiuVO
فروش واحد ۷۲ متری,فروش,شهید آوینی,۷۲,۱۳۹۸,۲,"‏۱۰,۸۰۰,۰۰۰,۰۰۰ تومان","‏۱۵۰,۰۰۰,۰۰۰ تومان",۲ از ۳,۳ شهریور ۱۴۰۵، ۱۰:۴۰,https://divar.ir/v/gaN-zyg4
ویلا باغ ۶۵۰ متر مسکونی،استخردار سند تکبرگ,فروش,شقایق,۱۴۰,۱۳۹۸,۳,"‏۲۵,۰۰۰,۰۰۰,۰۰۰ تومان","‏۳۸,۴۶۱,۰۰۰ تومان",,۱ تیر ۱۴۰۵، ۱۷:۵۵,https://divar.ir/v/ga5YQJ8A
اجاره بلند مدت یکساله سوئیت 63 متری,رهن و اجاره,لیالستان,۶۳,۱۳۹۰,۱,,,,۱۹ تیر ۱۴۰۵، ۲۲:۳۶,https://divar.ir/v/gaRJkp5z
فروش فوری زمین در دستک,فروش,رجایی,,,,"‏۶,۳۶۰,۰۰۰,۰۰۰ تومان","‏۲۰,۰۰۰,۰۰۰ تومان",,۲۱ مرداد ۱۴۰۵، ۰۰:۲۰,https://divar.ir/v/ga7ho6ME
فروش واحد مستقل دوخواب لاهیجان,فروش,آهندان,۹۰,۱۳۹۵,۲,"‏۷,۹۰۰,۰۰۰,۰۰۰ تومان","‏۸۷,۷۷۷,۰۰۰ تومان",۱,۶ شهریور ۱۴۰۵، ۰۸:۵۱,https://divar.ir/v/gaRqhT0a
فروش یه واحد ۱۱۰متری در گلستان طبقه چهار,فروش,گلستان,۱۱۰,۱۴۰۱,۲,"‏۱۲,۴۰۰,۰۰۰,۰۰۰ تومان","‏۱۱۲,۷۲۷,۰۰۰ تومان",۴ از ۴,۶ شهریور ۱۴۰۵، ۰۸:۱۷,https://divar.ir/v/gaRKhrhA
آپارتمان کلید نخورده,فروش,شهرک فرهنگیان,۱۳۳,۱۴۰۵,۳,"‏۱۸,۲۰۰,۰۰۰,۰۰۰ تومان","‏۱۳۶,۸۴۲,۰۰۰ تومان",۱ از ۸,۶ شهریور ۱۴۰۵، ۰۸:۰۹,https://divar.ir/v/gaRCBlku
فروش زمین مسکونی باپروانه ساخت وبنا,فروش,لیالستان,,,,"‏۳,۸۵۰,۰۰۰,۰۰۰ تومان","‏۱۱,۵۹۶,۰۰۰ تومان",,۲۵ مرداد ۱۴۰۵، ۲۰:۲۴,https://divar.ir/v/gaBqOz7H
فروش زمین مسکونی,فروش,آهندان,,,,"‏۴,۰۰۰,۰۰۰,۰۰۰ تومان","‏۱۶,۰۰۰,۰۰۰ تومان",,۶ شهریور ۱۴۰۵، ۰۵:۵۲,https://divar.ir/v/gaQC_kRN
زمین فروشی,فروش,بوجایه,,,,"‏۹,۳۰۷,۰۰۰,۰۰۰ تومان","‏۴۱,۰۰۰,۰۰۰ تومان",,۶ شهریور ۱۴۰۵، ۰۵:۴۵,https://divar.ir/v/gaQ-ePUm
فروش زمین در لاهیجان روستای کابیجار,فروش,لیل,,,,"‏۴,۶۲۰,۰۰۰,۰۰۰ تومان","‏۶,۰۰۰,۰۰۰ تومان",,۶ شهریور ۱۴۰۵، ۰۲:۴۱,https://divar.ir/v/gaQOM8Wr
دو قطعه زمین ۱۷۳ متری چسبیده به هم در لاهیجان,فروش,لیل,,,,"‏۳۴۰,۰۰۰,۰۰۰ تومان","‏۱,۹۶۵,۰۰۰ تومان",,۶ شهریور ۱۴۰۵، ۰۰:۵۵,https://divar.ir/v/gaQuaPAP
۵۶۰ متر مسکونی زمین ویو دار ابدی کابیجار ـ سرچشمه,فروش,لیل,,,,"‏۷,۰۰۰,۰۰۰,۰۰۰ تومان","‏۱۲,۵۰۰,۰۰۰ تومان",,۶ شهریور ۱۴۰۵، ۰۰:۳۹,https://divar.ir/v/gaQeqH08
اجاره واحد در وحدت,رهن و اجاره,بوجایه,۷۰,۱۳۹۴,۲,,,۱,۶ شهریور ۱۴۰۵، ۰۰:۱۱,https://divar.ir/v/gaQCakMt
فروش عالی انبار,فروش,بوجایه,,,,"‏۳,۰۰۰,۰۰۰,۰۰۰ تومان","‏۳۴,۸۸۳,۰۰۰ تومان",,۵ شهریور ۱۴۰۵، ۲۲:۴۲,https://divar.ir/v/gaQuovD6
فروش فوری انبار,فروش,آهندان,,,بدون اتاق,"‏۳,۰۰۰,۰۰۰,۰۰۰ تومان","‏۳۵,۲۹۴,۰۰۰ تومان",,۵ شهریور ۱۴۰۵، ۲۲:۳۴,https://divar.ir/v/gaQmY9RK
1خ.رهن واجاره. 300,رهن و اجاره,لیالستان,۶۰,۱۳۸۰,۱,,,,۲۶ مرداد ۱۴۰۵، ۱۰:۲۹,https://divar.ir/v/gaCGLAS6
زمین۳۷۰مترویلاشهری_۳بر۲کله بالاشهر_اخرین پلاک جنگل,فروش,شهید آوینی,,,,"‏۴۷,۰۰۰,۰۰۰,۰۰۰ تومان","‏۱۲۷,۰۲۷,۰۰۰ تومان",,۵ شهریور ۱۴۰۵، ۲۲:۱۲,https://divar.ir/v/gaQ6X2NG
اجاره خانه ۶۰ متری,رهن و اجاره,آهندان,۶۰,۱۴۰۰,۱,,,,۵ شهریور ۱۴۰۵، ۲۱:۵۵,https://divar.ir/v/gaQG4C4v
ویلایی مرکز شهر بازسازی شده,فروش,فیاض,۱۰۰,۱۳۷۷,۳,"‏۱۲,۰۰۰,۰۰۰,۰۰۰ تومان","‏۱۲۰,۰۰۰,۰۰۰ تومان",,۱۳ تیر ۱۴۰۵، ۱۰:۳۴,https://divar.ir/v/gaIBLWR5
انتخاب شماره یک سرمایه گذاران_تمامامسکونی کوهستانی,فروش,آهندان,,,,"‏۱۷,۰۰۰,۰۰۰,۰۰۰ تومان","‏۱۷,۰۰۰,۰۰۰ تومان",,۷ تیر ۱۴۰۵، ۱۹:۰۴,https://divar.ir/v/gaB5D9Ki
الماس3هکتاری ساحلی_ساخت برج،شهرک_پروژه های گردشگری,فروش,شیخ زاهد,,,,"‏۶۰۰,۰۰۰,۰۰۰,۰۰۰ تومان","‏۲۰,۰۰۰,۰۰۰ تومان",,۷ تیر ۱۴۰۵، ۱۹:۰۶,https://divar.ir/v/gaB9jhJ6
زمینی خاص برای باغ‌رستوران_مجموعه گردشگری_نخجیر,فروش,گلستان,,,,"‏۶۵,۰۰۰,۰۰۰,۰۰۰ تومان","‏۱۷,۸۹۱,۰۰۰ تومان",,۷ تیر ۱۴۰۵، ۲۰:۳۵,https://divar.ir/v/gaBRlQIk
پنت‌هاوس لوکس 360متری_تراس قابل چیدمان_کم‌نظیر،خاص,فروش,شیشه گران,۳۷۰,۱۴۰۵,۴,"‏۸۵,۰۰۰,۰۰۰,۰۰۰ تومان","‏۲۲۹,۷۲۹,۰۰۰ تومان",۶ از ۶,۶ مرداد ۱۴۰۵، ۲۲:۰۱,https://divar.ir/v/gaoR_UYS
زمین ۶۵۰ متری_ایده‌آل ساخت ویلا_لوکیشن برنددره‌جیر,فروش,آهندان,,,,"‏۱۸,۸۵۰,۰۰۰,۰۰۰ تومان","‏۲۹,۰۰۰,۰۰۰ تومان",,۹ خرداد ۱۴۰۵، ۰۴:۳۲,https://divar.ir/v/gaacjHGh
۸۵ متر کلید نخورده میدان انتظام,فروش,حاجی آباد,۸۵,۱۴۰۵,۲,"‏۹,۳۵۰,۰۰۰,۰۰۰ تومان","‏۱۱۰,۰۰۰,۰۰۰ تومان",۳ از ۴,۲۳ مرداد ۱۴۰۵، ۰۲:۱۵,https://divar.ir/v/ga-hE_eB
ویلا نوساز ۲۵۰ متری _ چوشل لاهیجان,فروش,شیشه گران,۱۰۰,۱۴۰۵,۲,"‏۷,۵۰۰,۰۰۰,۰۰۰ تومان","‏۳۰,۰۰۰,۰۰۰ تومان",,۵ شهریور ۱۴۰۵، ۲۱:۴۴,https://divar.ir/v/gaQ6nE0P
۱۶۵ متر کلید نخورده میدان انتظام,فروش,حاجی آباد,۱۶۵,۱۴۰۵,۳,"‏۱۸,۱۵۰,۰۰۰,۰۰۰ تومان","‏۱۱۰,۰۰۰,۰۰۰ تومان",۴ از ۴,۱۷ خرداد ۱۴۰۵، ۱۳:۰۱,https://divar.ir/v/galoDSNM
واحد اداری کلیدنخورده دو خواب بر اصلی شقایق,رهن کامل,شقایق,۸۰,۱۴۰۵,۲,,,۱,۵ شهریور ۱۴۰۵، ۲۱:۳۹,https://divar.ir/v/gaQ2nTGO
مغازه بر اصلی شقایق بدون مشابه,رهن کامل,شقایق,۸۰,۱۴۰۵,بدون اتاق,,,,۵ شهریور ۱۴۰۵، ۲۱:۳۵,https://divar.ir/v/gaQyHQDo
فروش آپارتمان ۹۶م لاهیجان بلوار امام رضا جنب استخر,فروش,کوی خزر,۹۶,۱۳۹۸,۲,"‏۱۴,۰۰۰,۰۰۰,۰۰۰ تومان","‏۱۴۵,۸۳۳,۰۰۰ تومان",۱ از ۵,۵ شهریور ۱۴۰۵، ۲۱:۲۴,https://divar.ir/v/gaQmnDQ8
۹۰متری خوش نقشه کوچه نوربخش,رهن و اجاره,کوی آزادگان,۹۰,۱۳۹۵,۲,,,۳,۵ شهریور ۱۴۰۵، ۲۱:۱۲,https://divar.ir/v/gaQanvMH
فروش یا تهاتر آپارتمان 96 متری نوساز در سنگر,فروش,گلستان,۹۶,۱۴۰۳,۲,"‏۶,۶۳۵,۰۰۰,۰۰۰ تومان","‏۶۹,۱۱۴,۰۰۰ تومان",۱,۳۱ مرداد ۱۴۰۵، ۱۶:۴۹,https://divar.ir/v/gaJG6c97
اجاره خانه در روستای کوشال,رهن و اجاره,لیالستان,۸۰,قبل از ۱۳۷۰,۲,,,,۵ شهریور ۱۴۰۵، ۲۰:۵۹,https://divar.ir/v/gaQOH4dv
زمین در اسپیلی ۱۰۰۰ متری,فروش,قیام,,,,"‏۲,۴۰۰,۰۰۰,۰۰۰ تومان","‏۲,۳۸۳,۰۰۰ تومان",,۲۵ تیر ۱۴۰۵، ۲۲:۵۷,https://divar.ir/v/gaZBTap7
زمین ۷۵۰ متری,فروش,حزین,,,,"‏۳,۵۰۰,۰۰۰,۰۰۰ تومان","‏۴,۶۲۹,۰۰۰ تومان",,۳ مرداد ۱۴۰۵، ۲۱:۰۸,https://divar.ir/v/gakRPG9C
پیش فروش ۱۳۳ متری در سعدی,فروش,کوه بیجار,,,,,,,۵ شهریور ۱۴۰۵، ۲۰:۵۴,https://divar.ir/v/gaQKnnvn
ویلا 85 متری...,رهن و اجاره,بازکیاگوراب,۸۵,۱۴۰۳,۱,,,,۲ شهریور ۱۴۰۵، ۰۸:۱۰,https://divar.ir/v/gaLqMP26
فروش زمین ویودار با کاربری مسکونی سند تک برگ,فروش,لیل,,,,"‏۱۷,۰۰۰,۰۰۰,۰۰۰ تومان","‏۲۰,۳۸۳,۰۰۰ تومان",,۵ شهریور ۱۴۰۵، ۲۰:۴۲,https://divar.ir/v/gaQ-WoDg
فروش زمین در لاهیجان روستای درجیره,فروش,آهندان,,,,"‏۱۱,۰۰۰,۰۰۰,۰۰۰ تومان","‏۱۱,۰۰۰,۰۰۰ تومان",,۵ شهریور ۱۴۰۵، ۲۰:۴۰,https://divar.ir/v/gaQ-mZ3S
زیرقیمت بازار هزارسیصدپنجامترزمین باغی روستای گمل,فروش,لیل,,,,"‏۱,۱۰۰,۰۰۰,۰۰۰ تومان","‏۸۱۴,۰۰۰ تومان",,۲۴ مرداد ۱۴۰۵، ۲۰:۳۰,https://divar.ir/v/gaAq5UZt
ویلاهای منتخب هفته، لاهیجان و اطراف,فروش,گلستان,۱۲۰,۱۴۰۵,۳,"‏۵,۰۰۰,۰۰۰,۰۰۰ تومان","‏۵,۰۰۰,۰۰۰ تومان",,۱۹ مرداد ۱۴۰۵، ۱۸:۰۷,https://divar.ir/v/ga5FO5Up
فروش ویلادر دل کوه جنگل ورودخانه معاوضه باآپارتمان,فروش,کوی زمانی,۱۰۰,۱۴۰۰,۲,"‏۱۳,۰۰۰,۰۰۰,۰۰۰ تومان","‏۲۶,۰۰۰,۰۰۰ تومان",,۵ شهریور ۱۴۰۵، ۲۰:۲۶,https://divar.ir/v/gaQuW2fr
فروش فوری سوعیت,فروش,کوی زمانی,۵۰,۱۴۰۴,۱,"‏۶,۵۰۰,۰۰۰,۰۰۰ تومان","‏۱۳۰,۰۰۰,۰۰۰ تومان",همکف,۵ شهریور ۱۴۰۵، ۲۰:۲۲,https://divar.ir/v/gaQqG5VZ
۱۰۰ متر زمین باغی در لاهیجان در ارتفاع باویوی ابدی,فروش,لیل,,,,"‏۳۲۰,۰۰۰,۰۰۰ تومان","‏۳,۲۰۰,۰۰۰ تومان",,۵ شهریور ۱۴۰۵، ۲۰:۱۹,https://divar.ir/v/gaQqmiR3
اجاره ویلایی روستایی,رهن و اجاره,آهندان,۷۰,۱۳۷۹,۱,,,,۵ شهریور ۱۴۰۵، ۲۰:۱۹,https://divar.ir/v/gaQqWfm5
فروش ویلا لاهیجان بازکیاگوراب,فروش,بازکیاگوراب,۷۳,۱۴۰۵,۲,"‏۶,۰۰۰,۰۰۰,۰۰۰ تومان","‏۴۰,۰۰۰,۰۰۰ تومان",,۸ مرداد ۱۴۰۵، ۱۷:۴۴,https://divar.ir/v/garxVPuX
فروش فوری ویلای نوساز و کلید نخورده,فروش,گلستان,۱۰۰,۱۴۰۴,۳,"‏۶,۰۰۰,۰۰۰,۰۰۰ تومان","‏۲۶,۰۸۶,۰۰۰ تومان",,۲۴ مرداد ۱۴۰۵، ۱۶:۱۹,https://divar.ir/v/gaA-V_Ib
فروش دو قطعه زمین ۲۱۲ متری,فروش,لیل,,,,"‏۱۰۰,۰۰۰,۰۰۰,۰۰۰ تومان","‏۴۷۱,۶۹۸,۰۰۰ تومان",,۵ شهریور ۱۴۰۵، ۱۹:۵۶,https://divar.ir/v/gaQyFsKF
۱۰۰ متر صفر سند ششدانگ,فروش,جمهوری,,,,,,,۵ شهریور ۱۴۰۵، ۱۹:۵۱,https://divar.ir/v/gaQ-0qPQ
68متری شیک اول خیابان سوستان نزدیک میدان دانشگاه,رهن و اجاره,کوی استادان,۶۸,۱۳۹۶,۲,,,۲,۵ شهریور ۱۴۰۵، ۱۹:۴۷,https://divar.ir/v/gaQKW0fN
فروش واحد نقلی مهرگان,فروش,مهرگان,۷۲,۱۴۰۱,۲,"‏۱۰,۵۰۰,۰۰۰,۰۰۰ تومان","‏۱۴۵,۸۳۳,۰۰۰ تومان",۲ از ۳,۵ شهریور ۱۴۰۵، ۱۸:۵۲,https://divar.ir/v/gaQaFGQm
فروش زمین مسکونی با سند تک برگ پاشاکی زیر قیمت,فروش,لفمجان,,,,"‏۵,۷۰۰,۰۰۰,۰۰۰ تومان","‏۶,۰۴۴,۰۰۰ تومان",,۳۰ مرداد ۱۴۰۵، ۱۱:۵۷,https://divar.ir/v/gaIuwfCE
رهن اجاره ویلا منطقه بازکیاگوراب مبله لوکس لوکس,رهن و اجاره,بازکیاگوراب,۱۵۵,۱۴۰۳,۲,,,,۱۸ مرداد ۱۴۰۵، ۱۸:۰۰,https://divar.ir/v/ga49GfHk
زمین جنب استخر هم بصورت نقد هم تهاتر با واحد,فروش,کوی خزر,,,,"‏۳۵,۷۵۰,۰۰۰,۰۰۰ تومان","‏۱۳۰,۰۰۰,۰۰۰ تومان",,۱۸ مرداد ۱۴۰۵، ۱۴:۴۲,https://divar.ir/v/ga4B2juN
ویلا نقلی شخصی در محیطی آرام,فروش,بازکیاگوراب,۵۰,۱۳۹۷,۲,"‏۳,۸۰۰,۰۰۰,۰۰۰ تومان","‏۳۱,۶۶۶,۰۰۰ تومان",,۵ شهریور ۱۴۰۵، ۱۸:۴۵,https://divar.ir/v/gaQS1YWd
ویلایی همراه با زمین پانصد متری، کوهپایه ای .,فروش,آهندان,۷۰,۱۳۸۹,۱,"‏۹,۸۰۰,۰۰۰,۰۰۰ تومان","‏۱۹,۶۰۰,۰۰۰ تومان",,۲۸ مرداد ۱۴۰۵، ۱۴:۱۷,https://divar.ir/v/gaFiYdCo
فروش مستقل تریبلکس چند قدمی استخر لاهیجان,فروش,کوی آزادگان,۱۰۰,۱۳۹۰,۳,"‏۱۵,۵۰۰,۰۰۰,۰۰۰ تومان","‏۱۵۵,۰۰۰,۰۰۰ تومان",۱ از ۳,۲۲ مرداد ۱۴۰۵، ۱۱:۰۸,https://divar.ir/v/ga9RHL8L
رهن اجاره مغازه رسالت ۳۳ .مساحت ۳۰ متری,رهن کامل,لیالستان,۳۰,۱۳۹۵,بدون اتاق,,,,۲۶ مرداد ۱۴۰۵، ۱۸:۰۵,https://divar.ir/v/gaDyRBhz
دوقطعه زمین ۷۰۰متری چسبیده به هم جهت فروش,فروش,بازکیاگوراب,,,,"‏۱,۸۵۰,۰۰۰,۰۰۰ تومان","‏۲,۶۴۲,۰۰۰ تومان",,۲۴ مرداد ۱۴۰۵، ۰۷:۰۱,https://divar.ir/v/ga_1NO4s
فروش زمین زمین تالاب حاجی آباد لاهیجان ۱۹۸متر,فروش,کوی خزر,,,,"‏۲,۱۵۰,۰۰۰,۰۰۰ تومان","‏۱۰,۷۵۰,۰۰۰ تومان",,۱۰ مرداد ۱۴۰۵، ۰۷:۲۷,https://divar.ir/v/gat5GM4_
رهن اجاره مغازه اوایل بعثت .قابل تبدیل هم هست,رهن و اجاره,گلستان,۱۸,۱۳۹۰,بدون اتاق,,,,۴ شهریور ۱۴۰۵، ۲۲:۲۸,https://divar.ir/v/gaPaz4fw
اجاره مغازه براصلی نخجیر یازده .با سرویس بهداشتی,رهن و اجاره,لیالستان,۲۷,۱۳۹۵,بدون اتاق,,,,۵ شهریور ۱۴۰۵، ۱۰:۰۴,https://divar.ir/v/gaPqdTlH
ویوشیطانکوه خیابون کارگر_ نورگیرشیکFull,فروش,رجایی,۶۶,۱۳۹۹,۱,"‏۸,۵۰۰,۰۰۰,۰۰۰ تومان","‏۱۲۸,۷۸۷,۰۰۰ تومان",۲,۲۲ مرداد ۱۴۰۵، ۱۶:۳۲,https://divar.ir/v/ga9BcIhf
فروش زمین ۲۶۰ متری چوشل,فروش,شیخ زاهد,,,,"‏۷,۵۰۰,۰۰۰,۰۰۰ تومان","‏۲۸,۸۴۶,۰۰۰ تومان",,۹ مرداد ۱۴۰۵، ۱۳:۴۰,https://divar.ir/v/gasRXhJ8
پیش فروش آپارتمان گلستان زوج,فروش,گلستان,,,,,,,۵ شهریور ۱۴۰۵، ۱۸:۲۶,https://divar.ir/v/gaQ-UzRy
اجاره ویلای لاکچری همراه با استخر چهار فصل,رهن و اجاره,بازکیاگوراب,۱۳۰,۱۴۰۴,۴,,,,۵ شهریور ۱۴۰۵، ۱۸:۰۸,https://divar.ir/v/gaQuUuP8
فروش مغازه ۱۲ متری در پاساژ ارژنگ,فروش,انقلاب,۱۲,۱۳۹۱,بدون اتاق,"‏۲,۱۰۰,۰۰۰,۰۰۰ تومان","‏۱۷۵,۰۰۰,۰۰۰ تومان",,۱۰ فروردین ۱۴۰۵، ۱۶:۳۳,https://divar.ir/v/QaKXmS1X
اجاره آپارتمان 170 متری کارگر,رهن و اجاره,شیشه گران,۱۷۰,۱۴۰۴,۳,,,۲ از ۵,۲۷ مرداد ۱۴۰۵، ۱۸:۵۸,https://divar.ir/v/gaEm35Kq
زمین گیلان لاهیجان با سند تک برگ کاربری مسکونی,فروش,لیالستان,,,,"‏۴,۳۰۰,۰۰۰,۰۰۰ تومان","‏۹,۱۴۸,۰۰۰ تومان",,۴ مرداد ۱۴۰۵، ۰۲:۳۶,https://divar.ir/v/gal5DZ3L
خانه ویلایی,فروش,فیاض,۱۱۰,۱۳۸۰,۲,"‏۳۸,۰۰۰,۰۰۰,۰۰۰ تومان","‏۱۹۰,۰۰۰,۰۰۰ تومان",,۵ شهریور ۱۴۰۵، ۱۷:۴۲,https://divar.ir/v/gaQWUsm6
250 متر زمین _ سند تک برگ_ بر آسفالت,فروش,کوی زمانی,,,,"‏۲,۷۵۰,۰۰۰,۰۰۰ تومان","‏۱۱,۰۰۰,۰۰۰ تومان",,۵ شهریور ۱۴۰۵، ۱۷:۳۵,https://divar.ir/v/gaQOk7NE
زمین ۵۰۰مترابتدا شیخ زاهدمناسب ساخت _فوق کاسبی,فروش,شیخ زاهد,,,,"‏۷۵,۰۰۰,۰۰۰,۰۰۰ تومان","‏۱۵۰,۰۰۰,۰۰۰ تومان",,۵ شهریور ۱۴۰۵، ۱۷:۲۸,https://divar.ir/v/gaQKUhlB
4560 متر شالیزار,فروش,کوی استادان,,,بدون اتاق,"‏۲,۹۷۰,۰۰۰,۰۰۰ تومان","‏۶۵۱,۰۰۰ تومان",,۵ شهریور ۱۴۰۵، ۱۷:۲۶,https://divar.ir/v/gaQGUxvT
1500 متر زمین کشاورزی,فروش,کاروانسرابر,,,بدون اتاق,"‏۹۷۵,۰۰۰,۰۰۰ تومان","‏۶۵۰,۰۰۰ تومان",,۵ شهریور ۱۴۰۵، ۱۷:۱۸,https://divar.ir/v/gaQCEEiR
خانه مستقل دو طبقه همراه بهارخواب,فروش,بازکیاگوراب,۳۰۰,۱۳۹۰,۲,"‏۱۳,۵۰۰,۰۰۰,۰۰۰ تومان","‏۴۵,۰۰۰,۰۰۰ تومان",۲ از ۲,۵ شهریور ۱۴۰۵، ۱۷:۱۶,https://divar.ir/v/gaQ-jUEg
فروش زمین مسکونی,فروش,لیالستان,,,,"‏۴,۵۰۰,۰۰۰,۰۰۰ تومان","‏۲۲,۵۰۰,۰۰۰ تومان",,۵ شهریور ۱۴۰۵، ۱۷:۱۳,https://divar.ir/v/gaQ6jtCW
پیش فورش واحد 110 متری در میدان معلم,فروش,شیشه گران,,,,,,,۵ شهریور ۱۴۰۵، ۱۷:۰۹,https://divar.ir/v/gaQ2z25g
زمین باغی مسکونی با پروانه ساخت,فروش,آهندان,,,,"‏۱۸,۰۰۰,۰۰۰,۰۰۰ تومان","‏۱۲,۰۰۰,۰۰۰ تومان",,۱۷ مرداد ۱۴۰۵، ۱۹:۳۲,https://divar.ir/v/ga3NVE0d
فروش فوری,فروش,گلستان,,,,,,,۲۲ اسفند ۱۴۰۴، ۱۳:۱۱,https://divar.ir/v/Qazesozg
اجاره یا رهن یک واحد ویلایی,رهن و اجاره,بازکیاگوراب,۶۰,۱۴۰۲,۱,,,,۱۴ مرداد ۱۴۰۵، ۲۰:۴۶,https://divar.ir/v/gaz92fPL
واحد ۱۱۰مترنوسازلاکچری_ فوق کاسبی _چسبیده ب استخر,فروش,گلستان,۱۱۰,۱۴۰۵,۲,"‏۱۸,۵۰۰,۰۰۰,۰۰۰ تومان","‏۱۶۸,۱۸۱,۰۰۰ تومان",۳,۵ شهریور ۱۴۰۵، ۱۶:۵۰,https://divar.ir/v/gaQmjr-4
فروش فوری زمین مسکونی با پروانه,فروش,قیام,,,,"‏۶,۸۰۰,۰۰۰,۰۰۰ تومان","‏۱۶,۸۳۱,۰۰۰ تومان",,۲۱ خرداد ۱۴۰۵، ۱۰:۵۳,https://divar.ir/v/gaqkF24R
واحدتجاری پزشکی اداری _لاهیجان_,فروش,قیام,۸۲,۱۳۹۰,۱,"‏۸,۲۰۰,۰۰۰,۰۰۰ تومان","‏۱۰۰,۰۰۰,۰۰۰ تومان",۴,۵ شهریور ۱۴۰۵، ۱۶:۵۰,https://divar.ir/v/gaQmjfU1
فروش فوری زمین با سند تک برگ,فروش,شهید آوینی,,,,"‏۴,۷۰۰,۰۰۰,۰۰۰ تومان","‏۱۵,۶۶۶,۰۰۰ تومان",,۱۸ مرداد ۱۴۰۵، ۱۴:۳۲,https://divar.ir/v/ga4h1hWK
اجاره مغازه در انقلاب,رهن و اجاره,فیاض,۱۸,۱۳۸۰,بدون اتاق,,,,۵ شهریور ۱۴۰۵، ۱۶:۴۹,https://divar.ir/v/gaQmTU5N
براصلی علیسرود بدون واسطه با پروانه,فروش,لیل,,,,"‏۸,۵۰۰,۰۰۰,۰۰۰ تومان","‏۱۷,۰۰۰,۰۰۰ تومان",,۱۷ مرداد ۱۴۰۵، ۱۵:۳۵,https://divar.ir/v/ga3tBaJr
زمین باتغییرکاربری ومجوزساخت,فروش,لیالستان,,,,"‏۱۵,۲۰۰,۰۰۰,۰۰۰ تومان","‏۳۳,۳۳۳,۰۰۰ تومان",,۵ شهریور ۱۴۰۵، ۱۶:۲۲,https://divar.ir/v/gaQGjAuf
۸۰متر بسیارخوش‌نقشه‌ با۲تراس‌ و غرق‌نور,فروش,شیشه گران,۸۰,۱۳۹۳,۲,"‏۵,۳۰۰,۰۰۰,۰۰۰ تومان","‏۶۶,۲۵۰,۰۰۰ تومان",۱,۳۰ مرداد ۱۴۰۵، ۰۰:۲۰,https://divar.ir/v/gaHimDPn
فروش شالیزار در لاهیجان,فروش,قیام,,,,"‏۲,۸۰۰,۰۰۰,۰۰۰ تومان","‏۵۰۹,۰۰۰ تومان",,۵ شهریور ۱۴۰۵، ۱۶:۰۰,https://divar.ir/v/gaQ2yr86
۱۷ملیاردمرکز شهر عرصه و عیان با خانه دوطبقه ۲۶۵متر,فروش,امیرشهید,,,,"‏۱۷,۰۰۰,۰۰۰,۰۰۰ تومان","‏۶۴,۱۵۰,۰۰۰ تومان",,۳۱ تیر ۱۴۰۵، ۱۱:۴۲,https://divar.ir/v/gagtXPM_
ویلا دونبش,فروش,بازکیاگوراب,۷۵,۱۳۸۳,۱,"‏۷,۲۰۰,۰۰۰,۰۰۰ تومان","‏۳۳,۶۴۴,۰۰۰ تومان",,۵ شهریور ۱۴۰۵، ۱۵:۴۹,https://divar.ir/v/gaQqyZw6
خانه در رزمندگان ۱۱ کوی زمانی لاهیجان,فروش,کوی زمانی,۹۰,۱۳۸۷,۲,"‏۷,۶۵۰,۰۰۰,۰۰۰ تومان","‏۸۵,۰۰۰,۰۰۰ تومان",همکف از ۳,۵ شهریور ۱۴۰۵، ۱۵:۴۷,https://divar.ir/v/gaQqC2Ug
خانه مسکونی ۶۵۰متری دیلمان,فروش,کوی زمانی,۸۵,۱۳۸۰,۲,"‏۴,۷۰۰,۰۰۰,۰۰۰ تومان","‏۷,۲۳۰,۰۰۰ تومان",,۲۰ تیر ۱۴۰۵، ۱۴:۳۵,https://divar.ir/v/gaQJwlrU
واحد170مترط اخرتماماویوجنگل ابد_بام سبزبرندلاهیجان,فروش,رجایی,۱۷۰,۱۴۰۵,۳,"‏۳۵,۰۰۰,۰۰۰,۰۰۰ تومان","‏۲۰۵,۸۸۲,۰۰۰ تومان",۵ از ۲,۵ شهریور ۱۴۰۵، ۱۵:۳۸,https://divar.ir/v/gaQiij9U
زمین,فروش,لیل,,,,"‏۱,۵۳۷,۰۰۰,۰۰۰ تومان","‏۷,۴۹۷,۰۰۰ تومان",,۵ شهریور ۱۴۰۵، ۱۵:۳۳,https://divar.ir/v/gaQeyiGF
۱۰۰۰مترزمین تمام مسکونی درکتشال فقط متری۲۰ م,فروش,کوه بیجار,,,,"‏۲۰,۰۰۰,۰۰۰,۰۰۰ تومان","‏۲۰,۰۰۰,۰۰۰ تومان",,۵ شهریور ۱۴۰۵، ۱۵:۲۰,https://divar.ir/v/gaQSCHRr
فروش ویلا در لاهیجان,فروش,آهندان,۱۶۴,۱۴۰۳,۳,"‏۳۲,۰۰۰,۰۰۰,۰۰۰ تومان","‏۵۳,۳۳۳,۰۰۰ تومان",,۵ شهریور ۱۴۰۵، ۱۵:۱۸,https://divar.ir/v/gaQOy0OB
واحد۱۱۰مترطبقه اخر_ویودارترین_ لوکیشن برندلاهیجان,فروش,شیخ زاهد,۱۱۰,۱۴۰۵,۲,"‏۱۴,۷۰۰,۰۰۰,۰۰۰ تومان","‏۱۳۳,۶۳۶,۰۰۰ تومان",۴ از ۴,۵ شهریور ۱۴۰۵، ۱۵:۱۶,https://divar.ir/v/gaQOSkJm
زمین لب اسفالت تاپ لول,فروش,لفمجان,,,,"‏۲,۲۰۰,۰۰۰,۰۰۰ تومان","‏۸,۵۹۳,۰۰۰ تومان",,۵ شهریور ۱۴۰۵، ۱۵:۱۳,https://divar.ir/v/gaQKCjIr
اجاره آپارتمان نبش یاسر ۸,رهن و اجاره,لیالستان,۷۰,۱۳۹۴,۲,,,۲,۵ شهریور ۱۴۰۵، ۱۲:۰۹,https://divar.ir/v/gaPe_ukm
فروش آپارتمان71 متری + بام تهرانی,فروش,حاجی آباد,۷۱,۱۴۰۰,۲,"‏۵,۴۹۰,۰۰۰,۰۰۰ تومان","‏۷۷,۳۲۳,۰۰۰ تومان",۱ از ۲,۳۱ مرداد ۱۴۰۵، ۰۱:۰۶,https://divar.ir/v/gaISMw8a
اپارتمان 77 متری شیک در خیابان کیاموسوی خوش قیمت,فروش,پردسر,۷۷,۱۳۹۶,۲,"‏۵,۸۵۰,۰۰۰,۰۰۰ تومان","‏۷۵,۹۷۴,۰۰۰ تومان",۳ از ۳,۳ تیر ۱۴۰۵، ۱۴:۲۱,https://divar.ir/v/ga7YrmSf
فروش زمین در لاهیجان با چک صیادی,فروش,بازکیاگوراب,,,,"‏۵۰۰,۰۰۰,۰۰۰ تومان","‏۲,۵۰۰,۰۰۰ تومان",,۸ اردیبهشت ۱۴۰۵، ۰۱:۴۲,https://divar.ir/v/Qav_dKnJ
زمین مسکونی و زراعی,فروش,لفمجان,,,,"‏۳,۸۸۰,۰۰۰,۰۰۰ تومان","‏۳,۴۹۸,۰۰۰ تومان",,۵ شهریور ۱۴۰۵، ۱۴:۴۵,https://divar.ir/v/gaQuh3gR
اجاره خانه,رهن کامل,گلستان,۷۵,۱۳۹۸,۲,,,۱ از ۲,۵ شهریور ۱۴۰۵، ۱۴:۴۰,https://divar.ir/v/gaQuhAJD
فروش آپارتمان ۸۵ متری فول در شقایق,فروش,شقایق,۸۵,۱۳۹۸,۲,"‏۱۰,۵۰۰,۰۰۰,۰۰۰ تومان","‏۱۲۳,۵۲۹,۰۰۰ تومان",۱ از ۵,۵ شهریور ۱۴۰۵، ۱۴:۳۴,https://divar.ir/v/gaQexPgH
۷۵ متری نقلی کلید نخورده_ فول امکانات_ فرصت طلایی,فروش,کوی استادان,۷۵,۱۴۰۵,۲,"‏۹,۷۵۰,۰۰۰,۰۰۰ تومان","‏۱۳۰,۰۰۰,۰۰۰ تومان",۱,۱۷ مرداد ۱۴۰۵، ۱۲:۲۶,https://divar.ir/v/ga29OB7R
فروش واحد مسکونی,فروش,گلستان,۱۲۰,۱۳۸۸,۳,"‏۲۱,۶۰۰,۰۰۰,۰۰۰ تومان","‏۱۸۰,۰۰۰,۰۰۰ تومان",۲ از ۳,۵ شهریور ۱۴۰۵، ۱۴:۰۰,https://divar.ir/v/gaQCRh6_
فروش ویلا ۷۵ متری با ۳۵ مترتراس ویودارو در دیلمان,فروش,کوی خزر,۷۵,۱۴۰۵,۲,"‏۶,۲۰۰,۰۰۰,۰۰۰ تومان","‏۳۱,۰۰۰,۰۰۰ تومان",,۵ شهریور ۱۴۰۵، ۱۴:۲۰,https://divar.ir/v/gaQaBKza
آپارتمان تک واحدی ۷۵متری طبقه دوم دوخوابه کیاموسوی,فروش,شهرک فرهنگیان,۷۵,۱۴۰۱,۲,"‏۷,۵۰۰,۰۰۰,۰۰۰ تومان","‏۱۰۰,۰۰۰,۰۰۰ تومان",۲ از ۲,۵ شهریور ۱۴۰۵، ۱۴:۱۸,https://divar.ir/v/gaQWB80a
ویلا باغ بی واسطه لاهیجان,فروش,آهندان,۱۵۰,۱۴۰۳,۴,"‏۲۵,۰۰۰,۰۰۰,۰۰۰ تومان","‏۶۲,۵۰۰,۰۰۰ تومان",,۴ اردیبهشت ۱۴۰۵، ۱۴:۳۵,https://divar.ir/v/Qar7Efca
ویلانوساز100mنزدیک بالاشهرکاشف شرقی شیک زیبا,رهن کامل,قیام,۷۰,۱۴۰۴,۲,,,,۳۱ مرداد ۱۴۰۵، ۰۹:۲۲,https://divar.ir/v/gaJiT7r_
۳۰ثانیه تا استخر90mفانتزی هوشمندگلستان فول آپشن,رهن و اجاره,گلستان,۹۰,۱۴۰۰,۲,,,۱,۳۱ مرداد ۱۴۰۵، ۰۹:۲۰,https://divar.ir/v/gaJiDTSt
واحد نقلی خوش قیمت در لوکیشن برند آماده سکونت,فروش,گلستان,۵۰,۱۳۹۰,۱,"‏۶,۲۰۰,۰۰۰,۰۰۰ تومان","‏۱۲۴,۰۰۰,۰۰۰ تومان",۱ از ۳,۵ شهریور ۱۴۰۵، ۱۳:۰۸,https://divar.ir/v/gaQOQzyR
موقعیت ممتاز تجاری۱۳۶متری شیخ زاهدلاهیجان,فروش,شیخ زاهد,۱۳۶,۱۳۹۷,بدون اتاق,"‏۸۵,۰۰۰,۰۰۰,۰۰۰ تومان","‏۶۲۵,۰۰۰,۰۰۰ تومان",,۲۰ مرداد ۱۴۰۵، ۱۳:۲۳,https://divar.ir/v/ga6BvpSb
پیش فروش واحد مسکونی در صادقیه,فروش,شهید آوینی,۱۵۲,۱۴۰۵,۳,"‏۲۵,۸۶۰,۰۰۰,۰۰۰ تومان","‏۱۷۰,۱۳۱,۰۰۰ تومان",۵ از ۵,۱۶ مرداد ۱۴۰۵، ۲۱:۰۴,https://divar.ir/v/ga2Zhsqn
فروش زمین به مساحت حدوداً ۳۸۰ متر مربع,فروش,لیالستان,,,,"‏۷,۰۰۰,۰۰۰,۰۰۰ تومان","‏۱۸,۴۲۱,۰۰۰ تومان",,۲ شهریور ۱۴۰۵، ۱۵:۰۱,https://divar.ir/v/gaMqCuAH
۳هزارمترکشا ورزی سنتی درکوجیل بالا,فروش,لفمجان,,,,"‏۴,۰۰۰,۰۰۰,۰۰۰ تومان","‏۱,۳۳۳,۰۰۰ تومان",,۲۶ مرداد ۱۴۰۵، ۱۴:۱۵,https://divar.ir/v/gaCWepjN
ویلای ساحلی نوساز با سند تک برگ و پروانه,فروش,انقلاب,۱۷۰,۱۴۰۵,۳,"‏۱۵,۵۰۰,۰۰۰,۰۰۰ تومان","‏۱۹,۶۷۰,۰۰۰ تومان",,۳۰ تیر ۱۴۰۵، ۰۲:۰۸,https://divar.ir/v/gaeNKIzE
ویلا در زمیدان روبروی تالاب نبش باباپور 3,فروش,لیل,۳۸۰,۱۴۰۴,۳,"‏۴۲,۰۰۰,۰۰۰,۰۰۰ تومان","‏۸۷,۵۰۰,۰۰۰ تومان",,۲۱ تیر ۱۴۰۵، ۱۸:۲۶,https://divar.ir/v/gaTpq45n
فروش خانه ویلایی (دو واحدی) در کتشال بالا,فروش,لیل,۲۰۰,۱۳۹۰,۲,"‏۱۶,۰۰۰,۰۰۰,۰۰۰ تومان","‏۸۰,۰۰۰,۰۰۰ تومان",,۱۲ تیر ۱۴۰۵، ۱۳:۳۴,https://divar.ir/v/gaHho_28
سویت مستقل بر خیابان خزر,رهن و اجاره,کوی خزر,۶۰,۱۳۹۰,۱,,,همکف,۶ مرداد ۱۴۰۵، ۱۶:۱۵,https://divar.ir/v/gaoRqLWh
اجاره  دو باب مغازه بر اصلی اتوبان,رهن و اجاره,لیالستان,۱۵۰,۱۳۹۶,بدون اتاق,,,,۲۶ تیر ۱۴۰۵، ۰۹:۱۴,https://divar.ir/v/gaZFcDO0
اجاره واحد ۷۲ متری بر اصلی خیابان سردار جنگل,رهن و اجاره,شهرک فرهنگیان,۷۲,۱۳۸۶,۲,,,۲ از ۳,۲ شهریور ۱۴۰۵، ۱۱:۴۰,https://divar.ir/v/gaLyvcDU
اجاره مغازه در بازار روز لاهیجان,رهن و اجاره,انقلاب,۶,۱۳۷۱,۱,,,,۵ شهریور ۱۴۰۵، ۱۲:۰۴,https://divar.ir/v/gaPa_emF
اجاره ملک تجاری بر اول اتوبان رشت لاهیجان,رهن و اجاره,شیشه گران,۲۶۰,۱۳۹۰,۲,,,,۲۰ مرداد ۱۴۰۵، ۱۷:۵۱,https://divar.ir/v/ga79SbS3
میدان برق85m فول آپشن_ کارا,فروش,کوی آزادگان,۸۵,۱۳۹۹,۲,"‏۸,۵۰۰,۰۰۰,۰۰۰ تومان","‏۱۰۰,۰۰۰,۰۰۰ تومان",۲,۲ شهریور ۱۴۰۵، ۱۲:۵۷,https://divar.ir/v/gaM6wPiu
نمارومی_پارکینگ سند_کمربندی _ کارا,فروش,گلستان,۷۰,۱۴۰۵,۲,"‏۶,۹۰۰,۰۰۰,۰۰۰ تومان","‏۹۸,۵۷۱,۰۰۰ تومان",۲,۲ شهریور ۱۴۰۵، ۱۳:۳۵,https://divar.ir/v/gaMexG3C
اجاره ویلا 75 متری در گلستان,رهن و اجاره,گلستان,۷۵,۱۳۹۰,۱,,,,۵ شهریور ۱۴۰۵، ۱۱:۴۸,https://divar.ir/v/gaPKfykW
گمل پایین_۲۹۵متر مسکونی_با پروانه,فروش,حزین,,,,"‏۴,۵۰۰,۰۰۰,۰۰۰ تومان","‏۱۵,۲۵۴,۰۰۰ تومان",,۲۱ مرداد ۱۴۰۵، ۱۱:۲۰,https://divar.ir/v/ga8VRkum
معاوضه‌ زمین  مسکونی با آپارتمان (توضیحات),فروش,لیالستان,,,,"‏۱۳,۶۰۰,۰۰۰,۰۰۰ تومان","‏۴۰,۰۰۰,۰۰۰ تومان",,۳۰ مرداد ۱۴۰۵، ۱۰:۴۲,https://divar.ir/v/gaHa9DnS
خونه روستایی 200 متری,فروش,یحی آباد,۷۵,۱۳۷۵,۲,"‏۳,۱۰۰,۰۰۰,۰۰۰ تومان","‏۱۵,۵۰۰,۰۰۰ تومان",,۵ شهریور ۱۴۰۵، ۱۱:۳۹,https://divar.ir/v/gaPCvcAu
فروشی,فروش,گلستان,۶۲,۱۳۹۳,۱,"‏۶,۲۰۰,۰۰۰,۰۰۰ تومان","‏۱۰۰,۰۰۰,۰۰۰ تومان",۲ از ۲,۵ شهریور ۱۴۰۵، ۱۱:۲۳,https://divar.ir/v/gaPme-bl
اجاره سوییت 60متری در خیابان مطهری (یاسر),رهن کامل,لیالستان,۶۰,۱۳۹۷,۱,,,,۱۱ مرداد ۱۴۰۵، ۲۱:۲۳,https://divar.ir/v/gavRIJLx
اجاره خانه ویلایی مستقل,رهن و اجاره,لیل,۷۰,۱۳۹۰,۱,,,,۳۰ مرداد ۱۴۰۵، ۱۲:۵۹,https://divar.ir/v/gaIqxeP4
زمین مسکونی با ویو ابدی، ۲۴۶۰متر کوهستانی زیر قیمت,فروش,رجایی,,,,"‏۱۴,۰۰۰,۰۰۰,۰۰۰ تومان","‏۵,۶۹۱,۰۰۰ تومان",,۱ مرداد ۱۴۰۵، ۱۱:۱۸,https://divar.ir/v/gahd8TcJ
رهن واحد ۱۰۰متری خزر طبقه اول,رهن کامل,کوی خزر,۱۰۰,۱۳۹۸,۲,,,۱,۵ شهریور ۱۴۰۵، ۱۱:۰۹,https://divar.ir/v/gaPm-t1y
واحد نوساز ۸۰ متری خوش نقشه فوری فروشی,فروش,کوی زمانی,۸۲,۱۴۰۵,۲,"‏۸,۹۰۰,۰۰۰,۰۰۰ تومان","‏۱۰۸,۵۳۶,۰۰۰ تومان",۲,۲۵ تیر ۱۴۰۵، ۱۸:۳۱,https://divar.ir/v/gaYFfwYM
فروش فوری واحد راه مستقل 58متری یاسر,فروش,لیالستان,۵۸,۱۳۹۳,۱,"‏۵,۱۵۰,۰۰۰,۰۰۰ تومان","‏۸۸,۷۹۳,۰۰۰ تومان",۱,۱۰ مرداد ۱۴۰۵، ۱۳:۳۹,https://divar.ir/v/gatVMtSG
اجاره واحد ۷۵ متری در گلستان فرد,رهن و اجاره,گلستان,۷۵,۱۴۰۰,۲,,,۲ از ۳,۲ شهریور ۱۴۰۵، ۱۶:۲۳,https://divar.ir/v/gaM6jvvL
زمین مسکونی ۴۰۰متر,فروش,لفمجان,,,,"‏۲,۸۰۰,۰۰۰,۰۰۰ تومان","‏۷,۰۰۰,۰۰۰ تومان",,۱۶ مرداد ۱۴۰۵، ۱۵:۳۵,https://divar.ir/v/ga1l8nFN
فروش زمین کشاورزی,فروش,بازکیاگوراب,,,بدون اتاق,"‏۱,۳۰۰,۰۰۰ تومان",‏۰ تومان,,۵ شهریور ۱۴۰۵، ۱۰:۵۷,https://divar.ir/v/gaPaeuSU
اجاره مغازه ۱۴ متری طبقه دوم پاساژ ارژنگ,رهن و اجاره,انقلاب,۱۴,۱۳۹۷,بدون اتاق,,,,۵ شهریور ۱۴۰۵، ۱۰:۵۱,https://divar.ir/v/gaPW-G2a
رهن و اجاره ویلایی در خیابان یاسر,رهن و اجاره,کوی آزادگان,۸۰,۱۳۹۰,۲,,,,۵ شهریور ۱۴۰۵، ۱۰:۴۹,https://divar.ir/v/gaPSO9pt
۱۱۸ متر در گلستان ۳,فروش,شیخ زاهد,۱۱۸,۱۴۰۵,۳,"‏۲۰,۸۳۰,۰۰۰,۰۰۰ تومان","‏۱۷۶,۵۲۵,۰۰۰ تومان",۴ از ۴,۵ شهریور ۱۴۰۵، ۱۰:۴۹,https://divar.ir/v/gaPSe1DQ
اپارتمان ۱۰۱ متری در حوالی میدان تربیت,فروش,شهرک جانبازان,۱۰۱,۱۳۹۷,۲,"‏۱۰,۶۰۰,۰۰۰,۰۰۰ تومان","‏۱۰۴,۹۵۰,۰۰۰ تومان",۲ از ۲,۵ شهریور ۱۴۰۵، ۱۰:۴۸,https://divar.ir/v/gaPSeyMa
1000متر زمین داخل طرح 5_990صنوبرکاری ویوو زیر قیمت,فروش,لیالستان,,,,"‏۵,۹۹۰,۰۰۰,۰۰۰ تومان","‏۵,۹۹۰,۰۰۰ تومان",,۱۷ تیر ۱۴۰۵، ۰۷:۴۵,https://divar.ir/v/gaGtR7Cw
آپارتمان ۱۱۶متری نوساز خیابان کارگر لاهیجان,فروش,رجایی,۱۱۶,۱۴۰۵,۲,"‏۳۱,۳۲۰,۰۰۰,۰۰۰ تومان","‏۲۷۰,۰۰۰,۰۰۰ تومان",۲ از ۶,۴ شهریور ۱۴۰۵، ۱۹:۵۳,https://divar.ir/v/gaPKR9Ul
فروش زمین ۲۱۲متری کتشال با ویو تالاب,فروش,لیل,,,,"‏۷,۴۲۰,۰۰۰,۰۰۰ تومان","‏۳۵,۰۰۰,۰۰۰ تومان",,۵ شهریور ۱۴۰۵، ۱۰:۴۶,https://divar.ir/v/gaP6NId0
ویلایی در ۵دقیقه ای لاهیجان,فروش,لیالستان,۹۵,۱۴۰۵,۲,"‏۸,۰۰۰,۰۰۰,۰۰۰ تومان","‏۳۴,۳۳۴,۰۰۰ تومان",,۲۶ تیر ۱۴۰۵، ۱۰:۴۲,https://divar.ir/v/gaZVNv5V
اجاره ی مغازه,رهن و اجاره,خمیر کلایه,۳۰,۱۳۹۶,بدون اتاق,,,,۵ شهریور ۱۴۰۵، ۱۰:۳۶,https://divar.ir/v/gaPGO7Tz
۱۵۰ متر زمین شهری با سند تک برگ.مالک هستم,فروش,حاجی آباد,,,,"‏۶,۰۰۰,۰۰۰,۰۰۰ تومان","‏۴۰,۰۰۰,۰۰۰ تومان",,۲ مرداد ۱۴۰۵، ۱۳:۳۰,https://divar.ir/v/gajVjueM
خانه ویلایی 92متری سند تک برگ عرصه و اعیان لاهیجان,فروش,آهندان,۹۲,۱۴۰۰,۲,"‏۷,۰۰۰,۰۰۰,۰۰۰ تومان","‏۲۸,۴۵۵,۰۰۰ تومان",,۲ شهریور ۱۴۰۵، ۱۱:۳۸,https://divar.ir/v/gaLuf4UZ
قطعه زمین ۷۳۵متری,فروش,آهندان,,,,"‏۱,۰۰۰,۰۰۰,۰۰۰ تومان","‏۱,۳۶۰,۰۰۰ تومان",,۲۸ مرداد ۱۴۰۵، ۱۰:۴۹,https://divar.ir/v/gaFi1e2B
فروش  فوری،۱۱۲متر ویلایی _ طالقانی ۷,فروش,طالقانی,۹۰,قبل از ۱۳۷۰,۲,"‏۵,۰۰۰,۰۰۰,۰۰۰ تومان","‏۴۴,۶۴۲,۰۰۰ تومان",,۲۰ بهمن ۱۴۰۴، ۱۹:۰۲,https://divar.ir/v/QaJ2_-_O
آپارتمان حدود ۱۵۰ متری در خیابان شقایق,فروش,کوی استادان,۱۵۰,۱۳۹۷,۴,"‏۱۵,۰۰۰,۰۰۰,۰۰۰ تومان","‏۱۰۰,۰۰۰,۰۰۰ تومان",۵ از ۵,۵ شهریور ۱۴۰۵، ۱۰:۱۹,https://divar.ir/v/gaP2t5c5
فروش واحد ۱۸۰متری ویو دار حزین,فروش,حزین,۱۴۰,۱۴۰۳,۳,"‏۲۳,۴۰۰,۰۰۰,۰۰۰ تومان","‏۱۶۷,۱۴۲,۰۰۰ تومان",۱,۵ شهریور ۱۴۰۵، ۱۰:۱۳,https://divar.ir/v/gaPyNTpK
سوییت ۹۰متری همکف میدون جانبازان خیابان سبحان,فروش,شهرک سلمان فارسی,۹۰,۱۳۹۰,۲,"‏۷,۲۰۰,۰۰۰,۰۰۰ تومان","‏۸۰,۰۰۰,۰۰۰ تومان",همکف از ۲,۲۷ مرداد ۱۴۰۵، ۰۱:۵۷,https://divar.ir/v/gaDqIRXf
زیرقیمت کارشناسی_فرصت استثنایی خرید سرمایه گذاری,فروش,گلستان,۱۵۰,۱۴۰۵,۳,"‏۱۸,۴۵۰,۰۰۰,۰۰۰ تومان","‏۱۲۳,۰۰۰,۰۰۰ تومان",۳,۵ شهریور ۱۴۰۵، ۱۰:۱۰,https://divar.ir/v/gaPutKyB
آپارتمان ۴ طبقه,رهن کامل,شهرک جانبازان,۱۲۰,۱۳۹۲,۳,,,۳ از ۴,۲۴ مرداد ۱۴۰۵، ۲۲:۲۰,https://divar.ir/v/gaAC7G7M
۱۵۰ متر آرامش و کیفیت_ تک واحدی_ نوساز_ خرمشهر,رهن و اجاره,شهید آوینی,۱۵۰,۱۴۰۴,۳,,,۴ از ۵,۵ شهریور ۱۴۰۵، ۰۹:۵۰,https://divar.ir/v/gaPedA_N
750مترزمین درطرح هادی روستا,فروش,لیالستان,,,,"‏۱,۳۰۰,۰۰۰,۰۰۰ تومان","‏۱,۷۳۳,۰۰۰ تومان",,۵ شهریور ۱۴۰۵، ۰۹:۴۲,https://divar.ir/v/gaPWNJGT
۸۷ متر اپارتمان سند ششدانگ و تک برک,فروش,حاجی آباد,۸۷,۱۴۰۵,۲,"‏۴,۸۵۰,۰۰۰,۰۰۰ تومان","‏۵۵,۷۴۷,۰۰۰ تومان",۲ از ۵,۱۰ مرداد ۱۴۰۵، ۱۰:۳۹,https://divar.ir/v/gattpe4U
زمین مسکونی لاهیجان.لیالستان ۴۷۱متر,فروش,لیالستان,,,,"‏۲۳,۵۵۰,۰۰۰,۰۰۰ تومان","‏۵۰,۰۰۰,۰۰۰ تومان",,۱۸ مرداد ۱۴۰۵، ۲۳:۰۴,https://divar.ir/v/ga4Z9IA_
2200متر زمین. لاهیجان ،بازکیاگوراب .معاوضه باخودرو,فروش,لیل,,,,"‏۹,۸۰۰,۰۰۰,۰۰۰ تومان","‏۴,۴۵۴,۰۰۰ تومان",,۲۶ مرداد ۱۴۰۵، ۲۰:۰۳,https://divar.ir/v/gaDezB21
آپارتمان طالقانی زیر قیمت منطقه,فروش,طالقانی,۷۰,۱۴۰۰,۲,"‏۵,۰۰۰,۰۰۰,۰۰۰ تومان","‏۷۱,۴۲۸,۰۰۰ تومان",۳,۴ شهریور ۱۴۰۵، ۲۳:۰۸,https://divar.ir/v/gaPCUq_k
نزدیک استخر در گلستان فرد لاهیجان 140 متری,فروش,گلستان,۱۴۰,۱۴۰۵,۳,"‏۱۹,۰۰۰,۰۰۰,۰۰۰ تومان","‏۱۳۵,۷۱۴,۰۰۰ تومان",۱ از ۴,۱۴ تیر ۱۴۰۵، ۱۰:۱۰,https://divar.ir/v/gaJx_Xdt
اجاره واحد ۶۰ متری تک خواب بدون پارکینگ گلستان ۲۳,رهن و اجاره,گلستان,۶۰,۱۴۰۰,۱,,,۱ از ۴,۵ شهریور ۱۴۰۵، ۰۸:۰۹,https://divar.ir/v/gaP6LVS7
آپارتمان تقریبا یک سال ساخت ۸۶ متر,رهن و اجاره,لیل,۸۶,۱۴۰۴,۲,,,۱,۱۸ مرداد ۱۴۰۵، ۲۲:۳۹,https://divar.ir/v/ga49Mn2r
فروش زمین ۳۰۰ متری داخل طرح دره جیر,فروش,آهندان,,,,"‏۳,۳۰۰,۰۰۰,۰۰۰ تومان","‏۱۱,۰۰۰,۰۰۰ تومان",,۵ شهریور ۱۴۰۵، ۰۷:۲۰,https://divar.ir/v/gaPK7-hQ
فروش مغازه بَر اصلی با مالکیت,فروش,کوی خزر,۲۰,۱۳۹۵,بدون اتاق,"‏۵,۴۰۰,۰۰۰,۰۰۰ تومان","‏۲۷۰,۰۰۰,۰۰۰ تومان",,۲۲ اردیبهشت ۱۴۰۵، ۰۰:۲۰,https://divar.ir/v/gaCUCl5m
فروش واحد اداری بَر اصلی خ انقلاب,فروش,انقلاب,۵۸,۱۳۹۲,۲,"‏۶,۹۰۰,۰۰۰,۰۰۰ تومان","‏۱۱۸,۹۶۵,۰۰۰ تومان",۷,۱۳ اردیبهشت ۱۴۰۵، ۰۸:۲۶,https://divar.ir/v/Qa2XdQNn
فروش زمین با سند مسکونی در لاهیجان,فروش,لیل,,,,"‏۸,۵۰۰,۰۰۰,۰۰۰ تومان","‏۲۶,۹۸۴,۰۰۰ تومان",,۲۹ مرداد ۱۴۰۵، ۱۳:۰۹,https://divar.ir/v/gaGuMBfp
۲هزار متر زمین باغی در ایشیان اطاقور,فروش,کاروانسرابر,,,,"‏۸,۰۰۰,۰۰۰,۰۰۰ تومان","‏۴,۰۰۰,۰۰۰ تومان",,۵ شهریور ۱۴۰۵، ۰۱:۴۶,https://divar.ir/v/gaPW2cHt
زمین باغی خارج طرح2648,فروش,لیل,,,بدون اتاق,"‏۲,۳۰۰,۰۰۰,۰۰۰ تومان","‏۸۶۸,۰۰۰ تومان",,۵ شهریور ۱۴۰۵، ۰۱:۱۳,https://divar.ir/v/gaP2F3t5
واحد تجاری _ مجتمع  پزشکان برکت  ۴۰ متر لاهیجان,فروش,کاروانسرابر,۴۰,۱۴۰۵,۱,"‏۶,۰۰۰,۰۰۰,۰۰۰ تومان","‏۱۵۰,۰۰۰,۰۰۰ تومان",۲,۶ مرداد ۱۴۰۵، ۲۳:۱۰,https://divar.ir/v/gapRAb8q
زمین مسکونی بازکیاگوراب جاده ایشکا,فروش,بازکیاگوراب,,,,"‏۴,۵۰۰,۰۰۰,۰۰۰ تومان","‏۱۸,۶۷۲,۰۰۰ تومان",,۵ شهریور ۱۴۰۵، ۰۰:۴۴,https://divar.ir/v/gaPeVSgG
ویلافروشی شخصی,فروش,بازکیاگوراب,۱۱۸,۱۴۰۴,۲,"‏۱۵,۷۰۰,۰۰۰,۰۰۰ تومان","‏۳۶,۲۵۸,۰۰۰ تومان",,۱۰ تیر ۱۴۰۵، ۱۸:۲۸,https://divar.ir/v/gaFpSnoI
اجاره خانه,رهن و اجاره,گلستان,۶۴,۱۳۷۵,۳,,,,۵ شهریور ۱۴۰۵، ۰۰:۳۰,https://divar.ir/v/gaPOF5o7
ویلای زیبا و شخصی ساز در جایی دنج و زیبا,فروش,آهندان,۸۵,۱۴۰۰,۲,"‏۱۵,۰۰۰,۰۰۰,۰۰۰ تومان","‏۵۰,۰۰۰,۰۰۰ تومان",,۱۳ مرداد ۱۴۰۵، ۱۴:۲۶,https://divar.ir/v/gaxV8WbQ
فروش واحد 98 متری مستقل منظریه,فروش,شهید آوینی,۹۸,۱۳۸۵,۲,"‏۱۵,۰۰۰,۰۰۰,۰۰۰ تومان","‏۱۵۳,۰۶۱,۰۰۰ تومان",۱,۵ شهریور ۱۴۰۵، ۰۰:۱۲,https://divar.ir/v/gaP-ki00
رهن و اجاره _ قیمت مناسب _ کوهبنه,رهن کامل,آهندان,۱۱۰,۱۴۰۴,۲,,,۱,۱۱ مرداد ۱۴۰۵، ۱۱:۲۰,https://divar.ir/v/gauZPkN9
۲۲۰ متر شهری امکان ساخت ۵ طبقه,فروش,حاجی آباد,,,,"‏۱۲,۰۰۰,۰۰۰,۰۰۰ تومان","‏۵۴,۵۴۵,۰۰۰ تومان",,۱۴ مرداد ۱۴۰۵، ۲۳:۴۲,https://divar.ir/v/gazh53Lw
زمین بازکیاگوراب، معاوضه هم میشود,فروش,بازکیاگوراب,,,,"‏۱۰,۰۰۰,۰۰۰,۰۰۰ تومان","‏۳,۴۷۲,۰۰۰ تومان",,۲۲ تیر ۱۴۰۵، ۲۱:۰۱,https://divar.ir/v/gaVBy4pw
زمین مسکونی کوره بر,فروش,آهندان,,,,"‏۴,۹۵۰,۰۰۰,۰۰۰ تومان","‏۲۰,۲۸۶,۰۰۰ تومان",,۶ مرداد ۱۴۰۵، ۱۱:۵۲,https://divar.ir/v/gaoZWg0b
زمین مسکونی,فروش,کوی زمانی,,,,"‏۱۱,۳۰۰,۰۰۰,۰۰۰ تومان","‏۲۵,۹۷۷,۰۰۰ تومان",,۷ مرداد ۱۴۰۵، ۱۹:۳۵,https://divar.ir/v/gaqRyhhY
فروش ۶۳۰متر زمین مسکونی,فروش,لیالستان,,,,"‏۷,۵۶۰,۰۰۰,۰۰۰ تومان","‏۱۲,۰۰۰,۰۰۰ تومان",,۴ شهریور ۱۴۰۵، ۲۳:۱۷,https://divar.ir/v/gaPKEmk5
فروش زمین ۹۲۰ متری با کاربری مسکونی در لیالمان,فروش,آهندان,,,,"‏۱,۰۰۰,۰۰۰,۰۰۰ تومان","‏۱,۰۸۶,۰۰۰ تومان",,۴ شهریور ۱۴۰۵، ۲۳:۰۳,https://divar.ir/v/gaPyzOHJ
زمین مسکونی ۴۶۰ و ۵۱۰ متری سوستان بالا,فروش,لیل,,,,"‏۸,۵۱۰,۰۰۰,۰۰۰ تومان","‏۱۸,۵۰۰,۰۰۰ تومان",,۲۲ بهمن ۱۴۰۴، ۰۹:۲۹,https://divar.ir/v/QaMqxogL
مغازه زیر قیمت منطقه کیا موسوی,فروش,یحی آباد,۲۷,۱۴۰۴,۱,"‏۷,۲۹۰,۰۰۰,۰۰۰ تومان","‏۲۷۰,۰۰۰,۰۰۰ تومان",,۴ شهریور ۱۴۰۵، ۲۲:۴۰,https://divar.ir/v/gaPqjEj1
یک باب مغازه فروشی,فروش,امیرشهید,۱۵,۱۳۹۸,بدون اتاق,"‏۲,۵۰۰,۰۰۰,۰۰۰ تومان","‏۱۶۶,۶۶۶,۰۰۰ تومان",,۴ شهریور ۱۴۰۵، ۲۲:۴۰,https://divar.ir/v/gaOaPszj
ویلایی لاهیجان منطقه لیالستان بیجاربسته سر,فروش,لیالستان,۹۰,۱۳۷۵,۲,"‏۱۵,۵۰۰,۰۰۰,۰۰۰ تومان","‏۳۳,۶۹۵,۰۰۰ تومان",,۲۶ تیر ۱۴۰۵، ۱۲:۴۷,https://divar.ir/v/gaZNPECA
رهن و اجاره مغازه 57 متری بلوار دیلمان,رهن و اجاره,کوی زمانی,۵۷,۱۳۹۵,بدون اتاق,,,,۹ اردیبهشت ۱۴۰۵، ۱۶:۳۳,https://divar.ir/v/QayHwiTP
یک واحد آپارتمان,فروش,کوی استادان,۷۲,۱۳۹۷,۲,"‏۷,۱۰۰,۰۰۰,۰۰۰ تومان","‏۹۸,۶۱۱,۰۰۰ تومان",۱,۴ شهریور ۱۴۰۵، ۲۲:۲۴,https://divar.ir/v/gaPajUq-
702 متر (71 متر دوبر) باسند ششدانگ,فروش,لیل,,,,"‏۲۸,۰۰۰,۰۰۰,۰۰۰ تومان","‏۳۹,۸۸۶,۰۰۰ تومان",,۸ خرداد ۱۴۰۵، ۱۵:۰۲,https://divar.ir/v/gaZgnodt
فروش آپارتمان ۹۰ متری تک واحدی در شقایق,فروش,مهرگان,۹۰,۱۳۹۸,۲,"‏۱۲,۰۰۰,۰۰۰,۰۰۰ تومان","‏۱۳۳,۳۳۳,۰۰۰ تومان",۲ از ۳,۴ شهریور ۱۴۰۵، ۲۲:۰۶,https://divar.ir/v/gaPGD5jp
فروش مزرعه برنج در روستای گمل,فروش,لیل,,,+۴,"‏۱,۴۵۰,۰۰۰,۰۰۰ تومان","‏۷۲۵,۰۰۰ تومان",,۴ شهریور ۱۴۰۵، ۲۱:۵۱,https://divar.ir/v/gaP6SZHZ
رهن کامل ویلا ۹۰ متری با وسایل کامل,رهن و اجاره,لفمجان,۹۰,۱۳۹۵,۲,,,,۲۸ مرداد ۱۴۰۵، ۰۹:۱۹,https://divar.ir/v/gaFOU70w
واحد ۱۲۰مترتک واحدفول _اخرین پلاک جنگلی شیخ زاهد _,فروش,شیخ زاهد,۱۲۰,۱۴۰۵,۲,"‏۳۱,۰۰۰,۰۰۰,۰۰۰ تومان","‏۲۵۸,۳۳۳,۰۰۰ تومان",۳ از ۴,۴ شهریور ۱۴۰۵، ۲۱:۳۰,https://divar.ir/v/gaPmSuTT
اجاره واحد تجاری 240 متری,رهن و اجاره,گلستان,۲۴۰,۱۴۰۲,بدون اتاق,,,,۱۸ مرداد ۱۴۰۵، ۲۲:۴۰,https://divar.ir/v/ga4BdmcM
واحد تجاری لاهیجان بر اصلی کمربندی,رهن و اجاره,گلستان,۳۲۰,۱۴۰۰,بدون اتاق,,,۱,۸ مرداد ۱۴۰۵، ۱۳:۰۸,https://divar.ir/v/gartBgL6
خانه در لاهیجان,فروش,لیالستان,۱۴۵,۱۴۰۴,۲,"‏۴۰,۰۰۰,۰۰۰,۰۰۰ تومان","‏۵۴,۲۰۰,۰۰۰ تومان",,۴ شهریور ۱۴۰۵، ۲۱:۰۰,https://divar.ir/v/gaPKCsII
اجاره واحد مسکونی مرکز شهر لاهیجان,رهن و اجاره,امیرشهید,۷۰,۱۳۸۸,۲,,,۱ از ۲,۴ شهریور ۱۴۰۵، ۲۰:۵۴,https://divar.ir/v/gaPGSKNQ
زمین مسکونی در اسپیلی (دیلمان),فروش,کوی زمانی,,,,"‏۲,۴۰۰,۰۰۰,۰۰۰ تومان","‏۸,۴۵۰,۰۰۰ تومان",,۴ شهریور ۱۴۰۵، ۲۰:۵۰,https://divar.ir/v/gaPCyYUY
فروش زمین ۳۸۰ متری مسکونی موقیعت عالی,فروش,لیالستان,,,,"‏۷,۶۰۰,۰۰۰,۰۰۰ تومان","‏۲۰,۰۰۰,۰۰۰ تومان",,۲۱ اردیبهشت ۱۴۰۵، ۱۶:۴۱,https://divar.ir/v/gaBE9knb
زمین مسکونی در محله لفمجان خوبده,فروش,لفمجان,,,,"‏۲,۶۳۵,۰۰۰,۰۰۰ تومان","‏۸,۵۰۰,۰۰۰ تومان",,۲۰ اردیبهشت ۱۴۰۵، ۱۳:۴۴,https://divar.ir/v/gaAkFsdU
فروش آپارتمان نوساز -تک واحده - کارگر زوج۴ لاهیجان,فروش,رجایی,۱۸۶,۱۴۰۴,۳,"‏۴۷,۰۰۰,۰۰۰,۰۰۰ تومان","‏۲۵۲,۶۸۸,۰۰۰ تومان",۲ از ۵,۴ شهریور ۱۴۰۵، ۲۰:۳۱,https://divar.ir/v/gaPuh6TT
زمین باغ چایی در لاهیجان,فروش,گلستان,,,,"‏۵,۰۰۰,۰۰۰,۰۰۰ تومان","‏۲,۵۰۰,۰۰۰ تومان",,۴ شهریور ۱۴۰۵، ۲۰:۲۹,https://divar.ir/v/gaPuRSuT
رهن آپارتمان - 190 متر - کارگر زوج ۴,رهن و اجاره,رجایی,۱۹۰,۱۴۰۵,۳,,,۱,۴ شهریور ۱۴۰۵، ۲۰:۲۹,https://divar.ir/v/gaPuBaOD
معاوضه ویلایی مرکز شهر لاهیجان,فروش,فیاض,۱۰۰,۱۳۹۷,۳,"‏۱۳,۰۰۰,۰۰۰,۰۰۰ تومان","‏۱۳۰,۰۰۰,۰۰۰ تومان",,۱۲ مرداد ۱۴۰۵، ۱۷:۰۲,https://divar.ir/v/gawdJaFo
زمین مسکونی چهلستون,فروش,آهندان,,,,"‏۳,۶۳۰,۰۰۰,۰۰۰ تومان","‏۱۳,۲۰۰,۰۰۰ تومان",,۸ مرداد ۱۴۰۵، ۱۹:۲۲,https://divar.ir/v/garN3I7Z
ویلاساحلی لب دریا,فروش,گلستان,۱۹۲,۱۴۰۴,۳,"‏۵,۸۰۰,۰۰۰,۰۰۰ تومان","‏۳۶,۲۵۰,۰۰۰ تومان",,۴ شهریور ۱۴۰۵، ۱۹:۵۵,https://divar.ir/v/gaPOxU9V
زمین باغی,فروش,لیل,,,,"‏۱,۰۰۰,۰۰۰,۰۰۰ تومان","‏۵,۵۵۵,۰۰۰ تومان",,۴ شهریور ۱۴۰۵، ۱۹:۵۳,https://divar.ir/v/gaPKBXJk
زمین لاهیجان لاشیدان حکومتی,فروش,بازکیاگوراب,,,,"‏۱۰,۰۰۰,۰۰۰,۰۰۰ تومان","‏۴,۷۶۱,۰۰۰ تومان",,۳ شهریور ۱۴۰۵، ۲۲:۳۶,https://divar.ir/v/gaNeevp-
خانه ویلایی 112 متری با حیاط بزرگ در رزمندگان8,فروش,کوی زمانی,۷۶,۱۳۷۳,۲,"‏۷,۲۰۰,۰۰۰,۰۰۰ تومان","‏۶۴,۲۸۵,۰۰۰ تومان",,۲۱ مرداد ۱۴۰۵، ۲۱:۵۶,https://divar.ir/v/ga8prw3y
زمین ۳۵۰متری لاهیجان سند تک برگی,فروش,بازکیاگوراب,,,,"‏۸,۷۰۰,۰۰۰,۰۰۰ تومان","‏۲۴,۸۵۷,۰۰۰ تومان",,۴ شهریور ۱۴۰۵، ۱۹:۰۷,https://divar.ir/v/gaPeQa68
زمین ۲۰۱متری تمام مسکونی با قیمت استثنایی (گمل),فروش,لیل,,,,"‏۲,۳۰۰,۰۰۰,۰۰۰ تومان","‏۱۱,۴۴۲,۰۰۰ تومان",,۴ شهریور ۱۴۰۵، ۱۸:۵۸,https://divar.ir/v/gaPSg-C5
فروش زمین مسکونی در روستای دره جیر,فروش,آهندان,,,,"‏۲۵,۰۰۰,۰۰۰,۰۰۰ تومان","‏۳۱,۰۵۵,۰۰۰ تومان",,۱۹ مرداد ۱۴۰۵، ۱۸:۲۵,https://divar.ir/v/ga5Z-JCi
فروش زمین مسکونی بر اصلی روستای دره جیر,فروش,آهندان,,,,"‏۲۶,۰۰۰,۰۰۰,۰۰۰ تومان","‏۳۰,۴۸۰,۰۰۰ تومان",,۱۹ مرداد ۱۴۰۵، ۱۷:۵۶,https://divar.ir/v/ga599gx0
۸۶متر شیخ زاهد فرد,فروش,شیخ زاهد,۸۶,۱۳۸۸,۲,"‏۱۲,۵۰۰,۰۰۰,۰۰۰ تومان","‏۱۴۵,۳۴۸,۰۰۰ تومان",۲ از ۳,۴ شهریور ۱۴۰۵، ۱۸:۱۶,https://divar.ir/v/gaOu_z47
فروش مغازه230متری با مالکیت در میدان معلم,فروش,شیشه گران,۲۳۰,۱۴۰۰,بدون اتاق,"‏۲۳۵,۰۰۰,۰۰۰,۰۰۰ تومان","‏۱,۰۲۱,۷۳۹,۰۰۰ تومان",,۴ شهریور ۱۴۰۵، ۱۸:۰۹,https://divar.ir/v/gaOqPV7G
زمین مسکونی وسط وکوه جنگل رودخانه معاوضه با ماشین,فروش,لیل,,,,"‏۲,۳۰۰,۰۰۰,۰۰۰ تومان","‏۱۱,۵۰۰,۰۰۰ تومان",,۴ شهریور ۱۴۰۵، ۱۸:۰۸,https://divar.ir/v/gaOKez8J
زمین مسکونی در لاهیجان,فروش,لیالستان,,,,"‏۳,۲۰۰,۰۰۰,۰۰۰ تومان","‏۱۴,۶۱۱,۰۰۰ تومان",,۴ شهریور ۱۴۰۵، ۱۸:۰۰,https://divar.ir/v/gaOi_GLI
پیش فروش ویلا استخردار مدرن,فروش,لیالستان,۲۰۰,۱۴۰۵,۳,"‏۲۰,۰۰۰,۰۰۰,۰۰۰ تومان","‏۸۸,۱۰۵,۰۰۰ تومان",,۱۹ تیر ۱۴۰۵، ۰۲:۰۳,https://divar.ir/v/gaQFCgKZ
فروش واحد 3 بر ۱۱۰ متری،نبش شقایق ۱ (ویو بام سبز),فروش,شقایق,۱۱۰,۱۳۷۸,۲,"‏۱۸,۵۰۰,۰۰۰,۰۰۰ تومان","‏۱۶۸,۱۸۱,۰۰۰ تومان",۲ از ۲,۴ شهریور ۱۴۰۵، ۱۷:۲۹,https://divar.ir/v/gaOGvQ2i
آپارتمان کلیدنخورده تک واحدی۸۰متر دور استخرلاهیجان,فروش,گلستان,۸۰,۱۴۰۴,۲,"‏۹,۶۰۰,۰۰۰,۰۰۰ تومان","‏۱۲۰,۰۰۰,۰۰۰ تومان",۱,۱۳ اردیبهشت ۱۴۰۵، ۲۳:۲۶,https://divar.ir/v/Qa3j6IpB
باغ چای لاهیجان,فروش,لیل,,,بدون اتاق,"‏۱,۵۰۰,۰۰۰,۰۰۰ تومان","‏۴۰۵,۰۰۰ تومان",,۴ شهریور ۱۴۰۵، ۱۷:۰۸,https://divar.ir/v/gaOyeVe4
فروش  _ تهاتر یا معاوضه زمین باغی دارای سند,فروش,طالقانی,,,بدون اتاق,"‏۳,۱۶۰,۰۰۰,۰۰۰ تومان","‏۱,۳۳۳,۰۰۰ تومان",,۴ شهریور ۱۴۰۵، ۱۷:۰۶,https://divar.ir/v/gaOuuRZS
زمین ۲۳۵۰مترهمراه پروانه ساخت نزدیکی دوتالاب بزرگ,فروش,آهندان,,,,"‏۲۰,۶۰۰,۰۰۰,۰۰۰ تومان","‏۸,۷۶۵,۰۰۰ تومان",,۱۴ مرداد ۱۴۰۵، ۱۱:۰۹,https://divar.ir/v/gayhuR38
زمین ۱۳۵۰ متری,فروش,آهندان,,,,"‏۹,۰۰۰,۰۰۰,۰۰۰ تومان","‏۶,۶۶۶,۰۰۰ تومان",,۴ شهریور ۱۴۰۵، ۱۶:۵۱,https://divar.ir/v/gaOi-Uez
اجاره مغازه,رهن و اجاره,شهید آوینی,۱۵,۱۳۹۸,بدون اتاق,,,,۴ شهریور ۱۴۰۵، ۱۶:۴۵,https://divar.ir/v/gaOaOphw
فروش مغازه,فروش,شهید آوینی,۱۵,۱۳۹۵,بدون اتاق,"‏۹,۰۰۰,۰۰۰,۰۰۰ تومان","‏۶۰۰,۰۰۰,۰۰۰ تومان",,۴ شهریور ۱۴۰۵، ۱۶:۳۹,https://divar.ir/v/gaOW-Kk7
زمین نقلی در سعدی,فروش,کوه بیجار,,,,"‏۵,۵۰۰,۰۰۰,۰۰۰ تومان","‏۵۵,۰۰۰,۰۰۰ تومان",,۲۶ مرداد ۱۴۰۵، ۲۱:۴۴,https://divar.ir/v/gaD-0dNG
اپارتمان طبقه دوم ۱۰۰ متری کتشال,رهن و اجاره,لیل,۱۰۰,۱۳۹۷,۲,,,۲ از ۳,۱۴ مرداد ۱۴۰۵، ۲۲:۰۲,https://divar.ir/v/gazBYY64
خونه باغ,فروش,آهندان,۱۱۰,۱۴۰۳,۲,"‏۲۰,۰۰۰,۰۰۰,۰۰۰ تومان","‏۴۳,۴۷۸,۰۰۰ تومان",,۴ شهریور ۱۴۰۵، ۱۶:۱۸,https://divar.ir/v/gaOCuco6
اجاره آپارتمان,رهن و اجاره,کوی استادان,۸۰,۱۳۹۷,۲,,,۳,۱۸ مرداد ۱۴۰۵، ۰۱:۲۴,https://divar.ir/v/ga3Ra4cQ
مستقل راه جدا طبقه اول هدایت,فروش,شهرک جانبازان,۷۶,۱۳۹۰,۲,"‏۸,۷۰۰,۰۰۰,۰۰۰ تومان","‏۱۱۴,۴۷۳,۰۰۰ تومان",۱,۴ شهریور ۱۴۰۵، ۱۶:۱۲,https://divar.ir/v/gaO-9A4L
۱۲۴ متر، تک واحدی، ۲خواب، نیما,فروش,رجایی,۱۲۴,۱۴۰۵,۲,"‏۴۰,۰۰۰,۰۰۰,۰۰۰ تومان","‏۳۲۲,۵۸۰,۰۰۰ تومان",۳ از ۵,۹ فروردین ۱۴۰۵، ۰۱:۰۷,https://divar.ir/v/QaIfCPCg
مغازه,رهن و اجاره,انقلاب,۱۵,۱۳۹۸,۱,,,,۴ شهریور ۱۴۰۵، ۱۵:۵۸,https://divar.ir/v/gaOuNyJk
خانه ویلایی سر سبز در لاهیجان,فروش,بازکیاگوراب,۷۵,۱۳۸۲,۲,"‏۱۰,۰۰۰,۰۰۰,۰۰۰ تومان","‏۴۶,۷۲۸,۰۰۰ تومان",,۴ شهریور ۱۴۰۵، ۱۵:۴۷,https://divar.ir/v/gaOm9SxG
فروش آپارتمان 74متری  تک واحدی خیابان خرمشهر,فروش,شهید آوینی,۷۴,۱۳۹۰,۲,"‏۸,۵۱۰,۰۰۰,۰۰۰ تومان","‏۱۱۵,۰۰۰,۰۰۰ تومان",۳,۲۸ مرداد ۱۴۰۵، ۲۱:۲۰,https://divar.ir/v/gaFyOwgP
معاوضه آپارتمان در اصفهان با ویلا در گیلان,فروش,آهندان,۱۵۵,۱۳۹۳,۳,"‏۱۶,۰۰۰,۰۰۰,۰۰۰ تومان","‏۱۰۳,۲۲۵,۰۰۰ تومان",۱,۴ شهریور ۱۴۰۵، ۱۵:۲۹,https://divar.ir/v/gaOW9CG1
فروش زمین مسکونی باغی,فروش,آهندان,,,,"‏۲,۰۰۰,۰۰۰,۰۰۰ تومان","‏۸,۰۰۰,۰۰۰ تومان",,۲۳ مرداد ۱۴۰۵، ۱۴:۰۳,https://divar.ir/v/ga-5O45U
فروش زمین ۵۵۰متر حومه بازکیاگوراب,فروش,بازکیاگوراب,,,,"‏۶,۶۰۰,۰۰۰,۰۰۰ تومان","‏۱۲,۰۰۰,۰۰۰ تومان",,۱۱ مرداد ۱۴۰۵، ۱۷:۰۸,https://divar.ir/v/gavdU-B1
زمین ۵۵۰ متری سنددار خالوباغ کوچه ۳۶,فروش,بازکیاگوراب,,,,"‏۳,۰۰۰,۰۰۰,۰۰۰ تومان","‏۵,۴۵۴,۰۰۰ تومان",,۴ شهریور ۱۴۰۵، ۱۴:۳۶,https://divar.ir/v/gaOickes
لاهیجان,فروش,قیام,,,,"‏۴,۳۰۰,۰۰۰,۰۰۰ تومان","‏۱۲,۰۴۴,۰۰۰ تومان",,۴ شهریور ۱۴۰۵، ۱۴:۲۵,https://divar.ir/v/gaOOLAhe
رهن و اجاره _ ۸۰ متر تجاری مستقل طبقه اول,رهن و اجاره,یوسف آباد,۸۰,۱۳۹۷,بدون اتاق,,,,۱۱ مرداد ۱۴۰۵، ۱۴:۰۲,https://divar.ir/v/gavxxpdS
یک واحد آپارتمان کلید نخورده تحویل ۴ ماهه,فروش,جمهوری,۷۶,۱۴۰۵,۲,"‏۸,۵۰۰,۰۰۰,۰۰۰ تومان","‏۱۱۱,۸۴۲,۰۰۰ تومان",۲,۴ شهریور ۱۴۰۵، ۱۴:۲۰,https://divar.ir/v/gaOSc-JV
واحد مستقل راه جدا شیک حیاط دار نزدیک استخر,فروش,قیام,۸۰,۱۳۹۹,۲,"‏۱۰,۷۵۰,۰۰۰,۰۰۰ تومان","‏۱۳۴,۳۷۵,۰۰۰ تومان",همکف,۲۹ مرداد ۱۴۰۵، ۱۰:۵۸,https://divar.ir/v/gaGyqcMI
۲۶۴ متر زمین مسکونی بیجاربنه لاهیجان,فروش,لیالستان,,,,"‏۵,۵۵۰,۰۰۰,۰۰۰ تومان","‏۲۱,۰۲۲,۰۰۰ تومان",,۲۵ مرداد ۱۴۰۵، ۱۵:۲۱,https://divar.ir/v/gaBSqLJZ
واحد ۱۸۱ متری گلستان زوج,فروش,گلستان,۱۸۱,۱۴۰۴,۳,"‏۴۰,۰۰۰,۰۰۰,۰۰۰ تومان","‏۲۲۰,۹۹۴,۰۰۰ تومان",۱ از ۵,۴ شهریور ۱۴۰۵، ۱۳:۴۴,https://divar.ir/v/gaOyLVNC
فروش زمین باغی,فروش,شیخ زاهد,,,,"‏۲۰۰,۰۰۰,۰۰۰,۰۰۰ تومان","‏۱۰,۰۰۰,۰۰۰ تومان",,۴ شهریور ۱۴۰۵، ۱۳:۳۰,https://divar.ir/v/gaOm7K-V
((ویلای لوکس ۴خواب مستر تاپ لوکیشن)),فروش,آهندان,۲۰۰,۱۴۰۴,۴,"‏۲۱,۰۰۰,۰۰۰,۰۰۰ تومان","‏۷۰,۰۰۰,۰۰۰ تومان",,۷ بهمن ۱۴۰۴، ۱۵:۳۱,https://divar.ir/v/Qa4hK6aW
زمین باغی,فروش,لیل,,,,"‏۸۰۰,۰۰۰,۰۰۰ تومان","‏۵۰۰,۰۰۰ تومان",,۴ شهریور ۱۴۰۵، ۱۳:۰۲,https://divar.ir/v/gaOK7OgW
زمین مسکونی سوستان کوچه کافه تالاب,فروش,لیل,,,,"‏۲۰,۵۰۰,۰۰۰,۰۰۰ تومان","‏۴۵,۰۵۴,۰۰۰ تومان",,۴ شهریور ۱۴۰۵، ۱۳:۰۲,https://divar.ir/v/gaOKrm44
فروش زمین ۲۱۷ متری در ذاکله بر خوش‌قواره و ارزشمند,فروش,آهندان,,,,"‏۱,۴۵۰,۰۰۰,۰۰۰ تومان","‏۶,۶۸۲,۰۰۰ تومان",,۱۷ تیر ۱۴۰۵، ۲۱:۴۶,https://divar.ir/v/gaON5ptx
فروش ویلا نوساز لاهیجان,فروش,لیل,۱۱۴,۱۴۰۵,۲,"‏۷,۸۰۰,۰۰۰,۰۰۰ تومان","‏۳۷,۵۰۰,۰۰۰ تومان",,۲۲ تیر ۱۴۰۵، ۱۰:۰۱,https://divar.ir/v/gaUVY8JQ
اجاره مغازه در سلمان فارسی,رهن و اجاره,شهرک سلمان فارسی,۱۶,۱۴۰۴,بدون اتاق,,,,۴ شهریور ۱۴۰۵، ۱۲:۳۹,https://divar.ir/v/gaO26JYI
لاهیجان فروش ۱۲۷۹ متر زمین,فروش,بازکیاگوراب,,,,"‏۱۵,۰۰۰,۰۰۰,۰۰۰ تومان","‏۱۱,۷۲۷,۰۰۰ تومان",,۲۹ فروردین ۱۴۰۵، ۲۰:۳۴,https://divar.ir/v/QajHZXfY
فروش زمین تک برگ سند چسبیده به تالاب سوستان,فروش,لیل,,,,"‏۸,۵۰۰,۰۰۰,۰۰۰ تومان","‏۴۲,۵۰۰,۰۰۰ تومان",,۱۰ خرداد ۱۴۰۵، ۰۸:۱۶,https://divar.ir/v/gabw7-CD
واحد مستقل آزادگان,رهن و اجاره,کوی خزر,۹۷,۱۳۹۰,۳,,,۱,۱ شهریور ۱۴۰۵، ۲۰:۵۲,https://divar.ir/v/gaLuCriR
زمین مسکونی با بر خوب و مناسب، مسکونی,فروش,گلستان,,,,"‏۶,۶۰۰,۰۰۰,۰۰۰ تومان","‏۳۳,۰۰۰,۰۰۰ تومان",,۷ مرداد ۱۴۰۵، ۱۴:۱۵,https://divar.ir/v/gapltrSu
فروش زمین ۲۰۰ متری در میانمحله گلرودبار,فروش,بازکیاگوراب,,,,"‏۱,۷۵۰,۰۰۰,۰۰۰ تومان","‏۸,۷۵۰,۰۰۰ تومان",,۱۷ مرداد ۱۴۰۵، ۱۴:۳۸,https://divar.ir/v/ga2d9U4H
فروش زمین مسکونی ۲۶۰ متری در لفمجان لاهیجان,فروش,لفمجان,,,,"‏۲,۰۰۰,۰۰۰,۰۰۰ تومان","‏۷,۶۹۲,۰۰۰ تومان",,۲۱ اسفند ۱۴۰۴، ۲۰:۴۸,https://divar.ir/v/QayWOu2s
فروش زمین مسکونی ۲۸۰ متری با ویوی ابدی در لاهیجان,فروش,لیل,,,,"‏۴,۲۰۰,۰۰۰,۰۰۰ تومان","‏۱۵,۰۰۰,۰۰۰ تومان",,۵ مرداد ۱۴۰۵، ۰۹:۴۳,https://divar.ir/v/gamlUomB
۲پلاک زمین مسکونی ۲۱۹ متری در لیالستان,فروش,لیالستان,,,,"‏۳,۱۰۰,۰۰۰,۰۰۰ تومان","‏۱۴,۱۵۵,۰۰۰ تومان",,۶ مرداد ۱۴۰۵، ۱۵:۰۰,https://divar.ir/v/gaoJpazb
ویلا مدرن آماده تحویل,فروش,گلستان,۱۰۰,۱۴۰۵,۲,"‏۲,۶۰۰,۰۰۰,۰۰۰ تومان","‏۲۶,۰۰۰,۰۰۰ تومان",,۴ شهریور ۱۴۰۵، ۱۱:۴۲,https://divar.ir/v/gaNqoTp_
ویلایی نوساز سنددار بیجاربنه پایین,فروش,لیالستان,۸۰,۱۴۰۴,۲,"‏۱۲,۹۰۰,۰۰۰,۰۰۰ تومان","‏۶۹,۷۲۹,۰۰۰ تومان",,۳۰ خرداد ۱۴۰۵، ۰۸:۱۲,https://divar.ir/v/ga2ohHu_
۳۰۰زمین کامل مسکونی در لاهیجان,فروش,آهندان,,,,"‏۴,۲۰۰,۰۰۰,۰۰۰ تومان","‏۱۴,۰۰۰,۰۰۰ تومان",,۴ شهریور ۱۴۰۵، ۱۱:۳۹,https://divar.ir/v/gaO6Z67X
۱۰۴ متر آپارتمان مستقل ویو دار در سوستان,فروش,لیل,۱۰۴,۱۳۹۵,۲,"‏۹,۵۰۰,۰۰۰,۰۰۰ تومان","‏۹۱,۳۴۶,۰۰۰ تومان",۱ از ۲,۵ مرداد ۱۴۰۵، ۱۱:۳۲,https://divar.ir/v/ganBBaiL
اجاره ویلا باغ,اجاره,بازکیاگوراب,۱۵۰,۱۳۹۸,۳,,,,۱۰ مرداد ۱۴۰۵، ۲۱:۲۴,https://divar.ir/v/gauNCVwz
مستقل نوساز دیلمان اسپیلی معاوضه یا نقد,فروش,شیشه گران,۶۹,۱۴۰۵,۱,"‏۳,۸۰۰,۰۰۰,۰۰۰ تومان","‏۵۵,۰۷۲,۰۰۰ تومان",همکف,۲۲ مرداد ۱۴۰۵، ۲۱:۴۶,https://divar.ir/v/ga-lw_Kl
کارگاه صنعتی,رهن و اجاره,بازکیاگوراب,۱۲۰۰,۱۳۹۲,۴,,,,۲۴ تیر ۱۴۰۵، ۱۱:۳۸,https://divar.ir/v/gaXBUE14
آپارتمان ۷۳ متری خمیر کلایه لاهیجان,فروش,خمیر کلایه,۷۳,۱۴۰۴,۲,"‏۸,۰۵۲,۰۰۰,۰۰۰ تومان","‏۱۱۰,۳۰۱,۰۰۰ تومان",۱ از ۳,۱۸ مرداد ۱۴۰۵، ۱۰:۲۳,https://divar.ir/v/ga4NC1fA
فروش یک قطعه زمین مسکونی در روستای کتشال,فروش,قیام,,,,"‏۳۹,۵۰۰,۰۰۰,۰۰۰ تومان","‏۴۴,۹۸۸,۰۰۰ تومان",,۱۴ مرداد ۱۴۰۵، ۱۳:۱۰,https://divar.ir/v/gazRQyKQ
4500 متر زمین در گلستان ... کاربری باغی ویو ابدی,فروش,گلستان,,,,"‏۳۲,۸۰۰,۰۰۰,۰۰۰ تومان","‏۷,۲۸۸,۰۰۰ تومان",,۴ شهریور ۱۴۰۵، ۱۱:۲۴,https://divar.ir/v/gaOupDIi
فروش زمین میدان گلستان,فروش,گلستان,,,,"‏۳۰,۰۰۰,۰۰۰,۰۰۰ تومان","‏۱۵۰,۰۰۰,۰۰۰ تومان",,۴ شهریور ۱۴۰۵، ۱۱:۲۴,https://divar.ir/v/gaOu5RYt
۲۱۶متر زمین با مجوز ساخت قیمت کاسبی,فروش,کاروانسرابر,,,,"‏۲,۰۰۰,۰۰۰,۰۰۰ تومان","‏۹,۲۵۹,۰۰۰ تومان",,۴ شهریور ۱۴۰۵، ۱۱:۲۳,https://divar.ir/v/gaOuZE-o
فروش زمین گلستان زوج نزدیک به میدان گلستان,فروش,گلستان,,,,"‏۱۴۳,۰۰۰,۰۰۰,۰۰۰ تومان","‏۱۳۰,۰۰۰,۰۰۰ تومان",,۴ شهریور ۱۴۰۵، ۱۱:۱۸,https://divar.ir/v/gaOmZEae
انباری مواد غذایی و...,رهن و اجاره,گلستان,۴۰,۱۴۰۵,بدون اتاق,,,,۴ شهریور ۱۴۰۵، ۱۱:۱۸,https://divar.ir/v/gaOeoKJU
زمین مسکونی,فروش,لفمجان,,,,"‏۲,۸۰۰,۰۰۰,۰۰۰ تومان","‏۷,۹۵۴,۰۰۰ تومان",,۳۱ خرداد ۱۴۰۵، ۰۸:۵۳,https://divar.ir/v/ga3QX05x
۵۰ متر ، واحد مستقل و تمیز,رهن کامل,کوی آزادگان,۵۰,۱۳۹۵,۱,,,همکف,۳ شهریور ۱۴۰۵، ۱۱:۴۸,https://divar.ir/v/gaN-kthp
312 متر زمین مسکونی دوبر در قصاب محله,فروش,لیالستان,,,,"‏۶,۲۴۰,۰۰۰,۰۰۰ تومان","‏۲۰,۰۰۰,۰۰۰ تومان",,۴ شهریور ۱۴۰۵، ۱۱:۱۰,https://divar.ir/v/gaOiJee-
فروش زمین تجاری 220متری در خیابان 22آبان,فروش,قیام,,,,"‏۳۷,۰۰۰,۰۰۰,۰۰۰ تومان","‏۱۶۸,۱۸۱,۰۰۰ تومان",,۴ شهریور ۱۴۰۵، ۱۱:۰۹,https://divar.ir/v/gaOep65E
مغازه بر بلوار امام رضا لاهیجان,فروش,گلستان,۲۴,۱۳۸۳,بدون اتاق,"‏۶,۷۵۰,۰۰۰,۰۰۰ تومان","‏۲۸۱,۲۵۰,۰۰۰ تومان",,۴ شهریور ۱۴۰۵، ۱۱:۰۸,https://divar.ir/v/gaOeZyyh
۷۶متر سوستان کوجه شهید بابایی لاهیجان,فروش,لیل,۷۶,۱۳۹۶,۲,"‏۷,۲۰۰,۰۰۰,۰۰۰ تومان","‏۹۴,۷۳۶,۰۰۰ تومان",۱ از ۲,۴ شهریور ۱۴۰۵، ۱۰:۵۹,https://divar.ir/v/gaOWJi6h
خانه ویلایی,فروش,بازکیاگوراب,۱۲۰,۱۴۰۲,۲,"‏۱۰,۸۰۰,۰۰۰,۰۰۰ تومان","‏۱۵,۲۹۷,۰۰۰ تومان",,۴ شهریور ۱۴۰۵، ۱۰:۵۱,https://divar.ir/v/gaOOJ688
رهن آپارتمان ۸۶ متری یک واحد یک طبقه دربست,رهن و اجاره,لیل,۸۶,۱۴۰۴,۲,,,۱,۲۵ مرداد ۱۴۰۵، ۲۰:۳۱,https://divar.ir/v/gaByOxmf
ویلا روستایی,فروش,لفمجان,۹۰,۱۳۸۵,۲,"‏۴,۷۵۰,۰۰۰,۰۰۰ تومان","‏۹,۵۰۰,۰۰۰ تومان",,۴ شهریور ۱۴۰۵، ۱۰:۴۴,https://divar.ir/v/gaOG5T1Z
مرغداری,فروش,آهندان,,,۲,"‏۶,۰۰۰,۰۰۰,۰۰۰ تومان","‏۲۵,۰۰۰,۰۰۰ تومان",,۲۵ تیر ۱۴۰۵، ۱۱:۳۱,https://divar.ir/v/gaY9obwp
رهن واجاره تک واحدی لوکس,رهن و اجاره,شقایق,۱۳۲,۱۴۰۴,۳,,,۳ از ۵,۲۱ مرداد ۱۴۰۵، ۲۲:۵۶,https://divar.ir/v/ga8hcyW5
فروش زمین مسکونی,فروش,لیل,,,,"‏۱۷,۰۰۰,۰۰۰,۰۰۰ تومان","‏۴۲,۵۰۰,۰۰۰ تومان",,۴ شهریور ۱۴۰۵، ۱۰:۴۰,https://divar.ir/v/gaOGpWjt
۶۵متر سوئیت آزادگان,فروش,کوی خزر,۶۵,۱۳۹۰,۲,"‏۶,۵۰۰,۰۰۰,۰۰۰ تومان","‏۱۰۰,۰۰۰,۰۰۰ تومان",همکف,۲۸ مرداد ۱۴۰۵، ۱۹:۲۴,https://divar.ir/v/gaFGtdpA
اجاره یک واحد آپارتمان مستقل به روز مبله,رهن و اجاره,شهید آوینی,۷۰,۱۳۹۸,۲,,,۱,۴ شهریور ۱۴۰۵، ۱۰:۳۹,https://divar.ir/v/gaOCpsCI
فرصت عالی خرید زمین ۲۰۰ متری,فروش,شهرک فرهنگیان,,,,"‏۱۰,۰۰۰,۰۰۰,۰۰۰ تومان","‏۵۰,۰۰۰,۰۰۰ تومان",,۸ تیر ۱۴۰۵، ۱۶:۱۴,https://divar.ir/v/gaAJikrL
فروش زمین 200 متری روستایی با کاربری مسکونی,فروش,بازکیاگوراب,,,,"‏۱,۸۰۰,۰۰۰,۰۰۰ تومان","‏۹,۰۰۰,۰۰۰ تومان",,۴ شهریور ۱۴۰۵، ۱۰:۳۲,https://divar.ir/v/gaO-IUBF
ویلای 300متری نیمکاره کتشال,فروش,لیل,۲۵۰,۱۴۰۴,۳,"‏۱۵,۰۰۰,۰۰۰,۰۰۰ تومان","‏۵۰,۰۰۰,۰۰۰ تومان",,۱۱ مرداد ۱۴۰۵، ۱۷:۱۵,https://divar.ir/v/gavlEYN0
اجاره واحد 86 متری در مهرگان,رهن کامل,مهرگان,۸۶,۱۳۹۷,۲,,,۴ از ۴,۴ شهریور ۱۴۰۵، ۱۰:۲۱,https://divar.ir/v/gaOyo2qn
زمین سند دار در لاهیجان,فروش,لیالستان,,,,"‏۱۵,۵۰۰,۰۰۰,۰۰۰ تومان","‏۵۱,۶۶۶,۰۰۰ تومان",,۲۵ مرداد ۱۴۰۵، ۱۴:۴۶,https://divar.ir/v/gaBy5BTq
۳۰۰ متر زمین در جاده زمیدان با پروانه ساخت,فروش,لیل,,,,"‏۷,۸۰۰,۰۰۰,۰۰۰ تومان","‏۲۶,۰۰۰,۰۰۰ تومان",,۴ شهریور ۱۴۰۵، ۱۰:۰۷,https://divar.ir/v/gaOmod02
زمین مسکونی با پروانه ساخت کتشال بالا,فروش,لیل,,,,"‏۸,۰۰۰,۰۰۰,۰۰۰ تومان","‏۴۰,۰۰۰,۰۰۰ تومان",,۱۳ مرداد ۱۴۰۵، ۱۴:۴۱,https://divar.ir/v/gaxh8fA1
فروش آپارتمان ۸۰‌متری گلستان ۴۳_۱,فروش,گلستان,۸۰,۱۴۰۰,۲,"‏۹,۳۰۰,۰۰۰,۰۰۰ تومان","‏۱۱۶,۲۵۰,۰۰۰ تومان",۳ از ۴,۲۶ مرداد ۱۴۰۵، ۰۹:۲۸,https://divar.ir/v/gaCKqlun
زمین باقی خارج طرح جهت سرمایه گذاری,فروش,آهندان,,,بدون اتاق,"‏۳,۵۰۰,۰۰۰,۰۰۰ تومان","‏۳,۰۱۷,۰۰۰ تومان",,۳ شهریور ۱۴۰۵، ۲۱:۰۷,https://divar.ir/v/gaNKdpMQ
فروش زمین شالی,فروش,لیالستان,,,بدون اتاق,"‏۱,۵۵۰,۰۰۰,۰۰۰ تومان","‏۵۱۶,۰۰۰ تومان",,۳ شهریور ۱۴۰۵، ۲۰:۵۴,https://divar.ir/v/gaN-Myt7
ویلابه همراه ششصد وپنجاه متر زمین مسکونی,فروش,بازکیاگوراب,۶۰,۱۴۰۲,۱,"‏۱۶,۰۰۰,۰۰۰,۰۰۰ تومان","‏۲۴,۶۱۵,۰۰۰ تومان",,۳ شهریور ۱۴۰۵، ۲۰:۳۰,https://divar.ir/v/gaNqMFDf
پیش‌فروش‌ در گلستان‌‌زوج,فروش,گلستان,,,,,,,۲۰ مرداد ۱۴۰۵، ۱۹:۱۰,https://divar.ir/v/ga7FU-H-
طبقه اول 88 بهمراه ی بهار خواب 20متری,فروش,گلستان,۱۰۸,۱۳۹۸,۲,"‏۱۰,۵۰۰,۰۰۰,۰۰۰ تومان","‏۹۷,۲۲۲,۰۰۰ تومان",۱,۳ شهریور ۱۴۰۵، ۲۰:۲۵,https://divar.ir/v/gaNi8vAY
فروش‌ زمین‌مسکونی در بیجاربنه,فروش,لیالستان,,,,"‏۷,۲۷۵,۰۰۰,۰۰۰ تومان","‏۲۵,۰۰۰,۰۰۰ تومان",,۱۳ مرداد ۱۴۰۵، ۱۲:۰۳,https://divar.ir/v/gaxNaWBa
فروش زمین ویلا,فروش,لیل,,,,"‏۱۰۰,۰۰۰,۰۰۰,۰۰۰ تومان","‏۱,۰۰۰,۰۰۰ تومان",,۳ شهریور ۱۴۰۵، ۱۹:۵۲,https://divar.ir/v/gaNGMLPQ
۳۷۰مترزمین مسکونی در گمل زیر قیمت منطقه,فروش,لیل,,,,"‏۵,۰۰۰,۰۰۰,۰۰۰ تومان","‏۱۳,۵۱۳,۰۰۰ تومان",,۳ شهریور ۱۴۰۵، ۱۹:۵۱,https://divar.ir/v/gaNCc5Nf
فروش زمین 200متری مسکونی سندتک برگ لیالستان,فروش,لیالستان,,,,"‏۴,۰۰۰,۰۰۰,۰۰۰ تومان","‏۲۰,۰۰۰,۰۰۰ تومان",,۲۷ مرداد ۱۴۰۵، ۰۸:۰۹,https://divar.ir/v/gaDGOkI5
اپارتمان شیک با موقییت استثنایی در نیما۵,رهن و اجاره,رجایی,۱۰۳,۱۳۹۶,۲,,,۱ از ۴,۳ شهریور ۱۴۰۵، ۱۹:۳۵,https://divar.ir/v/gaNybuRA
114 متر در برج ابریشم (دور استخر),رهن کامل,شیشه گران,۱۱۴,۱۴۰۲,۲,,,۶,۳ شهریور ۱۴۰۵، ۱۹:۳۳,https://divar.ir/v/gaNyLwdJ
ویلا,فروش,شهید آوینی,۲۷۵,۱۳۹۷,۳,"‏۷۵۰,۰۰۰,۰۰۰ تومان","‏۳۷۵,۰۰۰ تومان",,۲۷ مرداد ۱۴۰۵، ۱۸:۱۴,https://divar.ir/v/gaE-2XJQ
ویلا نوساز بیجاربنه پایین,فروش,لیالستان,۱۰۰,۱۴۰۳,۱,"‏۱۱,۰۰۰,۰۰۰,۰۰۰ تومان","‏۵۵,۰۰۰,۰۰۰ تومان",,۴ مرداد ۱۴۰۵، ۱۴:۲۳,https://divar.ir/v/galdOD6B
۱۶۰ متر زمین مسکونی در رزمندگان _ فروش یا معاوضه,فروش,کوی زمانی,,,,"‏۸,۰۰۰,۰۰۰,۰۰۰ تومان","‏۵۰,۰۰۰,۰۰۰ تومان",,۲۴ تیر ۱۴۰۵، ۱۲:۰۵,https://divar.ir/v/gaXVEYKg
خیابان خرمشهر فول امکانات,فروش,شهید آوینی,۸۰,۱۳۹۸,۲,"‏۱۱,۰۰۰,۰۰۰,۰۰۰ تومان","‏۱۳۷,۵۰۰,۰۰۰ تومان",۳ از ۴,۳ شهریور ۱۴۰۵، ۱۹:۰۶,https://divar.ir/v/gaNa7SBt
زمین,فروش,جمهوری,,,,"‏۱۳,۹۵۰,۰۰۰,۰۰۰ تومان","‏۵۰,۰۰۰,۰۰۰ تومان",,۸ مرداد ۱۴۰۵، ۱۷:۲۶,https://divar.ir/v/garhlBn_
۳۰۰ متر زمین با ۴۵۰ متر پروانه ساخت,فروش,کوی خزر,,,,"‏۱۲,۵۰۰,۰۰۰,۰۰۰ تومان","‏۴۱,۶۶۶,۰۰۰ تومان",,۳ شهریور ۱۴۰۵، ۱۹:۰۰,https://divar.ir/v/gaNSb4Ai
واحد نقلی بر اصلی صادقیه در خرمشهر,فروش,شهید آوینی,۷۶,۱۳۹۷,۲,"‏۹,۵۰۰,۰۰۰,۰۰۰ تومان","‏۱۲۵,۰۰۰,۰۰۰ تومان",۲ از ۲,۳ شهریور ۱۴۰۵، ۱۸:۵۰,https://divar.ir/v/gaNKrh84
زمین تجاری در لاهیجان,فروش,گلستان,,,بدون اتاق,"‏۴۸,۰۰۰,۰۰۰,۰۰۰ تومان","‏۱۸۳,۲۰۶,۰۰۰ تومان",,۳ شهریور ۱۴۰۵، ۱۸:۴۹,https://divar.ir/v/gaNK7FlW
آپارتمان ۱۱۴ متری دو خواب برج ابریشم,رهن کامل,شیشه گران,۱۱۴,۱۴۰۲,۲,,,۶,۳ شهریور ۱۴۰۵، ۱۸:۴۷,https://divar.ir/v/gaNG74OS
فروش واحد۱۰۰ متری  تک واحدی,فروش,گلستان,۱۰۰,۱۴۰۵,۲,"‏۱۴,۵۰۰,۰۰۰,۰۰۰ تومان","‏۱۴۵,۰۰۰,۰۰۰ تومان",۱,۳ شهریور ۱۴۰۵، ۱۸:۴۴,https://divar.ir/v/gaNGbP1X
لاهیجان بازکیاگوراب چفل ویلایی با ویویی ابدی,فروش,بازکیاگوراب,۷۴,۱۴۰۴,۱,"‏۶,۵۰۰,۰۰۰,۰۰۰ تومان","‏۳۱,۵۵۳,۰۰۰ تومان",,۳ شهریور ۱۴۰۵، ۱۸:۴۴,https://divar.ir/v/gaNGrIC1
رهن و اجاره ی ۱۱۰ متری_ ۳ خواب_ تک واحدی_ تخلیه,رهن کامل,فیاض,۱۱۰,۱۴۰۰,۳,,,۲ از ۳,۳ شهریور ۱۴۰۵، ۱۸:۴۴,https://divar.ir/v/gaNGrAet
پیش فروش واحد 105 متری راه جدا ویو دار در کوهبنه,فروش,آهندان,,,,,,,۱۸ مرداد ۱۴۰۵، ۱۸:۵۰,https://divar.ir/v/ga4ppilh
فروش زمین شهری سوستان,فروش,لیل,,,,"‏۶,۳۰۰,۰۰۰,۰۰۰ تومان","‏۶۱,۷۶۴,۰۰۰ تومان",,۳۰ مرداد ۱۴۰۵، ۱۳:۱۳,https://divar.ir/v/gaIyReqQ
زمین ۲۱۵ متر  ییلاقی دیلمان,فروش,شیشه گران,,,,"‏۳۹۰,۰۰۰,۰۰۰ تومان","‏۱,۸۱۳,۰۰۰ تومان",,۸ مرداد ۱۴۰۵، ۱۴:۰۲,https://divar.ir/v/garhyRVW
اجاره مغازه سادات محله بوجایه,رهن و اجاره,آهندان,۲۰,۱۳۹۴,بدون اتاق,,,,۵ تیر ۱۴۰۵، ۲۱:۴۴,https://divar.ir/v/ga-8bLFA
زمین داخل طرح 250 متری لاهیجان سطلسر,فروش,لیل,,,,"‏۲,۷۵۰,۰۰۰,۰۰۰ تومان","‏۱۱,۰۰۰,۰۰۰ تومان",,۳ شهریور ۱۴۰۵، ۱۸:۱۴,https://divar.ir/v/gaKGL6yA
فروش مغازه 40متری در بهترین لوکیشن شیشه گران,فروش,شیشه گران,۴۰,۱۳۹۰,بدون اتاق,"‏۸۰,۰۰۰,۰۰۰,۰۰۰ تومان","‏۲,۰۰۰,۰۰۰,۰۰۰ تومان",,۳ شهریور ۱۴۰۵، ۱۸:۰۹,https://divar.ir/v/gaNiaxqa
واحد ۱۲۵ متری مستقل شقایق,رهن و اجاره,شقایق,۱۲۵,۱۳۹۵,۲,,,۱,۳ شهریور ۱۴۰۵، ۱۸:۰۳,https://divar.ir/v/gaNe6lrp
فروش واحد کلید نخورده۱۴۰متری با ویوکامل استخر,فروش,گلستان,۱۴۰,۱۴۰۴,۳,"‏۲۷,۰۰۰,۰۰۰,۰۰۰ تومان","‏۱۹۲,۸۵۷,۰۰۰ تومان",۶ از ۶,۱۹ مرداد ۱۴۰۵، ۱۱:۴۱,https://divar.ir/v/ga5dITcX
فروش سوییت,فروش,لیالستان,۵۴,۱۳۹۸,۲,"‏۵,۰۰۰,۰۰۰,۰۰۰ تومان","‏۹۲,۵۹۲,۰۰۰ تومان",همکف از ۲,۳۰ مرداد ۱۴۰۵، ۱۳:۴۱,https://divar.ir/v/gaISSNLp
واحد خوابه سندار,فروش,مهرگان,۱۰۰,۱۳۹۸,۲,"‏۹,۸۰۰,۰۰۰,۰۰۰ تومان","‏۹۸,۰۰۰,۰۰۰ تومان",۲ از ۳,۵ مرداد ۱۴۰۵، ۱۰:۵۰,https://divar.ir/v/ganZwmTZ
۵۰متر سویت_پارکینگ دار_گلستان زوج,فروش,گلستان,۵۰,۱۳۹۰,۱,"‏۶,۵۰۰,۰۰۰,۰۰۰ تومان","‏۱۳۰,۰۰۰,۰۰۰ تومان",همکف از ۲,۲۶ مرداد ۱۴۰۵، ۱۲:۴۸,https://divar.ir/v/gaCG9yvt
۱۵۱متر زمین_کاملا مسکونی_دو بر_سند دار,فروش,کوی خزر,,,,"‏۴,۵۰۰,۰۰۰,۰۰۰ تومان","‏۲۹,۸۰۱,۰۰۰ تومان",,۱۸ مرداد ۱۴۰۵، ۱۰:۴۰,https://divar.ir/v/ga4dS3l2
فروش خونه ۱۰۰ متری در بازکیاگوراب,فروش,بازکیاگوراب,۱۰۰,۱۳۹۰,۲,"‏۵,۵۰۰,۰۰۰,۰۰۰ تومان","‏۳۶,۶۶۶,۰۰۰ تومان",,۳ شهریور ۱۴۰۵، ۱۷:۴۳,https://divar.ir/v/gaNKaN6Z
فروش زمین مسکونی در لاهیجان.سیستان بالا,فروش,لیل,,,,"‏۲۷,۵۰۰,۰۰۰,۰۰۰ تومان","‏۳۳,۴۱۴,۰۰۰ تومان",,۳ شهریور ۱۴۰۵، ۱۷:۳۵,https://divar.ir/v/gaNCaog6
اجاره سالیانه خانه ویلایی,رهن و اجاره,حاجی آباد,۱۱۰,۱۴۰۳,۲,,,,۳ شهریور ۱۴۰۵، ۱۷:۳۴,https://divar.ir/v/gaNC64tf
زمین ۳۲۵متر مسکونی ۱۰دقه ای مسیر بین لاهیجان و رشت,فروش,کوی خزر,,,,"‏۱,۸۵۰,۰۰۰,۰۰۰ تومان","‏۵,۶۹۲,۰۰۰ تومان",,۵ مرداد ۱۴۰۵، ۲۰:۱۹,https://divar.ir/v/ganpI2qg
۱۲۰ متر _۳ خواب _ خزر نزدیک استخر,رهن کامل,کوی خزر,۱۲۰,۱۴۰۱,۳,,,۳,۳۱ مرداد ۱۴۰۵، ۱۷:۲۸,https://divar.ir/v/gaJq63zD
فروش واحد نوساز ۱۰۸ متری در خیابان سبحان لاهیجان,فروش,شهرک جانبازان,۱۰۸,۱۴۰۵,۲,"‏۱۳,۰۰۰,۰۰۰,۰۰۰ تومان","‏۱۲۰,۳۷۰,۰۰۰ تومان",۱,۵ اسفند ۱۴۰۴، ۱۲:۰۰,https://divar.ir/v/QacOAo9o
110متری بالاشهرخوش قیمت منصفانه وارزشمند,رهن و اجاره,رجایی,۱۱۰,۱۴۰۰,۲,,,۱ از ۳,۳ شهریور ۱۴۰۵، ۱۶:۵۴,https://divar.ir/v/gaN2FoDP
فروش واحد مسکونی,فروش,گلستان,۲۳۵,۱۳۷۴,۲,"‏۲۴,۰۰۰,۰۰۰,۰۰۰ تومان","‏۱۰۲,۱۲۷,۰۰۰ تومان",,۳ شهریور ۱۴۰۵، ۱۶:۵۰,https://divar.ir/v/gaNaZj_X
رهن و اجاره واحد ۱۷۰ متری -۳ خواب چند قدمی استخر,رهن و اجاره,گلستان,۱۷۰,۱۴۰۴,۳,,,۵,۱۸ مرداد ۱۴۰۵، ۱۶:۲۶,https://divar.ir/v/ga4hH1wA
زمین دارای سند تک برگ و با امتیازات کامل,فروش,لیالستان,,,,"‏۱۱,۰۰۰,۰۰۰,۰۰۰ تومان","‏۲۰,۷۵۴,۰۰۰ تومان",,۳ شهریور ۱۴۰۵، ۱۶:۳۹,https://divar.ir/v/gaNOp27I
مطب تجاری ساختمان پزشکان تریتا لاهیجان شیشه گران,فروش,شیشه گران,۵۰,۱۳۹۹,۱,"‏۲۰,۰۰۰,۰۰۰,۰۰۰ تومان","‏۴۰۰,۰۰۰,۰۰۰ تومان",۷,۱۱ مرداد ۱۴۰۵، ۱۲:۱۶,https://divar.ir/v/gavNgqAy
اجاره خانه,رهن و اجاره,گلستان,۷۰,۱۳۹۰,۲,,,۲,۳ شهریور ۱۴۰۵، ۱۶:۳۸,https://divar.ir/v/gaNOpwoi
فروش خانه در خیابان ازادگان -مولانا,فروش,کوی خزر,۱۴۵,۱۳۹۰,۳,"‏۱۴,۲۱۰,۰۰۰,۰۰۰ تومان","‏۹۸,۰۰۰,۰۰۰ تومان",۳ از ۳,۳ شهریور ۱۴۰۵، ۱۶:۳۵,https://divar.ir/v/gaNOZGBM
زمین بر اتوبان لاهیجان،لنگرود,فروش,لیالستان,,,,"‏۸۰,۰۰۰,۰۰۰,۰۰۰ تومان","‏۵۸,۹۵۳,۰۰۰ تومان",,۳ شهریور ۱۴۰۵، ۱۶:۳۳,https://divar.ir/v/gaNKpkWG
واحد ۷۷ متری در میدان هدایت,فروش,شهرک جانبازان,۷۷,۱۳۹۶,۲,"‏۷,۰۰۰,۰۰۰,۰۰۰ تومان","‏۹۰,۹۰۹,۰۰۰ تومان",۱ از ۴,۳ شهریور ۱۴۰۵، ۱۶:۲۹,https://divar.ir/v/gaNG5res
لاهیجان فروش معاوضه مغازه 33 متری در شیشه گران,فروش,شیشه گران,۳۳,۱۴۰۰,بدون اتاق,"‏۱۵,۰۰۰,۰۰۰,۰۰۰ تومان","‏۴۵۴,۵۴۵,۰۰۰ تومان",,۳ شهریور ۱۴۰۵، ۱۶:۲۶,https://divar.ir/v/gaNCZz4d
لاهیجان رهن فروشگاه 2000 متری بین لنگرود لاهیجان,رهن و اجاره,رجایی,۲۰۰۰,۱۳۹۵,۱,,,,۳ شهریور ۱۴۰۵، ۱۶:۲۳,https://divar.ir/v/gaNCJNcX
اجاره ویلا,رهن و اجاره,انقلاب,۹۰,۱۴۰۰,۲,,,,۶ مرداد ۱۴۰۵، ۲۳:۵۲,https://divar.ir/v/gap9Qbbm
لاهیجان فروش آپارتمان 130 متری در نیما,فروش,رجایی,۱۳۰,۱۴۰۵,۳,"‏۲۶,۰۰۰,۰۰۰,۰۰۰ تومان","‏۲۰۰,۰۰۰,۰۰۰ تومان",۳ از ۵,۳ شهریور ۱۴۰۵، ۱۶:۲۲,https://divar.ir/v/gaN64f3h
لاهیجان پیش فروش آپارتمان 110 متری گلستان,فروش,گلستان,,,,,,,۳ شهریور ۱۴۰۵، ۱۶:۱۵,https://divar.ir/v/gaN2Ys9g
لاهیجان فروش آپارتمان 125 متری شیشه گران,فروش,شیشه گران,۱۲۵,۱۴۰۴,۲,"‏۲۵,۰۰۰,۰۰۰,۰۰۰ تومان","‏۲۰۰,۰۰۰,۰۰۰ تومان",۵ از ۵,۳ شهریور ۱۴۰۵، ۱۶:۱۱,https://divar.ir/v/gaN2IYzW
لاهیجان،فروش آپارتمان 110 متری در گلستان,فروش,گلستان,۱۱۰,۱۴۰۴,۲,"‏۱۲,۵۰۰,۰۰۰,۰۰۰ تومان","‏۱۱۳,۶۳۶,۰۰۰ تومان",۱,۳ شهریور ۱۴۰۵، ۱۶:۱۰,https://divar.ir/v/gaN24D0R
مغازه ده متری  در میدان سردار جنگل,رهن و اجاره,یحی آباد,۱۰,۱۴۰۲,بدون اتاق,,,,۳ شهریور ۱۴۰۵، ۱۶:۰۹,https://divar.ir/v/gaN2IC1G
پیش آپارتمان تک واحد ۱۷۰ متر با چشم انداز بینظیر,فروش,حزین,,,,,,,۳ شهریور ۱۴۰۵، ۱۵:۵۱,https://divar.ir/v/gaNiIj_1
آپارتمان تکواحدی ۹۳ متر رزمندگان ۱۱,فروش,کوی زمانی,۹۳,۱۴۰۴,۲,"‏۱۰,۰۰۰,۰۰۰,۰۰۰ تومان","‏۱۰۷,۵۲۶,۰۰۰ تومان",۳ از ۳,۳ شهریور ۱۴۰۵، ۱۵:۴۹,https://divar.ir/v/gaNeo53J
تجاری-مسکونی منطقه توریستی سعدی ویو تلکابین,فروش,کوه بیجار,۱۷۰,۱۴۰۵,۳,"‏۴۵,۰۰۰,۰۰۰,۰۰۰ تومان","‏۱۶۰,۱۴۲,۰۰۰ تومان",,۳ شهریور ۱۴۰۵، ۱۵:۴۶,https://divar.ir/v/gaNeoe8F
زمین 566 متر نامه مجاز ویو ارتفاع تهاتر,فروش,آهندان,,,,"‏۱۲,۴۵۰,۰۰۰,۰۰۰ تومان","‏۲۱,۹۹۶,۰۰۰ تومان",,۱۲ مرداد ۱۴۰۵، ۲۲:۵۱,https://divar.ir/v/gawlO4TE
اجاره طبقه اول نوسازمستقل ۷۰م فول امکانات پارکینگ,رهن و اجاره,جمهوری,۷۰,۱۴۰۰,۱,,,۱,۱۰ مرداد ۱۴۰۵، ۱۷:۴۷,https://divar.ir/v/gat9P7Zw
اجاره مغازه سوستان کوهپایه 1,رهن و اجاره,لیل,۵۸,۱۴۰۰,بدون اتاق,,,,۳ شهریور ۱۴۰۵، ۱۵:۲۳,https://divar.ir/v/gaNCo_Wm
زمین۲۰۲مترپروانه ساخت به روز(ویوجنگل پلاک۲جنگل,فروش,لفمجان,,,,"‏۲,۹۰۰,۰۰۰,۰۰۰ تومان","‏۱۴,۳۵۶,۰۰۰ تومان",,۲۸ تیر ۱۴۰۵، ۱۴:۲۲,https://divar.ir/v/gacNBB2k
رهن ۱۱۴ متری_ فول امکانات_ بلوار مطهری,رهن کامل,شیشه گران,۱۱۴,۱۴۰۲,۲,,,۶,۳ شهریور ۱۴۰۵، ۱۵:۱۴,https://divar.ir/v/gaN-H8WK
۶۴۰ متر زمین در بازکیاگوراب,فروش,بازکیاگوراب,,,,"‏۳,۰۰۰,۰۰۰,۰۰۰ تومان","‏۴,۶۸۷,۰۰۰ تومان",,۲۸ مرداد ۱۴۰۵، ۱۵:۲۹,https://divar.ir/v/gaFq5Y5U
رهن و اجاره ۱۵۰ متری_ گلستان زوج_ کلیدنخورده,رهن و اجاره,گلستان,۱۵۰,۱۴۰۵,۳,,,۱ از ۵,۳ شهریور ۱۴۰۵، ۱۴:۴۸,https://divar.ir/v/gaNmX4eX
فروش زمین شهری لاهیجان خیابان دریا,فروش,گلستان,,,,"‏۲۰,۰۰۰,۰۰۰,۰۰۰ تومان","‏۷۰,۱۷۵,۰۰۰ تومان",,۳۱ خرداد ۱۴۰۵، ۱۲:۳۸,https://divar.ir/v/ga3gq3D8
آپارتمان ۵۰متری گلستان ۳۱,فروش,گلستان,۵۰,۱۳۹۲,۱,"‏۵,۶۰۰,۰۰۰,۰۰۰ تومان","‏۱۱۲,۰۰۰,۰۰۰ تومان",۳,۳ شهریور ۱۴۰۵، ۱۴:۲۳,https://divar.ir/v/gaNG3yw0
آپارتمان 68متری,فروش,خمیر کلایه,۶۸,۱۳۹۴,۱,"‏۵,۰۰۰,۰۰۰,۰۰۰ تومان","‏۷۳,۵۲۹,۰۰۰ تومان",۳ از ۳,۹ مرداد ۱۴۰۵، ۱۹:۰۹,https://divar.ir/v/gasF8m0Q
فروش سوییت مستقل شیک و بازسازی شده,فروش,کوی خزر,۶۲,۱۳۹۰,۲,"‏۷,۰۰۰,۰۰۰,۰۰۰ تومان","‏۱۱۲,۹۰۳,۰۰۰ تومان",همکف,۸ تیر ۱۴۰۵، ۱۸:۲۹,https://divar.ir/v/gaChoP6j
فروش آپارتمان نوساز و تک واحدی,فروش,گلستان,۱۰۰,۱۴۰۵,۲,"‏۱۴,۵۰۰,۰۰۰,۰۰۰ تومان","‏۱۴۵,۰۰۰,۰۰۰ تومان",۱ از ۴,۳۱ مرداد ۱۴۰۵، ۱۰:۲۹,https://divar.ir/v/gaJaU2vT
رهن ویلایی شیشه گران با ۵ پارکینگ,رهن و اجاره,شیشه گران,۲۳۱,۱۴۰۴,۴,,,,۳ شهریور ۱۴۰۵، ۱۳:۴۹,https://divar.ir/v/gaNymOYk
فروش زمین در چی چی نیکوتی,فروش,آهندان,,,,"‏۷,۰۰۰,۰۰۰,۰۰۰ تومان","‏۲۲,۷۲۷,۰۰۰ تومان",,۳ شهریور ۱۴۰۵، ۱۳:۳۶,https://divar.ir/v/gaNiW92Q
لیالستان،روبروی‌هتل آبشار،سندتک برگ،کاربری مسکونی,فروش,لیالستان,,,,"‏۱۳,۵۰۰,۰۰۰,۰۰۰ تومان","‏۳۹,۹۴۰,۰۰۰ تومان",,۳ شهریور ۱۴۰۵، ۱۳:۳۴,https://divar.ir/v/gaNa20SG
غیرقابل تبدیل مستقل آسیدمحمد ۷۰مترطبقه۲,رهن کامل,فیاض,۷۰,۱۳۹۵,۲,,,۲,۲۴ مرداد ۱۴۰۵، ۱۰:۲۸,https://divar.ir/v/gaA2Qrc-
زمین باغی واقع در روستای لواسی محله  لاهیجان,فروش,آهندان,,,,"‏۲۳,۵۰۰,۰۰۰,۰۰۰ تومان","‏۳,۲۴۸,۰۰۰ تومان",,۹ مرداد ۱۴۰۵، ۱۶:۱۴,https://divar.ir/v/gasd5hAG
رهن اپارتمان ۸۴ متری شیشه گران,رهن و اجاره,شیشه گران,۸۴,۱۳۹۵,۲,,,۲ از ۳,۳ شهریور ۱۴۰۵، ۱۳:۰۶,https://divar.ir/v/gaNGG-YP
۶۵ متری ‌، ۲خواب ،مهرگان,فروش,مهرگان,۶۵,۱۴۰۱,۲,"‏۸,۳۰۰,۰۰۰,۰۰۰ تومان","‏۱۲۷,۶۹۲,۰۰۰ تومان",۱,۳ شهریور ۱۴۰۵، ۱۳:۰۳,https://divar.ir/v/gaNGWOzG
زمین در اتوبان,فروش,بازکیاگوراب,,,,"‏۳,۲۲۴,۰۰۰,۰۰۰ تومان","‏۱۴,۹۹۵,۰۰۰ تومان",,۳ شهریور ۱۴۰۵، ۱۲:۵۶,https://divar.ir/v/gaN-lOb7
آپارتمان خیابان قیام  ۱۴۴متر,فروش,قیام,۱۴۴,۱۴۰۴,۳,"‏۱۸,۷۲۰,۰۰۰,۰۰۰ تومان","‏۱۳۰,۰۰۰,۰۰۰ تومان",۵ از ۵,۳ شهریور ۱۴۰۵، ۱۲:۴۵,https://divar.ir/v/gaNiV5YP
فروش ویلا کم نظیر در ساخت و ویوو,فروش,لیل,۲۷۰,۱۴۰۴,۳,"‏۴۵,۰۰۰,۰۰۰,۰۰۰ تومان","‏۱۵۰,۰۰۰,۰۰۰ تومان",,۳ شهریور ۱۴۰۵، ۱۲:۴۳,https://divar.ir/v/gaNyVjyC
فروش مغازه کمربندی میدان گیل,فروش,طالقانی,۵۵,۱۳۹۵,بدون اتاق,"‏۱۸,۵۰۰,۰۰۰,۰۰۰ تومان","‏۳۳۶,۳۶۳,۰۰۰ تومان",,۳ شهریور ۱۴۰۵، ۱۲:۳۹,https://divar.ir/v/gaNu1TD7
اپارتمان نورگیر ۷۶متری,فروش,کوی استادان,۷۸,۱۳۹۵,۲,"‏۷,۴۰۰,۰۰۰,۰۰۰ تومان","‏۹۴,۸۷۱,۰۰۰ تومان",۲,۳۱ مرداد ۱۴۰۵، ۲۲:۴۶,https://divar.ir/v/gaJWvEq3
واحد ۸۶ متری در هدایت,فروش,شهرک جانبازان,۸۶,۱۳۸۶,۲,"‏۷,۷۵۰,۰۰۰,۰۰۰ تومان","‏۹۰,۱۱۶,۰۰۰ تومان",۱ از ۳,۳ شهریور ۱۴۰۵، ۱۲:۲۰,https://divar.ir/v/gaNeFTaY
فروش ویلا فلت ۲۳۰ متر ۱۰میلیارد,فروش,آهندان,۱۰۰,۱۴۰۵,۲,"‏۱۰,۰۰۰,۰۰۰,۰۰۰ تومان","‏۴۳,۴۷۸,۰۰۰ تومان",,۳ شهریور ۱۴۰۵، ۱۲:۱۹,https://divar.ir/v/gaNelCvT
۱۸۳متر زمین شهری,فروش,حاجی آباد,,,,"‏۸,۲۳۵,۰۰۰,۰۰۰ تومان","‏۴۵,۰۰۰,۰۰۰ تومان",,۳ شهریور ۱۴۰۵، ۱۲:۱۴,https://divar.ir/v/gaNuUKuD
اجاره ۷۰متر مستقل کارگر زوج,رهن و اجاره,رجایی,۷۰,۱۳۹۸,۲,,,۱ از ۲,۳ شهریور ۱۴۰۵، ۱۲:۱۳,https://divar.ir/v/gaNWVb1b
فروش زمین با کاربری مسکونی و تجاری + ویلا 100متری,فروش,طالقانی,,,,"‏۶۵,۰۰۰,۰۰۰,۰۰۰ تومان","‏۱۹,۶۹۶,۰۰۰ تومان",,۳ شهریور ۱۴۰۵، ۱۲:۱۰,https://divar.ir/v/gaNSllcu
اجاره انبار فروشگاه,رهن و اجاره,پردسر,۷۰,۱۳۷۵,بدون اتاق,,,,۳ شهریور ۱۴۰۵، ۱۲:۰۹,https://divar.ir/v/gaNKFeWt
فروش واحد فول امکانات طبقه دوم در یاسر 90 متری,فروش,طالقانی,۹۰,۱۴۰۳,۲,"‏۶,۷۵۰,۰۰۰,۰۰۰ تومان","‏۷۵,۰۰۰,۰۰۰ تومان",۲ از ۳,۳ شهریور ۱۴۰۵، ۱۲:۰۸,https://divar.ir/v/gaNSVQqb
اجاره ویلایی دو طبقه سند تک برگ در لیالمان,رهن کامل,آهندان,۹۷,۱۳۹۶,۲,,,,۳ شهریور ۱۴۰۵، ۱۲:۰۵,https://divar.ir/v/gaNOlmKv
ویلایی ویو ابدی با سند تک برگ _ بام لاهیجان,فروش,لیل,۸۰,۱۳۹۰,۱,"‏۲۰,۰۰۰,۰۰۰,۰۰۰ تومان","‏۳۳,۳۳۳,۰۰۰ تومان",,۳ شهریور ۱۴۰۵، ۱۱:۵۸,https://divar.ir/v/gaNGFmeG
سوییت پارکینگ خشک راه جدا 41متر تک خواب,فروش,کوی زمانی,۴۱,۱۳۸۸,۱,"‏۳,۹۷۰,۰۰۰,۰۰۰ تومان","‏۹۶,۸۲۹,۰۰۰ تومان",همکف از ۳,۱۸ مرداد ۱۴۰۵، ۱۲:۵۶,https://divar.ir/v/ga4dknFt
زمین تمام مسکونی 300متر,فروش,لیل,,,,"‏۱۱,۴۰۰,۰۰۰,۰۰۰ تومان","‏۳۸,۰۰۰,۰۰۰ تومان",,۳ شهریور ۱۴۰۵، ۱۱:۵۵,https://divar.ir/v/gaNWTrIb
زمین مسکونی سند تک برگ.پروانه ساخت۴واحدی,فروش,لیل,,,,"‏۱۰,۴۰۰,۰۰۰,۰۰۰ تومان","‏۴۰,۰۰۰,۰۰۰ تومان",,۲۳ خرداد ۱۴۰۵، ۰۰:۲۹,https://divar.ir/v/gasIX8lV
ویلا ۳۳۰ متری سند تک‌برگ قیمت استثنایی,فروش,گلستان,۷۰,۱۳۸۰,۲,"‏۴,۷۰۰,۰۰۰,۰۰۰ تومان","‏۱۴,۲۴۲,۰۰۰ تومان",,۱۱ مرداد ۱۴۰۵، ۱۳:۰۳,https://divar.ir/v/gav5Apma
فروش یک قطعه زمین باغی به متراژ 1300 متر,فروش,جمهوری,,,بدون اتاق,"‏۱۷,۰۰۰,۰۰۰,۰۰۰ تومان","‏۱۳,۰۷۶,۰۰۰ تومان",,۳ شهریور ۱۴۰۵، ۱۱:۴۰,https://divar.ir/v/gaNyk38N
زمین به متراژ ۳۴۲ متر,فروش,لیالستان,,,,"‏۳,۱۰۰,۰۰۰,۰۰۰ تومان","‏۹,۰۶۴,۰۰۰ تومان",,۳ شهریور ۱۴۰۵، ۱۱:۳۴,https://divar.ir/v/gaNy0gMu
زمین بحر اتوبان,فروش,بازکیاگوراب,,,بدون اتاق,"‏۳,۲۲۵,۰۰۰,۰۰۰ تومان","‏۱۵,۰۰۰,۰۰۰ تومان",,۳ شهریور ۱۴۰۵، ۱۱:۳۳,https://divar.ir/v/gaNuk4Yg
۲۵۰۰ متر زمین دو کله ویو ابدی _ بام لاهیجان,فروش,لیل,,,,"‏۳۰,۰۰۰,۰۰۰,۰۰۰ تومان","‏۱۲,۰۰۰,۰۰۰ تومان",,۳ شهریور ۱۴۰۵، ۱۱:۳۲,https://divar.ir/v/gaNy0CdT
فروش ویلا دوبلکس فول امکانات    لاکچری,فروش,کوی آزادگان,۱۴۰,۱۴۰۵,۲,"‏۲۲,۰۰۰,۰۰۰,۰۰۰ تومان","‏۳۶,۶۶۶,۰۰۰ تومان",,۳ شهریور ۱۴۰۵، ۱۱:۲۹,https://divar.ir/v/gaNu0Mvc
فروش ساختمان نیمه کاره استخر ماهی و مجموعه گردشگری,فروش,لیل,,,بدون اتاق,"‏۲۵,۰۰۰,۰۰۰,۰۰۰ تومان","‏۱۲,۵۰۰,۰۰۰ تومان",,۳ شهریور ۱۴۰۵، ۱۱:۲۹,https://divar.ir/v/gaN2DNZ0
ویلای دوبلکس کلید نخورده,فروش,شیشه گران,۱۶۰,۱۴۰۴,۲,"‏۱۵,۰۰۰,۰۰۰,۰۰۰ تومان","‏۶۸,۱۸۱,۰۰۰ تومان",,۲۸ مرداد ۱۴۰۵، ۱۱:۴۰,https://divar.ir/v/gaFSG17E
ویلا باغ سند دار ( اطراف لاهیجان),فروش,طالقانی,۱۰۰,قبل از ۱۳۷۰,۳,"‏۷,۶۰۰,۰۰۰,۰۰۰ تومان","‏۹,۸۷۰,۰۰۰ تومان",,۳ شهریور ۱۴۰۵، ۱۱:۲۱,https://divar.ir/v/gaNmENU_
ویلا شیک محدوده استانه اشرفیه و لاهیجان,فروش,بازکیاگوراب,۱۰۰,۱۴۰۲,۲,"‏۱۱,۰۰۰,۰۰۰,۰۰۰ تومان","‏۵۰,۰۰۰,۰۰۰ تومان",,۳ شهریور ۱۴۰۵، ۱۱:۱۹,https://divar.ir/v/gaNmUFvB
اجاره آپارتمان واحد ۱۳۰متری ورودی مستقل در گلستان,رهن کامل,گلستان,۱۳۰,۱۳۹۴,۲,,,۲,۱۰ مرداد ۱۴۰۵، ۱۳:۳۱,https://divar.ir/v/gatNc11a
زمین 273متری در شیخ زاهد 7لاهیجان,فروش,شیخ زاهد,,,,"‏۴۱,۰۰۰,۰۰۰,۰۰۰ تومان","‏۱۵۰,۱۸۳,۰۰۰ تومان",,۳ شهریور ۱۴۰۵، ۱۱:۱۵,https://divar.ir/v/gaNe07Xt
زمین مسکونی لاهیجان، روستای زمیدان,فروش,لیل,,,,"‏۸,۵۲۸,۰۰۰,۰۰۰ تومان","‏۲۶,۰۰۰,۰۰۰ تومان",,۵ خرداد ۱۴۰۵، ۱۱:۲۲,https://divar.ir/v/gaVAlrcb
زمین مسکونی دو بر,فروش,آهندان,,,,"‏۳,۴۰۰,۰۰۰,۰۰۰ تومان","‏۲۰,۰۰۰,۰۰۰ تومان",,۸ تیر ۱۴۰۵، ۱۸:۰۲,https://divar.ir/v/gaCJIBA4
واحد آپارتمان نوساز ویو دار,فروش,شهرک سلمان فارسی,۱۱۴,۱۴۰۵,۲,"‏۱۳,۰۰۰,۰۰۰,۰۰۰ تومان","‏۱۱۴,۰۳۵,۰۰۰ تومان",۴,۱۸ فروردین ۱۴۰۵، ۲۲:۱۳,https://divar.ir/v/QaRXB9XF
فروش زمین ویو دار  زمین آس,فروش,آهندان,,,,"‏۲,۵۰۰,۰۰۰,۰۰۰ تومان","‏۱۲,۵۰۰,۰۰۰ تومان",,۳ شهریور ۱۴۰۵، ۱۰:۳۶,https://divar.ir/v/gaN6TgV0
اجاره واحد شیک و تمیز در نیما,رهن و اجاره,شیشه گران,۹۵,۱۳۹۰,۱,,,۱ از ۲,۳ شهریور ۱۴۰۵، ۱۰:۲۷,https://divar.ir/v/gaNyTqmz
۲۴۵متر زمین خیابان خزر,فروش,کوی خزر,,,,"‏۲۷,۰۰۰,۰۰۰,۰۰۰ تومان","‏۱۱۰,۲۰۴,۰۰۰ تومان",,۲۶ مرداد ۱۴۰۵، ۱۱:۳۱,https://divar.ir/v/gaC-Loi6
فروش۹۹۰متر  زمین قیمت کاسبی,فروش,آهندان,,,,"‏۳,۶۰۰,۰۰۰,۰۰۰ تومان","‏۳,۶۳۶,۰۰۰ تومان",,۳۰ مرداد ۱۴۰۵، ۱۲:۴۰,https://divar.ir/v/gaIWh7Dv
فروش استثنایی زمین ویو دار متراژ 200متر,فروش,آهندان,,,,"‏۲,۲۰۰,۰۰۰,۰۰۰ تومان","‏۱۱,۰۰۰,۰۰۰ تومان",,۱۵ تیر ۱۴۰۵، ۱۳:۳۷,https://divar.ir/v/gaL1XXhP
رهن واحد ۸۵ متری در خیابان بهار لاهیجان,رهن کامل,کوی زمانی,۸۵,۱۴۰۴,۲,,,۱ از ۵,۳ شهریور ۱۴۰۵، ۱۰:۱۰,https://divar.ir/v/gaNiDd2v
اجاره مغازه بازکیاگوراب خیابان عرفان,رهن و اجاره,بازکیاگوراب,۱۶,۱۳۹۰,۱,,,,۳ شهریور ۱۴۰۵، ۱۰:۰۸,https://divar.ir/v/gaMaGwp4
ویلاشخصی,رهن و اجاره,بازکیاگوراب,۱۳۰,۱۳۹۶,۳,,,,۳۱ مرداد ۱۴۰۵، ۱۰:۴۶,https://divar.ir/v/gaJyEd6T
اجاره واحد۱۲۵متری در حاجی اباد,رهن کامل,حاجی آباد,۱۲۵,۱۴۰۵,۲,,,۳,۵ مرداد ۱۴۰۵، ۱۰:۳۱,https://divar.ir/v/ganJwBYw
اجاره مغازه ۲۰،بالاکن۱۶، آشپزی کامل، سرویس کامل,رهن و اجاره,حاجی آباد,۲۰,۱۳۷۵,۱,,,,۳ شهریور ۱۴۰۵، ۰۸:۵۹,https://divar.ir/v/gaNeC_QF
زمین مسکونی ۳۲۰ متری باسند تک برگ و پروانه ساخت,فروش,بازکیاگوراب,,,,"‏۴,۸۰۰,۰۰۰,۰۰۰ تومان","‏۱۵,۰۰۰,۰۰۰ تومان",,۲۸ مرداد ۱۴۰۵، ۱۸:۲۶,https://divar.ir/v/gaFO8g1U
فروش واحد فول مخصوص خوش پسندان,فروش,فیاض,۸۵,۱۳۹۵,۲,"‏۹,۷۰۰,۰۰۰,۰۰۰ تومان","‏۱۱۴,۱۱۷,۰۰۰ تومان",۲ از ۴,۳ شهریور ۱۴۰۵، ۰۱:۴۲,https://divar.ir/v/gaMGsra7
فروش فوری سوئیت گلستان 7,فروش,گلستان,۶۰,۱۳۸۶,۱,"‏۷,۵۰۰,۰۰۰,۰۰۰ تومان","‏۱۲۵,۰۰۰,۰۰۰ تومان",,۳ شهریور ۱۴۰۵، ۰۱:۲۵,https://divar.ir/v/gaM2LoVD
فروش زمین مسکونی با پروانه روستای سرچشمه,فروش,قیام,,,,"‏۲۰,۰۰۰,۰۰۰,۰۰۰ تومان","‏۱۱,۷۶۴,۰۰۰ تومان",,۱۷ مرداد ۱۴۰۵، ۰۸:۴۷,https://divar.ir/v/ga2tLsFe
فروش واحد مستقل(ورودی جدا) با پارکینگ,فروش,پردسر,۵۷,۱۳۹۳,۱,"‏۶,۳۰۰,۰۰۰,۰۰۰ تومان","‏۱۱۰,۵۲۶,۰۰۰ تومان",همکف از ۳,۳ شهریور ۱۴۰۵، ۰۰:۴۵,https://divar.ir/v/gaMO779Q
فروش واحد آپارتمان,فروش,کوی زمانی,۵۷,۱۳۹۶,۱,"‏۴,۷۰۰,۰۰۰,۰۰۰ تومان","‏۸۲,۴۵۶,۰۰۰ تومان",۱,۲ شهریور ۱۴۰۵، ۲۲:۵۰,https://divar.ir/v/gaMe5kIO
۲۰۰ متر زمین چسب ویلا,فروش,لفمجان,,,,"‏۳,۲۰۰,۰۰۰,۰۰۰ تومان","‏۱۶,۰۰۰,۰۰۰ تومان",,۲ شهریور ۱۴۰۵، ۲۲:۴۹,https://divar.ir/v/gaMiZc7s
فروش زمین۴۲۰متری مسکونی زمیدان سند تک برگ,فروش,لیل,,,,"‏۸,۰۰۰,۰۰۰,۰۰۰ تومان","‏۱۹,۰۴۷,۰۰۰ تومان",,۲ شهریور ۱۴۰۵، ۲۲:۴۱,https://divar.ir/v/gaMepD0i
زمین کامل مسکونی,فروش,بازکیاگوراب,,,,"‏۲,۳۰۰,۰۰۰,۰۰۰ تومان","‏۵,۲۹۹,۰۰۰ تومان",,۹ مرداد ۱۴۰۵، ۰۹:۴۱,https://divar.ir/v/gasxDFS3
فروش زمین براصلی کمربندی لاهیجان دوبر سنددار,فروش,گلستان,,,,"‏۲۸۷,۰۰۰,۰۰۰,۰۰۰ تومان","‏۱۴۰,۰۰۰,۰۰۰ تومان",,۲ شهریور ۱۴۰۵، ۲۱:۲۷,https://divar.ir/v/gaMK41zM
اجاره مغازه بر اصلی بلوارامام رضا تجاری,رهن و اجاره,گلستان,۳۸۰,۱۳۹۰,بدون اتاق,,,,۲۵ مرداد ۱۴۰۵، ۲۱:۴۱,https://divar.ir/v/gaB2fIB4
فروش فوری زمین مسکونی روستایی,فروش,فیاض,,,,"‏۱۰۰,۰۰۰,۰۰۰ تومان","‏۲۸۷,۰۰۰ تومان",,۳۰ مرداد ۱۴۰۵، ۱۶:۵۰,https://divar.ir/v/gaIClYNx
واحد ۱۵۰ متری نوساز و کلید نخورده گلستان,رهن و اجاره,گلستان,۱۵۰,۱۴۰۵,۳,,,۱ از ۵,۲ شهریور ۱۴۰۵، ۲۱:۱۸,https://divar.ir/v/gaMO433o
پیش فروش تک واحدی گلستان شیخ زاهد,فروش,گلستان,۱۸۰,۱۴۰۵,۳,"‏۳۲,۴۰۰,۰۰۰,۰۰۰ تومان","‏۱۸۰,۰۰۰,۰۰۰ تومان",۴,۲۵ مرداد ۱۴۰۵، ۱۴:۵۳,https://divar.ir/v/gaB2JdkH
واحد مستقل ۸۷ متری مرکز شهر,فروش,خمیر کلایه,۸۷,۱۳۸۸,۲,"‏۹,۷۰۰,۰۰۰,۰۰۰ تومان","‏۱۱۱,۴۹۴,۰۰۰ تومان",۲ از ۲,۲ شهریور ۱۴۰۵، ۲۱:۱۴,https://divar.ir/v/gaMGoMq0
زمین باغی داخل طرح,فروش,آهندان,,,,"‏۵,۰۰۰,۰۰۰,۰۰۰ تومان","‏۱۲,۲۲۴,۰۰۰ تومان",,۳ مرداد ۱۴۰۵، ۱۸:۴۰,https://divar.ir/v/gakFt15V
اجاره کافه ۲۰متری در شیخ زاهد,رهن و اجاره,شیخ زاهد,۲۰,۱۴۰۳,بدون اتاق,,,,۲ شهریور ۱۴۰۵، ۲۰:۴۴,https://divar.ir/v/gaMu33am
فروش واحد ۱۲۱متری در خیابان خرمشهر رو به جنگل,فروش,شقایق,۱۲۱,۱۴۰۵,۳,"‏۱۹,۲۰۰,۰۰۰,۰۰۰ تومان","‏۱۵۸,۶۷۷,۰۰۰ تومان",۱ از ۵,۳ مرداد ۱۴۰۵، ۱۸:۴۶,https://divar.ir/v/gakNNIY9
فروش واحد۸۵متری در گلستان ۳۳,فروش,گلستان,۸۵,۱۴۰۵,۲,"‏۱۰,۰۰۰,۰۰۰,۰۰۰ تومان","‏۱۱۷,۶۴۷,۰۰۰ تومان",۳ از ۴,۳ مرداد ۱۴۰۵، ۱۸:۳۸,https://divar.ir/v/gakFtRfh
زمین لاهیجان,فروش,بازکیاگوراب,,,,"‏۱۲,۲۰۰,۰۰۰,۰۰۰ تومان","‏۳۴,۱۷۳,۰۰۰ تومان",,۲۵ مرداد ۱۴۰۵، ۱۷:۲۰,https://divar.ir/v/gaBCsDlG
ویلا متاوان مدرن زیبا ویودار ۳خواب لاهیجان,فروش,لیل,۱۷۰,۱۴۰۵,۳,"‏۳۲,۷۰۰,۰۰۰,۰۰۰ تومان","‏۹۹,۰۹۰,۰۰۰ تومان",,۱۲ مرداد ۱۴۰۵، ۱۴:۴۱,https://divar.ir/v/gawd3MC9
زمین پلاک یک دریا زیر قیمت با ساحل شخصی,فروش,شیشه گران,,,,"‏۴,۵۸۰,۰۰۰,۰۰۰ تومان","‏۱۶,۰۱۳,۰۰۰ تومان",,۲ شهریور ۱۴۰۵، ۱۸:۵۲,https://divar.ir/v/gaMGmF5b
سرقفلی 22متر مغازه در فیاض ۱۱,فروش,فیاض,۲۲,۱۳۹۶,بدون اتاق,"‏۳,۰۰۰,۰۰۰,۰۰۰ تومان","‏۱۳۶,۳۶۳,۰۰۰ تومان",,۲ شهریور ۱۴۰۵، ۱۸:۵۲,https://divar.ir/v/gaMG2aL8
زمین شهری _ آزادگان فردوسی _ ۳ نبش,فروش,کوی آزادگان,,,,"‏۲۴,۰۰۰,۰۰۰,۰۰۰ تومان","‏۱۳۳,۳۳۳,۰۰۰ تومان",,۲ شهریور ۱۴۰۵، ۱۸:۳۳,https://divar.ir/v/gaM21M3Z
115متری سعدی تک واحدی ویودار,رهن و اجاره,کوه بیجار,۱۱۵,۱۴۰۳,۲,,,۳,۲ شهریور ۱۴۰۵، ۱۸:۲۴,https://divar.ir/v/gaMq17QT
فروش واحد مستقل طبقه اول مهرگان,فروش,مهرگان,۸۷,۱۳۹۵,۲,"‏۱۳,۰۰۰,۰۰۰,۰۰۰ تومان","‏۱۴۹,۴۲۵,۰۰۰ تومان",۱,۲ شهریور ۱۴۰۵، ۱۸:۲۳,https://divar.ir/v/gaMq1rpy
زمین ۴۲۵ متر  خالو باغ,فروش,بازکیاگوراب,,,,"‏۴,۶۷۵,۰۰۰,۰۰۰ تومان","‏۱۱,۰۰۰,۰۰۰ تومان",,۲ شهریور ۱۴۰۵، ۱۸:۱۹,https://divar.ir/v/gaMm14pc
فروش یک قطعه زمین  شهری در خیابان دانش,فروش,کوی آزادگان,,,,"‏۵۲,۵۰۰,۰۰۰,۰۰۰ تومان","‏۱۵۰,۰۰۰,۰۰۰ تومان",,۲ شهریور ۱۴۰۵، ۱۸:۱۳,https://divar.ir/v/gaMiVPfu
فروش مغازه در لاهیجان,فروش,کوی خزر,۶۶,۱۳۹۵,۱,"‏۲۶,۵۰۰,۰۰۰,۰۰۰ تومان","‏۴۰۱,۵۱۵,۰۰۰ تومان",,۲ شهریور ۱۴۰۵، ۱۷:۵۳,https://divar.ir/v/gaMOF7pM
فروش زمین با ویوی بی نظیر,فروش,لیالستان,,,,"‏۵,۳۰۰,۰۰۰,۰۰۰ تومان","‏۱۲,۱۲۸,۰۰۰ تومان",,۱۹ مرداد ۱۴۰۵، ۱۴:۴۰,https://divar.ir/v/ga59ahcL
فروش زمین مسکونی در تبرکلایه,فروش,بازکیاگوراب,,,,"‏۵,۰۰۰,۰۰۰,۰۰۰ تومان","‏۱۵,۱۰۵,۰۰۰ تومان",,۲ شهریور ۱۴۰۵، ۱۷:۴۶,https://divar.ir/v/gaMCF_ip
رهن و اجاره,رهن کامل,بوجایه,۶۵,۱۳۹۸,۲,,,۱,۲۵ مرداد ۱۴۰۵، ۱۶:۲۰,https://divar.ir/v/gaBGrjGu
زمین ۴۲۵ متری،قابل تفکیک،مناسب سرمایه گذاری و ساخت,فروش,لیل,,,,"‏۵,۷۳۷,۰۰۰,۰۰۰ تومان","‏۱۳,۴۹۸,۰۰۰ تومان",,۳۱ مرداد ۱۴۰۵، ۱۷:۲۸,https://divar.ir/v/gaJqKU9Z
فروش فوری خانه ویلایی۲۰۰متری,فروش,لاشیدان,۱۲۳,قبل از ۱۳۷۰,۳,"‏۸۰,۰۰۰,۰۰۰ تومان","‏۴۰۰,۰۰۰ تومان",,۲ شهریور ۱۴۰۵، ۱۷:۲۰,https://divar.ir/v/gaMykF_G
فروش آپارتمان ۱۴۸متری سه خواب نوساز گلستان زوج,فروش,گلستان,۱۴۸,۱۴۰۵,۳,"‏۲۲,۲۰۰,۰۰۰,۰۰۰ تومان","‏۱۵۰,۰۰۰,۰۰۰ تومان",۱,۲ شهریور ۱۴۰۵، ۱۷:۲۰,https://divar.ir/v/gaMykEVX
زمین,فروش,کوی زمانی,,,,"‏۲۵,۰۰۰,۰۰۰,۰۰۰ تومان","‏۱۲,۵۰۰,۰۰۰ تومان",,۲۳ مرداد ۱۴۰۵، ۱۶:۰۰,https://divar.ir/v/ga_pgdbM
فروش زمین ۱۱۵۰ متری بل ویو ابدی,فروش,آهندان,,,,"‏۱۹,۰۰۰,۰۰۰,۰۰۰ تومان","‏۱۶,۴۷۸,۰۰۰ تومان",,۲ شهریور ۱۴۰۵، ۱۷:۰۹,https://divar.ir/v/gaMmUps4
فروش زمین,فروش,آهندان,,,,"‏۱,۵۰۰,۰۰۰,۰۰۰ تومان","‏۵,۰۰۰,۰۰۰ تومان",,۲ شهریور ۱۴۰۵، ۱۷:۰۴,https://divar.ir/v/gaMikTfA
فروش واحد91متری گلستان ۱۱,فروش,گلستان,۹۱,۱۳۹۷,۲,"‏۱۲,۰۰۰,۰۰۰,۰۰۰ تومان","‏۱۳۱,۸۶۸,۰۰۰ تومان",۱ از ۵,۲۸ مرداد ۱۴۰۵، ۱۹:۱۲,https://divar.ir/v/gaF6szuI
فروش ویلا باغ,فروش,بازکیاگوراب,۱۰۰,۱۳۹۷,۲,"‏۱۳,۸۰۰,۰۰۰,۰۰۰ تومان","‏۳,۳۲۵,۰۰۰ تومان",,۱ شهریور ۱۴۰۵، ۰۹:۲۹,https://divar.ir/v/gaKyYGeU
ویلا 284 متر لاهیجان پردسر,فروش,کاروانسرابر,۱۹۰,۱۳۸۰,۴,"‏۸,۲۰۰,۰۰۰,۰۰۰ تومان","‏۲۸,۸۷۳,۰۰۰ تومان",,۲ شهریور ۱۴۰۵، ۱۶:۴۸,https://divar.ir/v/gaGmapkn
مسکونی_سندار _۲۵۰متر _لیالستان سرسبز,فروش,لیالستان,,,,"‏۵,۵۰۰,۰۰۰,۰۰۰ تومان","‏۲۲,۰۰۰,۰۰۰ تومان",,۹ اردیبهشت ۱۴۰۵، ۱۱:۵۳,https://divar.ir/v/Qax_72MG
اجاره واحد ۸۲ متری حوالی پارک رفتگر,رهن و اجاره,شهید آوینی,۸۲,۱۳۹۰,۲,,,۲ از ۲,۲ شهریور ۱۴۰۵، ۱۶:۳۶,https://divar.ir/v/gaMGUr4_
واحد طبقه اول پارکینگ دار «فوری»,فروش,لیالستان,۶۰,۱۳۹۵,۱,"‏۵,۲۰۰,۰۰۰,۰۰۰ تومان","‏۸۶,۶۶۶,۰۰۰ تومان",۱ از ۲,۱۹ مرداد ۱۴۰۵، ۲۱:۴۳,https://divar.ir/v/ga6RB3xL
اجاره واحد ۱۳۵ متری در گلستان فرد,رهن و اجاره,گلستان,۱۳۵,۱۴۰۲,۳,,,۲,۲ شهریور ۱۴۰۵، ۱۶:۲۹,https://divar.ir/v/gaMCEA4u
۷۷متری ماهان لاهیجان,فروش,بازکیاگوراب,۷۷,۱۴۰۳,۲,"‏۵,۳۰۰,۰۰۰,۰۰۰ تومان","‏۶۸,۸۳۱,۰۰۰ تومان",۱ از ۵,۲ شهریور ۱۴۰۵، ۱۶:۱۳,https://divar.ir/v/gaMyDKeh
زمین ۳۹۶ متر زمین مسکونی روستای درجیر با سند ت,فروش,آهندان,,,,"‏۱۰,۳۰۰,۰۰۰,۰۰۰ تومان","‏۲۶,۰۱۰,۰۰۰ تومان",,۹ مرداد ۱۴۰۵، ۱۸:۴۲,https://divar.ir/v/gastrPzq
اجاره مغازه پاساژ ارژنگ,رهن و اجاره,انقلاب,۱۰,۱۳۹۶,بدون اتاق,,,,۲ شهریور ۱۴۰۵، ۱۵:۳۴,https://divar.ir/v/gaMOjJL7
پیش‌فروش واحد بر اصلی شقایق,فروش,مهرگان,,,,,,,۲ شهریور ۱۴۰۵، ۱۵:۲۲,https://divar.ir/v/gaM-yXkp
اجاره مغازه میدان پدر,رهن و اجاره,پردسر,۱۰۰,۱۴۰۰,بدون اتاق,,,,۱۱ مرداد ۱۴۰۵، ۱۱:۱۲,https://divar.ir/v/gauRP58Z
رهن کامل شهرک ساحلی ۱۴ واحدی _ مناسب سازمان‌ها,رهن و اجاره,شیخ زاهد,۱۵۰۰,۱۳۹۸,+۴,,,,۱۶ مرداد ۱۴۰۵، ۱۵:۲۲,https://divar.ir/v/ga1dcB_N
ویلا تریبلکس لاکچری 1100متری فول فرنیش رویایی,فروش,شیخ زاهد,۱۱۰۰,۱۴۰۳,+۴,"‏۱۶۸,۰۰۰,۰۰۰,۰۰۰ تومان","‏۲۴۰,۰۰۰,۰۰۰ تومان",,۱۲ مرداد ۱۴۰۵، ۱۹:۳۴,https://divar.ir/v/gawxrE9k
کارخانه بسته‌بندی خشکبار با تجهیزات کامل بروز,فروش,لیالستان,,,+۴,"‏۱۸۵,۰۰۰,۰۰۰,۰۰۰ تومان","‏۱۱,۶۵۷,۰۰۰ تومان",,۲۵ آذر ۱۴۰۴، ۲۳:۵۹,https://divar.ir/v/QaBFMA_D
خاص ترین زمین لاهیجان_کوهپایه ویو ابدی واقعی,فروش,آهندان,,,,"‏۶,۲۵۰,۰۰۰,۰۰۰ تومان","‏۲۸,۴۰۹,۰۰۰ تومان",,۲۴ مرداد ۱۴۰۵، ۱۰:۱۷,https://divar.ir/v/ga8ZLp_I
ویلا استخر دار 300متر 150متربنا دوبلکس سه خواب,رهن و اجاره,شهرک جانبازان,۱۵۰,۱۴۰۵,۳,,,,۲ شهریور ۱۴۰۵، ۱۴:۲۸,https://divar.ir/v/gaMKCKn9
فروش زمین ۶۶۰ متری سنددار لاهیجان,فروش,لفمجان,,,,"‏۶,۶۰۰,۰۰۰,۰۰۰ تومان","‏۱۰,۰۰۰,۰۰۰ تومان",,۲ شهریور ۱۴۰۵، ۱۴:۲۱,https://divar.ir/v/gaMGi2wz
زمین با سند تجاری مسکونی,فروش,لیل,,,,"‏۲,۵۰۰,۰۰۰,۰۰۰ تومان","‏۲۲,۷۲۷,۰۰۰ تومان",,۲ شهریور ۱۴۰۵، ۱۳:۵۸,https://divar.ir/v/gaMyhrOl
اجاره ویلا ۴۵۰ متری ۴ خواب بلوار دانشگاه شقایق ۲۸,رهن و اجاره,کوی آزادگان,۱۸۰,۱۳۹۵,۴,,,,۲ شهریور ۱۴۰۵، ۱۳:۵۱,https://divar.ir/v/gaMqxOx9
جهت اجاره,رهن و اجاره,بازکیاگوراب,۱۲۰۰,۱۳۹۰,۴,,,,۲۹ مرداد ۱۴۰۵، ۱۳:۳۰,https://divar.ir/v/gaGCdIvn
اجاره مغازه ۲۰ متری در شیشه گران,رهن و اجاره,شیشه گران,۲۰,۱۳۹۰,بدون اتاق,,,,۱۱ تیر ۱۴۰۵، ۰۰:۰۴,https://divar.ir/v/gaFhH9wX
فروش زمین مسکونی ویو ابدی شیطان کوه,فروش,گلستان,,,,"‏۳,۰۰۰,۰۰۰,۰۰۰ تومان","‏۶,۰۰۰,۰۰۰ تومان",,۲ شهریور ۱۴۰۵، ۱۳:۳۳,https://divar.ir/v/gaMaBl4I
اجاره واحد مسکونی مهرگان,رهن کامل,مهرگان,۸۰,۱۳۹۵,۲,,,۳ از ۳,۲ شهریور ۱۴۰۵، ۱۳:۳۰,https://divar.ir/v/gaMaRCIz
پنت 275 متری نیما لاهیجان,فروش,شیشه گران,۲۷۵,۱۴۰۵,۴,"‏۸۰,۰۰۰,۰۰۰,۰۰۰ تومان","‏۲۹۰,۹۰۹,۰۰۰ تومان",۶,۲ شهریور ۱۴۰۵، ۱۳:۲۹,https://divar.ir/v/gaMWRxTk
مغازه ۲۰۰ متری در جاده اصلی بر خیابان,رهن و اجاره,بازکیاگوراب,۲۰۰,۱۳۹۸,۲,,,,۲ شهریور ۱۴۰۵، ۱۳:۲۳,https://divar.ir/v/gaMSBK82
فروش ویلای لاکچری در قلب گلستان لاهیجان,فروش,گلستان,۱۵۰,۱۳۹۵,۳,"‏۲۵,۰۰۰,۰۰۰,۰۰۰ تومان","‏۹۰,۹۰۹,۰۰۰ تومان",,۲۶ مرداد ۱۴۰۵، ۱۹:۴۳,https://divar.ir/v/gaDKT2Lj
فروش یک باب مغازه به متراژ ۱۶_۴۸ مترمربع,فروش,لیل,۱۶,۱۳۹۵,۱,"‏۱,۷۰۰,۰۰۰,۰۰۰ تومان","‏۱۰۶,۲۵۰,۰۰۰ تومان",,۲۱ مرداد ۱۴۰۵، ۰۶:۲۹,https://divar.ir/v/ga7FOMif
اپارتمان تک واحدی طبقه اول,فروش,گلستان,۱۱۰,۱۴۰۴,۲,"‏۱۴,۳۰۰,۰۰۰,۰۰۰ تومان","‏۱۳۰,۰۰۰,۰۰۰ تومان",۱ از ۴,۱۵ تیر ۱۴۰۵، ۱۱:۲۳,https://divar.ir/v/gaHVH3ve
پیش فروش آپارتمان تحویل ۲ ماه,فروش,مهرگان,,,,,,,۲ شهریور ۱۴۰۵، ۱۳:۰۱,https://divar.ir/v/gaM-gJ_M
فروش ویلایی دوطبقه سند تک‌برگ ۴ خواب لاهیجان,فروش,کوی خزر,۱۹۴,۱۳۹۶,۴,"‏۳۰,۰۰۰,۰۰۰,۰۰۰ تومان","‏۱۵۱,۵۱۵,۰۰۰ تومان",,۲ شهریور ۱۴۰۵، ۱۲:۵۳,https://divar.ir/v/gaM2gjMr
فروش امتیاز تاکسی تلفنی همراه مغازه,فروش,کوی زمانی,۱۲,۱۳۹۸,۱,"‏۳,۰۰۰,۰۰۰,۰۰۰ تومان","‏۲۵۰,۰۰۰,۰۰۰ تومان",,۲ شهریور ۱۴۰۵، ۱۲:۴۹,https://divar.ir/v/gaMygNJV
زمین ۲۷۰ متری مسکونی,فروش,کوی خزر,,,,"‏۲,۹۰۰,۰۰۰,۰۰۰ تومان","‏۱۰,۷۴۰,۰۰۰ تومان",,۲ شهریور ۱۴۰۵، ۱۲:۴۴,https://divar.ir/v/gaMuQUTA
فروش ملک موقعیت دار بر اول اتوبان رشت لاهیجان,فروش,حاجی آباد,۲۵۸,۱۳۹۰,۲,"‏۱۲,۸۰۰,۰۰۰,۰۰۰ تومان","‏۴۹,۶۱۲,۰۰۰ تومان",,۱۶ مرداد ۱۴۰۵، ۱۸:۳۵,https://divar.ir/v/ga1N_6Z2
خانه ویلای درگلستان 33 قابل بازسازی برای سکونت,فروش,گلستان,,,,"‏۵,۸۵۰,۰۰۰,۰۰۰ تومان","‏۵۹,۶۹۳,۰۰۰ تومان",,۱ شهریور ۱۴۰۵، ۱۴:۲۰,https://divar.ir/v/gaKC9TES
450متر کاملا مسکونی سند تک برگ,فروش,آهندان,,,,"‏۱۴,۰۰۰,۰۰۰,۰۰۰ تومان","‏۳۳,۳۳۳,۰۰۰ تومان",,۲ شهریور ۱۴۰۵، ۱۲:۳۵,https://divar.ir/v/gaMmgFw5
فروش۲۵۰مترزمین تمام مسکونی_مجاز۳طبقه_معاوضه ماشین,فروش,شیشه گران,,,,"‏۴,۵۰۰,۰۰۰,۰۰۰ تومان","‏۱۸,۰۰۰,۰۰۰ تومان",,۲ شهریور ۱۴۰۵، ۱۲:۳۴,https://divar.ir/v/gaLKftpU
سلام خونه فروش در کوی زمانی,فروش,کوی زمانی,۸۵,۱۳۹۵,۲,"‏۸,۵۰۰,۰۰۰,۰۰۰ تومان","‏۱۰۰,۰۰۰,۰۰۰ تومان",۲,۲ شهریور ۱۴۰۵، ۱۲:۲۷,https://divar.ir/v/gaMeAeOl
معاوضه آپارتمان از پردیس فاز ۱۱ با لاهیجان,فروش,شیشه گران,۸۷,۱۴۰۰,۲,"‏۶,۰۰۰,۰۰۰,۰۰۰ تومان","‏۶۸,۹۶۵,۰۰۰ تومان",همکف از ۱۵,۲ شهریور ۱۴۰۵، ۱۲:۲۶,https://divar.ir/v/gaMewKIS
99 متر مستقل_ سه خواب_پارکینگ_ یاسر شهری,فروش,لیالستان,۹۹,۱۳۹۶,۳,"‏۸,۱۵۰,۰۰۰,۰۰۰ تومان","‏۸۲,۳۲۳,۰۰۰ تومان",۲,۲ شهریور ۱۴۰۵، ۱۲:۱۷,https://divar.ir/v/gaMWQF8C
زمین شالیزار .برنج,فروش,لفمجان,,,بدون اتاق,"‏۱,۲۰۰,۰۰۰,۰۰۰ تومان","‏۴۰۰,۰۰۰ تومان",,۲۸ مرداد ۱۴۰۵، ۱۷:۰۱,https://divar.ir/v/gaFC7Ih9
۸۳ متری میدان دانشگاه قابل تبدیل,رهن کامل,کوی استادان,۸۳,۱۳۹۰,۲,,,۳ از ۴,۲ شهریور ۱۴۰۵، ۱۲:۰۷,https://divar.ir/v/gaMKQmf5
500مترزمین کتشال مسکونی,فروش,لیل,,,,"‏۱۲,۰۰۰,۰۰۰,۰۰۰ تومان","‏۲۴,۰۰۰,۰۰۰ تومان",,۲ شهریور ۱۴۰۵، ۱۱:۵۶,https://divar.ir/v/gaMCAAPN
۷۵متری فول گلستان۴۷,رهن و اجاره,گلستان,۷۵,۱۳۹۶,۲,,,۱ از ۳,۲ شهریور ۱۴۰۵، ۱۱:۴۷,https://divar.ir/v/gaL2vvSV
۱۰۰ متری دوخوابه براصلی نزدیک دانشگاه,فروش,کوی استادان,۱۰۰,۱۴۰۴,۲,"‏۱۴,۵۰۰,۰۰۰,۰۰۰ تومان","‏۱۴۵,۰۰۰,۰۰۰ تومان",۱ از ۶,۲ شهریور ۱۴۰۵، ۱۱:۴۶,https://divar.ir/v/gaL2vxux
فروش زمین سنددارومسکونی برجاده اسفالت,فروش,بازکیاگوراب,,,,"‏۲,۶۰۰,۰۰۰,۰۰۰ تومان","‏۱۱,۰۱۶,۰۰۰ تومان",,۲ شهریور ۱۴۰۵، ۱۱:۴۰,https://divar.ir/v/gaLyvFdu
زمین ویو ابدی 430متری_ سند و پروانه‌ ساخت_نخجیر,فروش,لیالستان,,,,"‏۱۲,۲۰۰,۰۰۰,۰۰۰ تومان","‏۲۸,۳۷۲,۰۰۰ تومان",,۸ تیر ۱۴۰۵، ۰۰:۳۵,https://divar.ir/v/gaBxIqq1
رهن  واحد ۱۱۵ متری مستقل,رهن کامل,کوی زمانی,۱۱۵,۱۳۹۴,۲,,,۲,۲۲ مرداد ۱۴۰۵، ۱۲:۵۲,https://divar.ir/v/ga9xIh33
زمین با کاربری مسکونی با ویو شالیزار,فروش,لفمجان,,,,"‏۶۵۰,۰۰۰,۰۰۰ تومان","‏۵,۳۷۱,۰۰۰ تومان",,۳۱ تیر ۱۴۰۵، ۱۱:۳۷,https://divar.ir/v/gagh31yj
تک واحدی هدایت دوازده,فروش,شهرک جانبازان,۱۰۰,۱۴۰۴,۲,"‏۱۱,۰۰۰,۰۰۰,۰۰۰ تومان","‏۱۱۰,۰۰۰,۰۰۰ تومان",۱ از ۴,۲۲ مرداد ۱۴۰۵، ۱۰:۳۸,https://divar.ir/v/ga91WR6v
زمین تمام مسکونی انتهای ایثار گران کمربندی لاهیجان,فروش,لیالستان,,,,"‏۳,۲۰۰,۰۰۰,۰۰۰ تومان","‏۹,۳۵۶,۰۰۰ تومان",,۲ شهریور ۱۴۰۵، ۱۱:۲۶,https://divar.ir/v/gaLiPCDN
ویلای دوبلکس جنگلی,فروش,لیل,۱۸۰,۱۴۰۳,۲,"‏۱۳,۵۰۰,۰۰۰,۰۰۰ تومان","‏۲۴,۳۲۴,۰۰۰ تومان",,۲ شهریور ۱۴۰۵، ۱۱:۲۳,https://divar.ir/v/gaLivZ7V
فروش یک قطعه زمین,فروش,لفمجان,,,,"‏۳,۰۰۰,۰۰۰,۰۰۰ تومان","‏۷,۳۵۲,۰۰۰ تومان",,۲ شهریور ۱۴۰۵، ۱۱:۱۸,https://divar.ir/v/gaLSfrS-
اجاره 2 باب مغازه در خ منظریه لاهیجان,رهن و اجاره,شهید آوینی,۱۶,۱۳۸۴,بدون اتاق,,,,۳۱ مرداد ۱۴۰۵، ۰۸:۱۳,https://divar.ir/v/gaJii48D
ویلا دوبلکس 350 متری,فروش,لیالستان,۲۰۰,۱۴۰۰,۳,"‏۱۵,۰۰۰,۰۰۰,۰۰۰ تومان","‏۱۵,۰۰۰,۰۰۰ تومان",,۲ شهریور ۱۴۰۵، ۱۱:۱۲,https://divar.ir/v/gaLG_O_E
1000متر زمین لیالستان داخل طرح هادی,فروش,لیالستان,,,,"‏۳,۵۰۰,۰۰۰,۰۰۰ تومان","‏۳,۵۰۰,۰۰۰ تومان",,۲۱ مرداد ۱۴۰۵، ۱۲:۰۱,https://divar.ir/v/ga85S3We
زمین مسکونی ویو دار,فروش,آهندان,,,,"‏۱۲,۳۰۰,۰۰۰,۰۰۰ تومان","‏۱۴,۸۹۱,۰۰۰ تومان",,۲ شهریور ۱۴۰۵، ۱۱:۰۹,https://divar.ir/v/gaLS_96G
اجاره ویلایی ۲۰۰ متری_مناسب کاربری تجاری,رهن و اجاره,خمیر کلایه,۱۰۰,۱۳۷۸,۳,,,,۲ شهریور ۱۴۰۵، ۱۰:۵۴,https://divar.ir/v/gaLGvW7Y
سوییت نقلی فقط 2300,فروش,لیالستان,۴۵,۱۳۹۵,۱,"‏۲,۳۰۰,۰۰۰,۰۰۰ تومان","‏۵۱,۱۱۱,۰۰۰ تومان",همکف,۲ شهریور ۱۴۰۵، ۱۰:۴۹,https://divar.ir/v/gaLCvWtj
فروش سوییت نفررو,فروش,لیالستان,۵۰,۱۳۹۷,۱,"‏۳,۶۰۰,۰۰۰,۰۰۰ تومان","‏۷۲,۰۰۰,۰۰۰ تومان",همکف,۲ شهریور ۱۴۰۵، ۱۰:۴۳,https://divar.ir/v/gaL6-1Zg
فروش فوری ۳۳۰ متر زمین شهری محدوده خرمشهر کاشف,فروش,شهید آوینی,,,,"‏۲۹,۰۰۰,۰۰۰,۰۰۰ تومان","‏۹۰,۶۲۵,۰۰۰ تومان",,۳۱ مرداد ۱۴۰۵، ۱۴:۳۰,https://divar.ir/v/gaJCYUL9
فروش آپارتمان ۷۲متری در بر اصلی یاسر,فروش,لیالستان,۷۲,۱۳۹۹,۲,"‏۶,۱۲۰,۰۰۰,۰۰۰ تومان","‏۸۵,۰۰۰,۰۰۰ تومان",۱ از ۲,۲ شهریور ۱۴۰۵، ۱۰:۴۰,https://divar.ir/v/gaL6-DPE
آپارتمان ۱۵۷ متری مستقل طبقه اول آزادگان,فروش,کوی خزر,۱۵۷,۱۳۹۷,۳,"‏۱۹,۵۰۰,۰۰۰,۰۰۰ تومان","‏۱۲۴,۲۰۳,۰۰۰ تومان",۱,۲ شهریور ۱۴۰۵، ۱۰:۲۱,https://divar.ir/v/gaLa-W1C
خانه نخجیرکلایه,رهن و اجاره,لیالستان,۵۰,۱۳۸۰,۱,,,,۲ شهریور ۱۴۰۵، ۱۰:۱۱,https://divar.ir/v/gaLauWeF
رهن و اجاره واحد ۷۷ متری گلستان ۲۴,رهن و اجاره,گلستان,۷۷,۱۳۹۱,۲,,,۲ از ۲,۲ شهریور ۱۴۰۵، ۱۰:۰۴,https://divar.ir/v/gaLSOsnP
آپارتمان نوساز,فروش,کوی زمانی,,,,,,,۲ شهریور ۱۴۰۵، ۱۰:۰۲,https://divar.ir/v/gaLSumH8
آپارتمان ۱۰۰ متری در گلستان فول امکانات ویو ابدی,فروش,گلستان,۹۷,۱۴۰۰,۲,"‏۱۰,۵۰۰,۰۰۰,۰۰۰ تومان","‏۱۰۸,۲۴۷,۰۰۰ تومان",۱,۳۰ مرداد ۱۴۰۵، ۱۵:۳۵,https://divar.ir/v/gaIijey2
ویلایی در بازکیاگوراب,فروش,بازکیاگوراب,۱۵۰,قبل از ۱۳۷۰,۳,"‏۹,۰۰۰,۰۰۰,۰۰۰ تومان","‏۳۶,۷۳۴,۰۰۰ تومان",,۲ شهریور ۱۴۰۵، ۰۹:۵۹,https://divar.ir/v/gaLSuJd4
ویلا خاص برای خاص پسندان,فروش,قیام,۳۷۰,۱۴۰۴,۳,"‏۳۶,۰۰۰,۰۰۰,۰۰۰ تومان","‏۱۴۶,۹۳۸,۰۰۰ تومان",,۲ شهریور ۱۴۰۵، ۰۹:۴۳,https://divar.ir/v/gaLC-eym
اجاره آپارتمان ۸۳متری در لاهیجان,رهن و اجاره,کوی استادان,۸۳,۱۳۹۰,۲,,,۳ از ۴,۲ شهریور ۱۴۰۵، ۰۹:۲۶,https://divar.ir/v/gaLyt7QX
فروش زمین,فروش,لیالستان,,,,"‏۸,۵۰۰,۰۰۰,۰۰۰ تومان","‏۲۰,۴۸۱,۰۰۰ تومان",,۲ شهریور ۱۴۰۵، ۰۹:۲۶,https://divar.ir/v/gaLy9tac
آپارتمان راه جدا ط۲ خیابان خرمشهر,فروش,شهید آوینی,۱۱۰,۱۳۹۲,۲,"‏۱۳,۳۵۰,۰۰۰,۰۰۰ تومان","‏۱۲۱,۳۶۳,۰۰۰ تومان",۲ از ۲,۹ خرداد ۱۴۰۵، ۱۹:۴۷,https://divar.ir/v/gab0ApLH
۳۲۰ متر ویلایی بازسازی شده دوکله_ میدان دانشگاه,فروش,کوی استادان,۸۲,۱۴۰۰,۲,"‏۳۰,۴۰۰,۰۰۰,۰۰۰ تومان","‏۹۵,۰۰۰,۰۰۰ تومان",,۱۶ اردیبهشت ۱۴۰۵، ۱۲:۲۸,https://divar.ir/v/Qa7LQX38
زمین شهری پشت دادگستری لاهیجان,فروش,حاجی آباد,,,,"‏۴,۰۰۰,۰۰۰,۰۰۰ تومان","‏۲۶,۶۶۶,۰۰۰ تومان",,۲ شهریور ۱۴۰۵، ۰۸:۳۰,https://divar.ir/v/gaIGTZGr
واحد ۹۸ متری بر اصلی کوچه شیشه گران ۲طبقه تکواحدی,رهن کامل,شیشه گران,۹۸,۱۳۹۰,۱,,,۱ از ۲,۳۱ مرداد ۱۴۰۵، ۱۷:۱۵,https://divar.ir/v/gaJe6yYd
اجاره تخت مژه و میز ناخن,رهن و اجاره,شقایق,۸۵,۱۴۰۲,بدون اتاق,,,۱,۲ شهریور ۱۴۰۵، ۰۱:۳۸,https://divar.ir/v/gaL-Wama
ملک ۱۹۸ متری با خانه ۶۰ متری و مغازه,فروش,لیل,,,,"‏۱۵,۰۰۰,۰۰۰,۰۰۰ تومان","‏۷۵,۷۵۷,۰۰۰ تومان",,۲ شهریور ۱۴۰۵، ۰۰:۳۸,https://divar.ir/v/gaLqVQJ2
زمین ۲۰۰ متری روستای نارنج لنگه کوره بر,فروش,آهندان,,,,"‏۱,۲۰۰,۰۰۰,۰۰۰ تومان","‏۶,۰۰۰,۰۰۰ تومان",,۱ شهریور ۱۴۰۵، ۲۳:۵۹,https://divar.ir/v/gaLelshN
دوبلکس ۴۰ متر بالا ۴۰ متر پایین,فروش,کاروانسرابر,۴۰,۱۳۷۱,۲,"‏۵,۰۰۰,۰۰۰,۰۰۰ تومان","‏۱۲۵,۰۰۰,۰۰۰ تومان",همکف,۱ شهریور ۱۴۰۵، ۲۳:۴۹,https://divar.ir/v/gaLWFB44
فروش آپارتمان۱۲۰ متری نوساز لاهیجان شیشه گران,فروش,شیشه گران,۱۲۰,۱۴۰۵,۳,"‏۱۹,۲۰۰,۰۰۰,۰۰۰ تومان","‏۱۶۰,۰۰۰,۰۰۰ تومان",۲ از ۴,۱ شهریور ۱۴۰۵، ۲۳:۳۵,https://divar.ir/v/gaLG1TqB
آپارتمان۱۵۵متری نوساز کلید نخورده خیابان هدایت,رهن و اجاره,شهرک جانبازان,۱۵۵,۱۴۰۵,۳,,,۱ از ۵,۶ مرداد ۱۴۰۵، ۱۹:۰۸,https://divar.ir/v/gaoxcsVl
مغازه در پاساژ ارژنگ,رهن و اجاره,انقلاب,۱۲,۱۳۹۰,بدون اتاق,,,,۱ شهریور ۱۴۰۵، ۲۳:۱۳,https://divar.ir/v/gaL20Rtt
ویلای نوساز دوبلکس و مبله کلید نخورده کوره لاهیجان,فروش,لیل,۷۵,۱۴۰۵,۲,"‏۱۰,۵۰۰,۰۰۰,۰۰۰ تومان","‏۶۵,۶۲۵,۰۰۰ تومان",,۱ شهریور ۱۴۰۵، ۲۳:۰۹,https://divar.ir/v/gaLy0GfD
۳۲متر خانه یک نفره درلاهیجان,رهن و اجاره,مهرگان,۳۲,۱۳۹۲,۱,,,,۱۱ مرداد ۱۴۰۵، ۱۷:۰۱,https://divar.ir/v/gavZUqTd
باغی مسکونی  کوهبنه,فروش,آهندان,,,,"‏۱,۴۰۰,۰۰۰,۰۰۰ تومان","‏۱۳,۵۹۲,۰۰۰ تومان",,۱ شهریور ۱۴۰۵، ۲۳:۰۵,https://divar.ir/v/gaLukbpz
زمین مسکونی درآزارستانکی به مساحت330متر,فروش,آهندان,,,,"‏۶,۸۰۰,۰۰۰,۰۰۰ تومان","‏۲۰,۶۰۶,۰۰۰ تومان",,۱۴ مرداد ۱۴۰۵، ۲۲:۱۸,https://divar.ir/v/gazVIZOL
زمین مسکونی فوق‌العاده در منطقه بازکیاگوراب,فروش,بازکیاگوراب,,,,"‏۵,۷۲۴,۰۰۰,۰۰۰ تومان","‏۱۲,۰۰۰,۰۰۰ تومان",,۱ شهریور ۱۴۰۵، ۲۲:۵۳,https://divar.ir/v/gaLikVPT
زمین کشاورزی براصلی خیابان 35متری تجاری مسکونی,فروش,انقلاب,,,,"‏۲,۲۰۰,۰۰۰,۰۰۰ تومان","‏۵,۹۴۵,۰۰۰ تومان",,۲۶ مرداد ۱۴۰۵، ۱۶:۳۶,https://divar.ir/v/gaDegThR
پلاک زمین مسکونی 213متری,فروش,آهندان,,,,"‏۲,۹۰۰,۰۰۰,۰۰۰ تومان","‏۱۳,۶۱۵,۰۰۰ تومان",,۱ شهریور ۱۴۰۵، ۲۲:۳۵,https://divar.ir/v/gaLSUIs5
مسکونی کوهبنه,فروش,آهندان,,,,"‏۴,۳۰۰,۰۰۰,۰۰۰ تومان","‏۲۳,۴۹۷,۰۰۰ تومان",,۱ شهریور ۱۴۰۵، ۲۲:۳۴,https://divar.ir/v/gaLOU7My
زمین دره جیر کم نظیر,فروش,آهندان,,,,"‏۱۱,۹۹۰,۰۰۰,۰۰۰ تومان","‏۳۹,۹۶۶,۰۰۰ تومان",,۱ شهریور ۱۴۰۵، ۲۲:۲۵,https://divar.ir/v/gaLGk8Jd
پیش فروش۱۲۴متری بر شیخ زاهد لاهیجان,فروش,شیخ زاهد,,,,,,,۲۰ تیر ۱۴۰۵، ۱۴:۲۳,https://divar.ir/v/gaSBiPi1
فروش زمین مسکونی,فروش,طالقانی,,,,"‏۸,۹۰۰,۰۰۰,۰۰۰ تومان","‏۴,۲۳۸,۰۰۰ تومان",,۲۰ مرداد ۱۴۰۵، ۰۹:۲۹,https://divar.ir/v/ga6pLDwi
فروش زمین  روستایی,فروش,لیل,,,,"‏۶,۲۵۰,۰۰۰,۰۰۰ تومان","‏۱,۲۵۰,۰۰۰ تومان",,۱ شهریور ۱۴۰۵، ۲۲:۱۱,https://divar.ir/v/gaLyTrav
شهرک ساحلی ۳۵ واحدی_۳۵سند تک برگ_بدون مشابه,فروش,شیخ زاهد,۲۰۰۰,۱۴۰۵,۳,"‏۸۵۰,۰۰۰,۰۰۰,۰۰۰ تومان","‏۳۴,۰۰۰,۰۰۰ تومان",,۱ شهریور ۱۴۰۵، ۲۲:۰۷,https://divar.ir/v/gaL2zzZW
ویلاباغ۳۲۰۰متری لوکس بااستخر،ویو ابدی و بدون مشرف,فروش,آهندان,۲۰۰,۱۴۰۵,+۴,"‏۴۸,۵۰۰,۰۰۰,۰۰۰ تومان","‏۱۵,۱۵۶,۰۰۰ تومان",,۲ تیر ۱۴۰۵، ۲۲:۳۴,https://divar.ir/v/ga6gdqXb
۳۰ هکتار_یکی ازخاص‌ترین فرصت‌های سرمایه‌گذاری شمال,فروش,لیل,,,,"‏۲۱۰,۰۰۰,۰۰۰,۰۰۰ تومان","‏۷۰۰,۰۰۰ تومان",,۳ مرداد ۱۴۰۵، ۱۲:۴۹,https://divar.ir/v/gak9XlZu
خانه ی ویلایی سند دار نزدیک تالاب سوستان,فروش,لیل,۱۲۰,۱۳۸۲,۳,"‏۷,۶۰۰,۰۰۰,۰۰۰ تومان","‏۴۶,۰۶۰,۰۰۰ تومان",,۱۷ اردیبهشت ۱۴۰۵، ۱۵:۴۳,https://divar.ir/v/Qa8j1iwk
انتخاب خاص خریداران ویلا _ دوبلکس 860 متری 4خواب,فروش,گلستان,۲۷۰,۱۴۰۴,۴,"‏۳۵,۰۰۰,۰۰۰,۰۰۰ تومان","‏۴۰,۶۹۷,۰۰۰ تومان",,۲۶ خرداد ۱۴۰۵، ۱۵:۰۴,https://divar.ir/v/gaxQDrZO
فروش قطعه ی کوچک ۱۳۰ متری,فروش,بازکیاگوراب,,,,"‏۱,۳۰۰,۰۰۰,۰۰۰ تومان","‏۱۰,۰۰۰,۰۰۰ تومان",,۲۱ تیر ۱۴۰۵، ۰۹:۰۶,https://divar.ir/v/gaTdibOZ
باغ‌ویلایی در دل طبیعت_6500متر احاطه‌شده با جنگل‌,فروش,لیل,۷۰,۱۳۹۵,۲,"‏۳۹,۸۵۰,۰۰۰,۰۰۰ تومان","‏۶,۱۳۰,۰۰۰ تومان",,۲۱ اردیبهشت ۱۴۰۵، ۱۷:۳۵,https://divar.ir/v/gaBEOsBg
موقعیت طلائی گردشگری_ زمین 6 هکتار خاص و رویایی,فروش,لیالستان,,,,"‏۹۰,۰۰۰,۰۰۰,۰۰۰ تومان","‏۱,۵۰۰,۰۰۰ تومان",,۲۵ شهریور ۱۴۰۴، ۲۱:۴۱,https://divar.ir/v/AaJjaLkk
فروش زمین با کاربری مسکونی در لاهیجان,فروش,کوی استادان,,,,"‏۱۲,۰۰۰,۰۰۰,۰۰۰ تومان","‏۱۰۰,۰۰۰,۰۰۰ تومان",,۱ شهریور ۱۴۰۵، ۲۱:۵۱,https://divar.ir/v/gaLCjpzd
تجاری مسکونی _ سه‌بر _سند تک‌برگ _ لوکیشن پرتردد,فروش,امیرشهید,۱۳۵,۱۳۹۰,۲,"‏۵۰,۰۰۰,۰۰۰,۰۰۰ تومان","‏۳۷۰,۳۷۰,۰۰۰ تومان",۱,۱ شهریور ۱۴۰۵، ۲۱:۴۸,https://divar.ir/v/gaLCDE_6
زمین مسکونی ۲۲۴متربیدرون آماده ساخت,فروش,لفمجان,,,,"‏۲,۸۰۰,۰۰۰,۰۰۰ تومان","‏۱۲,۵۰۰,۰۰۰ تومان",,۲۶ مرداد ۱۴۰۵، ۱۸:۰۸,https://divar.ir/v/gaDyhJrk
آپارتمان در گلستان,فروش,گلستان,۱۰۳,۱۴۰۱,۲,"‏۱۰,۷۰۰,۰۰۰,۰۰۰ تومان","‏۱۰۳,۸۸۳,۰۰۰ تومان",۲,۱ شهریور ۱۴۰۵، ۱۰:۰۰,https://divar.ir/v/gaKOZZEX
آپارتمان نوساز ۹۰ متر تکواحدی,فروش,جمهوری,۹۰,۱۴۰۵,۲,"‏۱۱,۰۰۰,۰۰۰,۰۰۰ تومان","‏۱۲۲,۲۲۲,۰۰۰ تومان",۱ از ۳,۱ شهریور ۱۴۰۵، ۲۱:۰۰,https://divar.ir/v/gaL2y7Hz
واحد۱۰۰مترنوساز_لوکیشن برندکارگرابتدا_ویوشیطان کو,فروش,رجایی,۱۰۰,۱۴۰۵,۲,"‏۲۶,۰۰۰,۰۰۰,۰۰۰ تومان","‏۲۶۰,۰۰۰,۰۰۰ تومان",۳,۱ شهریور ۱۴۰۵، ۲۰:۵۹,https://divar.ir/v/gaL2y-gP
واحد ۱۱۰مترنوساز _لاکچری پسند _دور استخر چند قدمی,فروش,شیخ زاهد,۱۱۰,۱۴۰۵,۲,"‏۱۹,۰۰۰,۰۰۰,۰۰۰ تومان","‏۱۷۲,۷۲۷,۰۰۰ تومان",۴ از ۵,۱ شهریور ۱۴۰۵، ۲۰:۴۱,https://divar.ir/v/gaLmCzoA
200 متر زمین روستایی در یک قدمی لاهیجان,فروش,بازکیاگوراب,,,,"‏۱,۸۰۰,۰۰۰,۰۰۰ تومان","‏۹,۰۰۰,۰۰۰ تومان",,۱۷ مرداد ۱۴۰۵، ۱۳:۲۴,https://divar.ir/v/ga2B_ANI
ویلایی۷۰۰متری۱۶۰متربنا,فروش,شیشه گران,۱۶۰,۱۴۰۲,۲,"‏۱۳,۳۰۰,۰۰۰,۰۰۰ تومان","‏۱۹,۰۰۰,۰۰۰ تومان",,۱ شهریور ۱۴۰۵، ۲۰:۲۹,https://divar.ir/v/gaLaSj82
اجاره آپارتمان۱۴۵متری تک واحدی گلستان۶,رهن و اجاره,گلستان,۱۴۵,۱۳۹۶,۳,,,۱ از ۲,۱۴ مرداد ۱۴۰۵، ۱۷:۴۲,https://divar.ir/v/gazRkipr
زمین مسکونی با پروانه ساخت,فروش,لیل,,,,"‏۴,۱۰۰,۰۰۰,۰۰۰ تومان","‏۱۴,۵۹۰,۰۰۰ تومان",,۱ شهریور ۱۴۰۵، ۱۹:۴۲,https://divar.ir/v/gaLuBlMy
رهن واحد مسکونی در سلمان فارسی,رهن کامل,شهرک سلمان فارسی,۹۳,۱۳۹۵,۲,,,۳,۱ شهریور ۱۴۰۵، ۱۹:۳۰,https://divar.ir/v/gaLiha1p
زمین باغی به متراژ 477 متر,فروش,آهندان,,,,"‏۶,۰۰۰,۰۰۰,۰۰۰ تومان","‏۱۲,۵۷۸,۰۰۰ تومان",,۱ شهریور ۱۴۰۵، ۱۹:۲۰,https://divar.ir/v/gaLaxsgt
فروش مغازه,فروش,لیالستان,۱۷۷,۱۳۸۵,بدون اتاق,"‏۳۱,۰۰۰,۰۰۰,۰۰۰ تومان","‏۱۷۵,۱۴۱,۰۰۰ تومان",,۱ شهریور ۱۴۰۵، ۱۹:۱۵,https://divar.ir/v/gaLWhqsx
زمین باغی با سازه,فروش,لیل,,,,"‏۲,۰۰۰,۰۰۰,۰۰۰ تومان","‏۹,۴۳۳,۰۰۰ تومان",,۱ شهریور ۱۴۰۵، ۱۳:۵۲,https://divar.ir/v/gaKms0Wn
ابتدای وحدت فایل نقلی و خوش قیمت,فروش,کوی زمانی,۷۰,۱۳۹۷,۲,"‏۶,۲۰۰,۰۰۰,۰۰۰ تومان","‏۸۸,۵۷۱,۰۰۰ تومان",۱ از ۲,۱ شهریور ۱۴۰۵، ۱۹:۰۳,https://divar.ir/v/gaLKhk7i
زمین لاهیجان مسکونی سند تک برگ,فروش,شیخ زاهد,,,,"‏۹,۵۷۵,۰۰۰,۰۰۰ تومان","‏۲۵,۰۰۰,۰۰۰ تومان",,۱ شهریور ۱۴۰۵، ۱۸:۵۵,https://divar.ir/v/gaLqQKq-
6060 متر زمین کشاورزی,فروش,انقلاب,,,بدون اتاق,"‏۳,۹۴۰,۰۰۰,۰۰۰ تومان","‏۶۵۰,۰۰۰ تومان",,۱ شهریور ۱۴۰۵، ۱۸:۴۵,https://divar.ir/v/gaL6QUBk
فروش زمین داخل طرح هادی   فروش فوری,فروش,لیالستان,,,,"‏۱,۲۰۰,۰۰۰,۰۰۰ تومان","‏۵,۰۰۰,۰۰۰ تومان",,۱۷ مرداد ۱۴۰۵، ۱۵:۴۶,https://divar.ir/v/ga31h9kA
فروش زمین مسکونی  همراه سند مالکیت لیالستان,فروش,لیالستان,,,,"‏۵,۲۰۰,۰۰۰,۰۰۰ تومان","‏۲۲,۶۰۸,۰۰۰ تومان",,۱ شهریور ۱۴۰۵، ۱۸:۴۳,https://divar.ir/v/gaKWZpD4
۳۳۰متر لیالستان,فروش,لیالستان,,,,"‏۹,۴۰۰,۰۰۰,۰۰۰ تومان","‏۸۵,۴۵۴,۰۰۰ تومان",,۱ شهریور ۱۴۰۵، ۱۸:۴۳,https://divar.ir/v/gaL2Ar0C
فروش آپارتمان ۹۰متری تک واحد طبقه۴ گلستان۴۳,فروش,گلستان,۹۰,۱۴۰۳,۲,"‏۱۲,۲۰۰,۰۰۰,۰۰۰ تومان","‏۱۳۵,۵۵۵,۰۰۰ تومان",۴ از ۵,۳۰ تیر ۱۴۰۵، ۱۲:۰۳,https://divar.ir/v/gaf5isgE
فروش آپارتمان ۶۴ متری دانش طبقه اول,فروش,کوی آزادگان,۶۴,۱۳۹۹,۲,"‏۸,۳۰۰,۰۰۰,۰۰۰ تومان","‏۱۲۹,۶۸۷,۰۰۰ تومان",۱ از ۳,۲۷ تیر ۱۴۰۵، ۱۲:۱۱,https://divar.ir/v/gabtjwyb
۱۶۰ متر زمین مسکونی در خود شهر لاهیجان رسالت ۴۶,فروش,لیالستان,,,,"‏۱,۹۲۰,۰۰۰,۰۰۰ تومان","‏۱۲,۰۰۰,۰۰۰ تومان",,۱ شهریور ۱۴۰۵، ۱۸:۳۸,https://divar.ir/v/gaKmpM1S
فروش زمین باغی ۴۰۰ متری چسبیده به شهر,فروش,آهندان,,,,"‏۲,۰۰۰,۰۰۰,۰۰۰ تومان","‏۵,۰۰۰,۰۰۰ تومان",,۱ شهریور ۱۴۰۵، ۱۸:۳۶,https://divar.ir/v/gaLyQi5i
فروش آپارتمان مستقل۸۰متری طبقه اول بهارستان,فروش,کوی آزادگان,۸۰,۱۳۹۶,۲,"‏۱۰,۲۰۰,۰۰۰,۰۰۰ تومان","‏۱۲۷,۵۰۰,۰۰۰ تومان",۱ از ۲,۱ مرداد ۱۴۰۵، ۱۶:۲۶,https://divar.ir/v/gai9AaEk
فروش ویلا ۱۱۵ متری گلستان فرد نزدیک استخر,فروش,گلستان,۷۸,۱۳۹۶,۲,"‏۱۳,۹۰۰,۰۰۰,۰۰۰ تومان","‏۱۲۰,۸۶۹,۰۰۰ تومان",,۲۷ تیر ۱۴۰۵، ۱۲:۱۵,https://divar.ir/v/gabxD3XL
فروش آپارتمان ۶۴متری نوساز مهرگان,فروش,مهرگان,۶۴,۱۴۰۴,۲,"‏۸,۵۰۰,۰۰۰,۰۰۰ تومان","‏۱۳۲,۸۱۲,۰۰۰ تومان",۱ از ۳,۱۱ مرداد ۱۴۰۵، ۱۰:۲۶,https://divar.ir/v/gaupuCGl
400 متر زمین با کاربری مسکونی,فروش,لفمجان,,,,"‏۲,۱۸۰,۰۰۰,۰۰۰ تومان","‏۵,۴۵۰,۰۰۰ تومان",,۱ شهریور ۱۴۰۵، ۱۷:۳۲,https://divar.ir/v/gaK2PY12
تک واحدی 123 متری سه خواب در آزادگان,فروش,کوی خزر,۱۲۳,۱۴۰۵,۳,"‏۱۸,۵۰۰,۰۰۰,۰۰۰ تومان","‏۱۵۰,۴۰۶,۰۰۰ تومان",۲ از ۵,۱ شهریور ۱۴۰۵، ۱۷:۲۱,https://divar.ir/v/gaKq_sQs
۴۰۲ متر زمین تماما مسکونی  در تموشل,فروش,آهندان,,,,"‏۶,۰۰۰,۰۰۰,۰۰۰ تومان","‏۱۴,۹۲۵,۰۰۰ تومان",,۲۴ مرداد ۱۴۰۵، ۱۳:۵۶,https://divar.ir/v/gaA6TYQh
1000 متر زمین کامل مسکونی,فروش,بازکیاگوراب,,,,"‏۸,۷۵۰,۰۰۰,۰۰۰ تومان","‏۸,۷۵۰,۰۰۰ تومان",,۱۵ مرداد ۱۴۰۵، ۲۳:۲۱,https://divar.ir/v/ga0VeoME
فروش اپارتمان,فروش,گلستان,۱۴۵,۱۴۰۴,۳,"‏۱۹,۵۰۰,۰۰۰,۰۰۰ تومان","‏۱۳۴,۴۸۲,۰۰۰ تومان",۲ از ۴,۱ شهریور ۱۴۰۵، ۱۷:۰۴,https://divar.ir/v/gaKav3l-
رهن آپارتمان راه جدا,رهن کامل,بازکیاگوراب,۶۰,۱۴۰۵,۱,,,همکف,۱ شهریور ۱۴۰۵، ۱۷:۰۳,https://divar.ir/v/gaKafhUM
اجاره مغازه میدان گیل به میدان برق,رهن و اجاره,طالقانی,۴۰۰,۱۴۰۲,۱,,,,۱ شهریور ۱۴۰۵، ۱۶:۵۶,https://divar.ir/v/gaKSPzJC
واحد ۱۷۰متری ۳ خواب نیما,فروش,شیشه گران,۱۷۰,۱۴۰۲,۳,"‏۳۰,۶۰۰,۰۰۰,۰۰۰ تومان","‏۱۸۰,۰۰۰,۰۰۰ تومان",۴,۲۴ اردیبهشت ۱۴۰۵، ۱۴:۳۰,https://divar.ir/v/gaFsaNjd
فروش زمین ۲۲۰ متر,فروش,شقایق,,,,"‏۴۸۰,۰۰۰,۰۰۰ تومان","‏۲,۱۶۲,۰۰۰ تومان",,۱ شهریور ۱۴۰۵، ۱۶:۴۵,https://divar.ir/v/gaKK_Rpj
سویت 51 متری نور گیر مستقل,رهن و اجاره,لیالستان,۵۱,۱۳۹۶,۱,,,همکف از ۲,۱ شهریور ۱۴۰۵، ۱۶:۴۱,https://divar.ir/v/gaKGvNj8
۷۷۸ متر زمین مسکونی لاهیجان,فروش,آهندان,,,,"‏۸,۰۰۰,۰۰۰,۰۰۰ تومان","‏۱۰,۲۸۲,۰۰۰ تومان",,۳ خرداد ۱۴۰۵، ۲۲:۰۹,https://divar.ir/v/gaTU0rIm
زمین روستایی مسکونی,فروش,گلستان,,,,"‏۳۲,۲۰۰,۰۰۰,۰۰۰ تومان","‏۷,۰۰۰,۰۰۰ تومان",,۱۶ مرداد ۱۴۰۵، ۱۸:۴۳,https://divar.ir/v/ga1Z_JUN
زمین مناسب ساخت خانه ویلایی (چهاردیواری),فروش,گلستان,,,,"‏۱,۴۰۰,۰۰۰,۰۰۰ تومان","‏۶,۶۳۵,۰۰۰ تومان",,۲۰ مرداد ۱۴۰۵، ۲۱:۳۴,https://divar.ir/v/ga7Nm7yw
فروش زمین مسکونی نزدیک به شهر لاهیجان,فروش,لیالستان,,,,"‏۲,۶۷۵,۰۰۰,۰۰۰ تومان","‏۷,۷۹۸,۰۰۰ تومان",,۳۰ تیر ۱۴۰۵، ۰۱:۵۵,https://divar.ir/v/gae9ZaUn
فروش زمین مسکونی در لاهیجان,فروش,آهندان,,,,"‏۴,۵۰۰,۰۰۰,۰۰۰ تومان","‏۳۰,۰۰۰,۰۰۰ تومان",,۱ شهریور ۱۴۰۵، ۱۶:۰۴,https://divar.ir/v/gaKiOn8m
فروش زمین مسکونی در لاهیجان روستای دره جیر,فروش,آهندان,,,,"‏۸,۳۸۵,۰۰۰,۰۰۰ تومان","‏۳۹,۰۰۰,۰۰۰ تومان",,۱۷ تیر ۱۴۰۵، ۱۵:۴۱,https://divar.ir/v/gaO1DLRN
فروش زمین باغی در لاهیجان,فروش,کوی آزادگان,,,,"‏۲,۸۰۰,۰۰۰,۰۰۰ تومان","‏۵,۱۲۸,۰۰۰ تومان",,۱ شهریور ۱۴۰۵، ۱۶:۰۰,https://divar.ir/v/gaKe-1Yj
زمین مسکونی,فروش,بازکیاگوراب,,,,"‏۱,۸۷۵,۰۰۰,۰۰۰ تومان","‏۷,۵۰۰,۰۰۰ تومان",,۱ شهریور ۱۴۰۵، ۱۵:۵۹,https://divar.ir/v/gaKe-ifa
اپارتمان ۸۱ متری دو بر,فروش,گلستان,۸۱,۱۳۹۷,۲,"‏۱۳,۰۰۰,۰۰۰,۰۰۰ تومان","‏۱۶۰,۴۹۳,۰۰۰ تومان",۲,۱ شهریور ۱۴۰۵، ۱۵:۲۹,https://divar.ir/v/gaKC-Svc
فروش اپارتمان,فروش,گلستان,۱۱۳,۱۴۰۴,۲,"‏۱۹,۲۱۰,۰۰۰,۰۰۰ تومان","‏۱۷۰,۰۰۰,۰۰۰ تومان",۱ از ۵,۵ تیر ۱۴۰۵، ۱۹:۴۶,https://divar.ir/v/ga-UKqVV
آپارتمان ۷۸ متری شهرک ماهان,فروش,بازکیاگوراب,۷۸,۱۴۰۵,۲,"‏۱۰۰,۰۰۰,۰۰۰ تومان","‏۱,۲۸۲,۰۰۰ تومان",۴ از ۵,۱ شهریور ۱۴۰۵، ۱۵:۲۰,https://divar.ir/v/gaK69gvu
60متر آپارتمان مستقل راه جدا پارکینگ خشک دوخوابه,فروش,پردسر,۶۰,۱۳۹۷,۲,"‏۶,۸۰۰,۰۰۰,۰۰۰ تومان","‏۱۱۳,۳۳۳,۰۰۰ تومان",۱,۲۱ مرداد ۱۴۰۵، ۱۳:۰۱,https://divar.ir/v/ga8lzOsQ
رهن و اجاره ی نوساز در شیخ زاهد_ کلید نخورده,رهن و اجاره,شیخ زاهد,۷۵,۱۴۰۵,۲,,,۱ از ۴,۱ شهریور ۱۴۰۵، ۱۵:۱۴,https://divar.ir/v/gaKyt0H5
زمین ۲۰۰متری دوبر با پروانه ساخت,فروش,لیل,,,,"‏۲,۲۰۰,۰۰۰,۰۰۰ تومان","‏۱۱,۰۰۰,۰۰۰ تومان",,۲۱ مرداد ۱۴۰۵، ۱۲:۴۷,https://divar.ir/v/ga31nDD6
مغازه ـ بر اصلی خ  امام خمینی ـ ۲۴ متر,فروش,خمیر کلایه,۲۴,۱۳۷۶,بدون اتاق,"‏۷,۰۰۰,۰۰۰,۰۰۰ تومان","‏۲۹۱,۶۶۶,۰۰۰ تومان",,۹ تیر ۱۴۰۵، ۰۹:۰۲,https://divar.ir/v/gaDRFjzC
زمین ۱۵۰۰ متری بر جاده اصلی سیاهکل به لاهیجان,فروش,بازکیاگوراب,,,,"‏۷,۰۰۰,۰۰۰,۰۰۰ تومان","‏۴,۶۶۶,۰۰۰ تومان",,۱۶ تیر ۱۴۰۵، ۱۰:۴۳,https://divar.ir/v/gaMZq744
زمین فروشی اطراف لاهیجان,فروش,لیالستان,,,,"‏۵,۵۰۰,۰۰۰,۰۰۰ تومان","‏۷,۲۳۶,۰۰۰ تومان",,۲۶ مرداد ۱۴۰۵، ۱۶:۴۲,https://divar.ir/v/gaDigq15
زمین ۲۸۶ متری مسکونی,فروش,بازکیاگوراب,,,,"‏۴,۲۹۰,۰۰۰,۰۰۰ تومان","‏۱۵,۰۰۰,۰۰۰ تومان",,۱۶ مرداد ۱۴۰۵، ۲۳:۲۷,https://divar.ir/v/ga2FjkWa
فروش واحد ویودار شیخ زاهد,فروش,گلستان,۱۱۸,۱۴۰۲,۲,"‏۱۴,۰۰۰,۰۰۰,۰۰۰ تومان","‏۱۱۸,۶۴۴,۰۰۰ تومان",۱ از ۲,۲۱ مرداد ۱۴۰۵، ۱۴:۳۸,https://divar.ir/v/ga8RlEpi
مغازه پاساژ خیرخواه,رهن و اجاره,خمیر کلایه,۱۴,۱۳۷۱,بدون اتاق,,,,۱ شهریور ۱۴۰۵، ۱۳:۲۹,https://divar.ir/v/gaKS8RIc
فروش فوری زمین طرح هادی در لاهیجان,فروش,لیالستان,,,,"‏۱,۲۰۰,۰۰۰,۰۰۰ تومان","‏۷,۵۹۴,۰۰۰ تومان",,۱ شهریور ۱۴۰۵، ۱۳:۱۹,https://divar.ir/v/gaKG8pNC
زمین مسکونی شهری,فروش,کوی استادان,,,,"‏۶,۶۵۰,۰۰۰,۰۰۰ تومان","‏۴۶,۸۳۰,۰۰۰ تومان",,۱۵ مرداد ۱۴۰۵، ۱۰:۳۹,https://divar.ir/v/ga0Jz9_1
زمین لاهیجان,فروش,لیل,,,,"‏۲۲۰,۰۰۰,۰۰۰ تومان","‏۱,۱۰۰,۰۰۰ تومان",,۲۸ تیر ۱۴۰۵، ۱۶:۴۴,https://divar.ir/v/gac1cc_C
آپارتمان ویلا ۱۰۴ متری مستقل در سوستان,فروش,لیل,۱۰۴,۱۳۹۵,۲,"‏۹,۵۰۰,۰۰۰,۰۰۰ تومان","‏۹۱,۳۴۶,۰۰۰ تومان",۱ از ۲,۱ شهریور ۱۴۰۵، ۱۲:۵۸,https://divar.ir/v/gaK2bRwh
پیش‌فروش واحد۱۰۰ متری در خیابان نیما لاهیجان,فروش,رجایی,,,,,,,۱ شهریور ۱۴۰۵، ۱۲:۵۳,https://divar.ir/v/gaKy7C3T
واحد ۷۴ متری دو خواب رسالت *فروش فوری*,فروش,لیالستان,۷۴,۱۳۹۴,۲,"‏۵,۴۰۲,۰۰۰,۰۰۰ تومان","‏۷۳,۰۰۰,۰۰۰ تومان",همکف,۴ مرداد ۱۴۰۵، ۰۹:۵۷,https://divar.ir/v/galhqjJs
واحد نوساز وام دار نقلی در طالقانی زوج,فروش,طالقانی,۶۶,۱۴۰۳,۲,"‏۷,۲۶۰,۰۰۰,۰۰۰ تومان","‏۱۱۰,۰۰۰,۰۰۰ تومان",۲ از ۳,۲۰ مرداد ۱۴۰۵، ۱۹:۰۱,https://divar.ir/v/ga7B0Nse
فروش واحد مستقل ۶۳ متری ۲خواب بهارستان,فروش,کوی آزادگان,۶۳,۱۳۹۴,۲,"‏۷,۷۵۰,۰۰۰,۰۰۰ تومان","‏۱۲۳,۰۱۵,۰۰۰ تومان",۲,۱ شهریور ۱۴۰۵، ۱۱:۵۵,https://divar.ir/v/gaK66cr2
۱۰۰متر واحد مستقل بهارستان,فروش,کوی آزادگان,۱۰۰,۱۳۹۰,۲,"‏۹,۰۰۰,۰۰۰,۰۰۰ تومان","‏۹۰,۰۰۰,۰۰۰ تومان",همکف,۱ شهریور ۱۴۰۵، ۱۱:۵۱,https://divar.ir/v/gaK2aXmC
آپارتمان نو ساز کلید نخورده,فروش,شیشه گران,۱۱۵,۱۴۰۵,۲,"‏۲۴,۵۰۰,۰۰۰,۰۰۰ تومان","‏۲۱۳,۰۴۳,۰۰۰ تومان",۲ از ۴,۱ شهریور ۱۴۰۵، ۱۱:۴۷,https://divar.ir/v/gaKyaLAI
فروش یک قطعه زمین مسکونی در روستای کتشال,فروش,قیام,,,,"‏۱۹,۹۵۰,۰۰۰,۰۰۰ تومان","‏۲۵,۰۰۰,۰۰۰ تومان",,۱۴ مرداد ۱۴۰۵، ۱۳:۰۴,https://divar.ir/v/gazNALNp
زمین باغی,فروش,لیل,,,,"‏۵۰۰,۰۰۰,۰۰۰ تومان","‏۲,۵۰۰,۰۰۰ تومان",,۱ شهریور ۱۴۰۵، ۱۱:۳۶,https://divar.ir/v/gaKmqq2i
لاهیجان رهن و اجاره  مغازه 10 متری کوچه برق,رهن و اجاره,انقلاب,۱۰,۱۳۹۷,بدون اتاق,,,,۱ شهریور ۱۴۰۵، ۱۱:۲۲,https://divar.ir/v/gaKaKVh8
آپارتمان ۲۱۰متری گارگر جنوبی,فروش,رجایی,۲۱۰,۱۴۰۵,۳,"‏۴۴,۱۰۰,۰۰۰,۰۰۰ تومان","‏۲۱۰,۰۰۰,۰۰۰ تومان",۴,۱ شهریور ۱۴۰۵، ۱۱:۱۵,https://divar.ir/v/gaKWKJbH
مستقل طبقه اول_فایل کاسبی,فروش,شهرک جانبازان,۷۸,۱۳۹۴,۲,"‏۸,۲۰۰,۰۰۰,۰۰۰ تومان","‏۱۰۵,۱۲۸,۰۰۰ تومان",۱ از ۲,۱ شهریور ۱۴۰۵، ۱۱:۰۶,https://divar.ir/v/gaKGqtBX
۲۰۰متر زمین و ۷۰ بنای نیمه کاره در توستان لاهیجان,فروش,بازکیاگوراب,,,,"‏۳,۳۹۰,۰۰۰,۰۰۰ تومان","‏۱۶,۹۵۰,۰۰۰ تومان",,۱۵ مرداد ۱۴۰۵، ۱۰:۰۷,https://divar.ir/v/ga0tyRhF
ویلای کوهستانی قدیمی . سند دار  می‌باشد,فروش,آهندان,۷۰,۱۳۷۷,۲,"‏۲۱,۰۰۰,۰۰۰,۰۰۰ تومان","‏۱۵,۴۶۳,۰۰۰ تومان",,۱ شهریور ۱۴۰۵، ۱۰:۵۱,https://divar.ir/v/gaK-pGKJ
اجاره واحد تربیت معلم,رهن و اجاره,شهرک سلمان فارسی,۸۵,۱۳۹۵,۲,,,۲ از ۳,۱ شهریور ۱۴۰۵، ۱۰:۴۹,https://divar.ir/v/gaK6Z4V7
زمین مسکونی_تجاری_۳۵۹مترمربع_کمربندی,فروش,کوی خزر,,,بدون اتاق,"‏۱۴,۳۶۰,۰۰۰,۰۰۰ تومان","‏۴۰,۰۰۰,۰۰۰ تومان",,۱۷ مرداد ۱۴۰۵، ۲۲:۵۷,https://divar.ir/v/ga3JI_gA
فروش واحد مسکونی گلستان ۳۰,فروش,گلستان,۱۱۰,۱۴۰۳,۲,"‏۱۳,۲۰۰,۰۰۰,۰۰۰ تومان","‏۱۲۰,۰۰۰,۰۰۰ تومان",۱,۴ مرداد ۱۴۰۵، ۱۹:۱۱,https://divar.ir/v/galFLSAP
پیش فروش ۱۰۰ متری _ خرمشهر,فروش,شقایق,,,,,,,۲۸ مرداد ۱۴۰۵، ۱۰:۴۵,https://divar.ir/v/gaFaFaWF
واحد ۱۲۸ متر,فروش,گلستان,۱۲۸,۱۳۹۹,۳,"‏۱۸,۵۰۰,۰۰۰,۰۰۰ تومان","‏۱۴۴,۵۳۱,۰۰۰ تومان",۴ از ۴,۳ مرداد ۱۴۰۵، ۱۱:۴۳,https://divar.ir/v/gaktm7_A
۲۶۰ متر زمین شهری,فروش,یوسف آباد,,,,"‏۱۱,۷۰۰,۰۰۰,۰۰۰ تومان","‏۴۵,۰۰۰,۰۰۰ تومان",,۱ شهریور ۱۴۰۵، ۱۰:۲۶,https://divar.ir/v/gaKm5jpd
فروش زمین با پروانه گلخانه,فروش,بازکیاگوراب,,,۱,"‏۶,۴۹۵,۰۰۰,۰۰۰ تومان","‏۳,۰۰۰,۰۰۰ تومان",,۸ مرداد ۱۴۰۵، ۱۷:۳۱,https://divar.ir/v/garl1AOJ
پیش‌فروش ۸۷ متری دوکله_خیابان شهدا,فروش,طالقانی,,,,,,,۱ شهریور ۱۴۰۵، ۱۰:۲۴,https://divar.ir/v/gaKiZlI7
۱۵۲ متر زمین سند دار لاهیجان,فروش,بازکیاگوراب,,,,"‏۱,۶۰۰,۰۰۰,۰۰۰ تومان","‏۱۰,۵۲۶,۰۰۰ تومان",,۳ مرداد ۱۴۰۵، ۱۴:۴۴,https://divar.ir/v/gakppIY7
اجاره واحد ۱۰۵ متری خیابان کارگر,رهن و اجاره,رجایی,۱۰۵,۱۴۰۵,۲,,,۱,۱ شهریور ۱۴۰۵، ۱۰:۰۳,https://divar.ir/v/gaKSJBB7
ویلا سنددار,فروش,بازکیاگوراب,۹۰,۱۳۹۶,۲,"‏۹,۰۰۰,۰۰۰,۰۰۰ تومان","‏۱۸,۰۰۰,۰۰۰ تومان",,۱ شهریور ۱۴۰۵، ۰۹:۵۹,https://divar.ir/v/gaKGpE4S
پیش فروش واحد طبقه اول گلستان ۴۵,فروش,گلستان,,,,,,,۱ شهریور ۱۴۰۵، ۰۹:۵۷,https://divar.ir/v/gaKKZn5F
آپارتمان ‌۷۲متری خیابان بعثت,فروش,گلستان,۷۲,۱۳۹۷,۲,"‏۶,۵۰۰,۰۰۰,۰۰۰ تومان","‏۹۰,۲۷۷,۰۰۰ تومان",۳ از ۳,۱ شهریور ۱۴۰۵، ۰۹:۴۵,https://divar.ir/v/gaK-o8Dj
۱۲۵ متر بهترین لوکیشن گلستان چسب استخر سازنده نامی,فروش,گلستان,۱۲۵,۱۴۰۱,۲,"‏۲۳,۰۰۰,۰۰۰,۰۰۰ تومان","‏۱۸۴,۰۰۰,۰۰۰ تومان",۲,۱ شهریور ۱۴۰۵، ۰۹:۲۹,https://divar.ir/v/gaJyXJcx
اجاره سالیانه,رهن و اجاره,آهندان,۸۰,۱۴۰۰,۲,,,,۳ تیر ۱۴۰۵، ۱۷:۳۳,https://divar.ir/v/ga7MOZzZ
مسکونی»«معاوضه,فروش,بازکیاگوراب,,,,"‏۵,۲۵۰,۰۰۰,۰۰۰ تومان","‏۱۵,۰۰۰,۰۰۰ تومان",,۲۰ مرداد ۱۴۰۵، ۱۹:۱۷,https://divar.ir/v/ga7N08-T
فروش زمین روبروی مسکن مهرلاهیجان,فروش,بازکیاگوراب,,,,"‏۴,۰۰۰,۰۰۰,۰۰۰ تومان","‏۱۰,۰۰۰,۰۰۰ تومان",,۱ شهریور ۱۴۰۵، ۰۸:۴۷,https://divar.ir/v/gaKKocWo
آپارتمان ۶۳ متر دو خواب,فروش,گلستان,۶۳,۱۴۰۱,۲,"‏۸,۲۰۰,۰۰۰,۰۰۰ تومان","‏۱۳۰,۱۵۸,۰۰۰ تومان",۳,۱۸ مرداد ۱۴۰۵، ۲۱:۴۴,https://divar.ir/v/ga4NsXUy
فروش زمین با کاربری مسکونی,فروش,لیالستان,,,,"‏۲۷,۰۰۰,۰۰۰,۰۰۰ تومان","‏۲۱,۸۴۴,۰۰۰ تومان",,۱ شهریور ۱۴۰۵، ۰۸:۱۷,https://divar.ir/v/gaKq3W76
واحد۱۵۰مترسه خواب_براصلی شقایق,فروش,شقایق,,,,,,,۲۸ مرداد ۱۴۰۵، ۱۹:۱۷,https://divar.ir/v/gaF-M4LI
زمین با آپارتمان یا ویلا در شمال معاوضه میگردد,فروش,لفمجان,,,,"‏۳۰,۰۰۰,۰۰۰,۰۰۰ تومان","‏۸,۵۷۱,۰۰۰ تومان",,۲۰ مرداد ۱۴۰۵، ۰۴:۴۰,https://divar.ir/v/ga6ZHT45
۱۰۰۰ متر زمین باغی,فروش,لفمجان,,,بدون اتاق,"‏۴,۰۰۰,۰۰۰,۰۰۰ تومان","‏۴,۰۰۰,۰۰۰ تومان",,۱ شهریور ۱۴۰۵، ۰۰:۴۳,https://divar.ir/v/gaKCh8al
عمارت سنتی اربابی ، سند تک برگ,فروش,قیام,۲۰۰,قبل از ۱۳۷۰,+۴,"‏۱۹,۵۰۰,۰۰۰,۰۰۰ تومان","‏۴۲,۳۹۱,۰۰۰ تومان",,۱ شهریور ۱۴۰۵، ۰۰:۴۰,https://divar.ir/v/gaKCxE3G
آپارتمان  مستقل در کوی زمانی,فروش,کوی زمانی,۱۰۶,۱۳۹۶,۳,"‏۱۰,۶۰۰,۰۰۰,۰۰۰ تومان","‏۱۰۰,۰۰۰,۰۰۰ تومان",۲ از ۲,۳ مرداد ۱۴۰۵، ۰۰:۰۴,https://divar.ir/v/gajxcPqb
زمین شالیزار به مساحت2500متردرشکاکم زیرمنبع آب,فروش,بازکیاگوراب,,,بدون اتاق,"‏۱,۲۲۰,۰۰۰,۰۰۰ تومان","‏۴۸۸,۰۰۰ تومان",,۱ شهریور ۱۴۰۵، ۰۰:۳۳,https://divar.ir/v/gaK6ggoW
۲۵۰متر زمین بر جاده تجاری مسکونی باسند جاده چمخاله,فروش,گلستان,,,,"‏۱۳,۵۰۰,۰۰۰,۰۰۰ تومان","‏۵۴,۰۰۰,۰۰۰ تومان",,۲۵ مرداد ۱۴۰۵، ۲۱:۲۹,https://divar.ir/v/gaBq_MUe
نورگیر عالی فول امکانات,فروش,لیل,۹۳,۱۳۹۲,۲,"‏۸,۵۰۰,۰۰۰,۰۰۰ تومان","‏۹۱,۳۹۷,۰۰۰ تومان",۱,۱ شهریور ۱۴۰۵، ۰۰:۱۳,https://divar.ir/v/gaJeNgZH
اجاره مغازه خیابان شیخ زاهد,رهن و اجاره,شیخ زاهد,۲۰,۱۴۰۴,بدون اتاق,,,,۱ شهریور ۱۴۰۵، ۰۰:۰۰,https://divar.ir/v/gaKaw5IT
۹۲ متر کلیدنخورده,فروش,کوی زمانی,۹۲,۱۴۰۴,۲,"‏۱۱,۰۰۰,۰۰۰,۰۰۰ تومان","‏۱۱۹,۵۶۵,۰۰۰ تومان",۱ از ۴,۳۱ مرداد ۱۴۰۵، ۲۳:۵۶,https://divar.ir/v/gaKWwfVu
آپارتمان 75 متری رزمندگان,فروش,کوی زمانی,۷۵,۱۴۰۱,۲,"‏۷,۸۰۰,۰۰۰,۰۰۰ تومان","‏۱۰۴,۰۰۰,۰۰۰ تومان",۱,۳۱ مرداد ۱۴۰۵، ۲۳:۳۴,https://divar.ir/v/gaKCws_Z
فروش آپارتمان,فروش,قیام,۱۰۰,۱۴۰۳,۲,"‏۱۳,۸۰۰,۰۰۰,۰۰۰ تومان","‏۱۳۸,۰۰۰,۰۰۰ تومان",۴ از ۵,۳۱ مرداد ۱۴۰۵، ۲۳:۱۸,https://divar.ir/v/gaJyf9sI
زمین مسکونی در لاهیجان جاده سیاهکل,فروش,بازکیاگوراب,,,,"‏۵,۵۰۰,۰۰۰,۰۰۰ تومان","‏۱۴,۸۶۴,۰۰۰ تومان",,۳۱ مرداد ۱۴۰۵، ۲۲:۴۲,https://divar.ir/v/gaJSPoGl
۲۹۰۰ متر زمین سنددار,فروش,لیالستان,,,,"‏۲۵,۰۰۰,۰۰۰,۰۰۰ تومان","‏۸,۶۲۰,۰۰۰ تومان",,۳۱ مرداد ۱۴۰۵، ۲۲:۲۶,https://divar.ir/v/gaJCvuHE
انباری,رهن و اجاره,بازکیاگوراب,۶۳,۱۴۰۰,بدون اتاق,,,,۳۱ مرداد ۱۴۰۵، ۲۱:۵۹,https://divar.ir/v/gaJmu8ZX
برند ترین زمین مسکونی,فروش,لفمجان,,,,"‏۲۲۰,۰۰۰,۰۰۰ تومان","‏۸۵۹,۰۰۰ تومان",,۳۱ مرداد ۱۴۰۵، ۲۱:۵۶,https://divar.ir/v/gaJm-fNz
مغازه با مالکیت خیابان شهدا کوچه نوربخش,فروش,کوی آزادگان,۱۸,۱۴۰۰,بدون اتاق,"‏۴,۶۰۰,۰۰۰,۰۰۰ تومان","‏۲۵۵,۵۵۵,۰۰۰ تومان",,۳۱ مرداد ۱۴۰۵، ۲۱:۵۶,https://divar.ir/v/gaJmuqOV
واحد ۱۰۸ متر سبحان,فروش,لیل,۱۰۸,۱۴۰۵,۲,"‏۱۳,۵۰۰,۰۰۰,۰۰۰ تومان","‏۱۲۵,۰۰۰,۰۰۰ تومان",۲ از ۳,۳۰ مرداد ۱۴۰۵، ۱۲:۲۰,https://divar.ir/v/gaIGBMp_
زمین ۲۷۲ متر کاربری مسکونی   فروش فوری,فروش,کوی خزر,,,,"‏۱,۲۵۰,۰۰۰,۰۰۰ تومان","‏۴,۵۹۵,۰۰۰ تومان",,۲۵ مرداد ۱۴۰۵، ۱۴:۵۴,https://divar.ir/v/gaB2Zdxn
باغ گردو  متراژ ۳۳۳۰ متر   لطفا توضیحات رو بخونید,فروش,شهید آوینی,,,,"‏۸,۰۰۰,۰۰۰,۰۰۰ تومان","‏۲,۴۰۲,۰۰۰ تومان",,۲۵ مرداد ۱۴۰۵، ۰۰:۳۲,https://divar.ir/v/gaAO90e6
فروش زمین مسکونی ۲۵۰متر,فروش,آهندان,,,,"‏۴,۵۰۰,۰۰۰,۰۰۰ تومان","‏۱۸,۰۰۰,۰۰۰ تومان",,۳۱ مرداد ۱۴۰۵، ۲۱:۱۷,https://divar.ir/v/gaJCeXa_
اجاره آپارتمان در خیابان بعثت,رهن و اجاره,کوی خزر,۷۵,۱۳۹۴,۱,,,۱,۳۱ مرداد ۱۴۰۵، ۲۱:۰۳,https://divar.ir/v/gaJ2tWfT
پیشخرید نقلی خوش نقشه واحد۷۰متری,فروش,شهرک سلمان فارسی,,,,,,,۵ مرداد ۱۴۰۵، ۱۵:۳۷,https://divar.ir/v/ganlU8Gx
باغ ویلا در لاهیجان,فروش,لیالستان,۱۴۰,۱۳۹۸,۳,"‏۱۱,۵۰۰,۰۰۰,۰۰۰ تومان","‏۱۵,۳۳۳,۰۰۰ تومان",,۲۲ تیر ۱۴۰۵، ۲۰:۴۵,https://divar.ir/v/gaV1xMZw
تهاتر یا فروش زیر قیمت زمین۴۷۰ متری,فروش,کوی خزر,,,,"‏۳,۲۰۰,۰۰۰,۰۰۰ تومان","‏۶,۸۰۸,۰۰۰ تومان",,۲۷ تیر ۱۴۰۵، ۰۶:۵۲,https://divar.ir/v/gaaFvPJ-
اجاره آپارتمان فول گلستان قبل از میدان,رهن و اجاره,گلستان,۱۳۰,۱۳۹۶,۳,,,۳,۱۷ مرداد ۱۴۰۵، ۲۰:۲۵,https://divar.ir/v/ga39FYEO
آپارتمان 127متری شیخ زاهد لاهیجان,فروش,گلستان,۱۲۷,۱۳۹۱,۳,"‏۲۲,۸۶۰,۰۰۰,۰۰۰ تومان","‏۱۸۰,۰۰۰,۰۰۰ تومان",۲ از ۴,۳۱ مرداد ۱۴۰۵، ۲۰:۱۲,https://divar.ir/v/gaJGdXgo
۲۱۸ متر زمین شهرکی  لاهیجان داخل طرح هادی,فروش,بازکیاگوراب,,,,"‏۷۹۰,۰۰۰,۰۰۰ تومان","‏۳,۶۲۳,۰۰۰ تومان",,۲۲ مرداد ۱۴۰۵، ۱۷:۳۸,https://divar.ir/v/ga91cXfU
قیمت توافقی,فروش,لیل,۹۳,۱۳۹۲,۲,"‏۸,۰۰۰,۰۰۰,۰۰۰ تومان","‏۸۶,۰۲۱,۰۰۰ تومان",۲,۳۱ مرداد ۱۴۰۵، ۱۹:۴۹,https://divar.ir/v/gaJy8FB8
آپارتمان ۳ خواب مبله با ۲ بالکن,رهن کامل,شقایق,۱۶۹,۱۳۹۵,۳,,,۴,۳۱ مرداد ۱۴۰۵، ۱۹:۴۶,https://divar.ir/v/gaJusaVQ
یک قواره زمین ۱۵۰ متری,فروش,گلستان,,,,"‏۸,۰۰۰,۰۰۰,۰۰۰ تومان","‏۵۳,۳۳۳,۰۰۰ تومان",,۳۱ مرداد ۱۴۰۵، ۱۹:۳۹,https://divar.ir/v/gaJm8Txx
فروش زمین باغی 1200متر در زمیدان بالا,فروش,لیل,,,,"‏۶,۰۰۰,۰۰۰,۰۰۰ تومان","‏۵,۰۰۰,۰۰۰ تومان",,۸ مرداد ۱۴۰۵، ۱۲:۴۹,https://divar.ir/v/garZRsGP
آپارتمان ۸۰ متری مستقل کوی شقایق,رهن کامل,مهرگان,۸۰,۱۳۸۵,۱,,,همکف از ۳,۶ مرداد ۱۴۰۵، ۰۹:۳۴,https://divar.ir/v/gaoZETY-
رهن واجاره مغازه در براصلی خزر,رهن و اجاره,کوی خزر,۴۲,۱۴۰۲,بدون اتاق,,,,۳۱ مرداد ۱۴۰۵، ۱۹:۰۶,https://divar.ir/v/gaJ6bQ_4
ویلا فروشی,فروش,لفمجان,۱۳۰,۱۴۰۵,۳,"‏۱۴,۰۰۰,۰۰۰,۰۰۰ تومان","‏۵۶,۰۰۰,۰۰۰ تومان",,۳۱ مرداد ۱۴۰۵، ۱۸:۵۱,https://divar.ir/v/gaJ67MG9
زمین مسکونی,فروش,لفمجان,,,,"‏۲,۲۸۰,۰۰۰,۰۰۰ تومان","‏۶,۰۰۰,۰۰۰ تومان",,۳۱ مرداد ۱۴۰۵، ۱۸:۵۱,https://divar.ir/v/gaJ6LZCW
۲۶۰ متر زمین داخل طرح هادی,فروش,لیل,,,,"‏۳,۶۰۰,۰۰۰,۰۰۰ تومان","‏۱۳,۸۴۶,۰۰۰ تومان",,۳۱ مرداد ۱۴۰۵، ۱۸:۳۸,https://divar.ir/v/gaJqb0Pt
فروش واحد تجاری مستقل خیابان حزین,فروش,شقایق,۹۶,۱۳۹۲,بدون اتاق,"‏۲۵,۰۰۰,۰۰۰,۰۰۰ تومان","‏۲۶۰,۴۱۶,۰۰۰ تومان",۱,۲۷ تیر ۱۴۰۵، ۱۷:۴۴,https://divar.ir/v/gabpoHiM
بهترین لوکیشن روستایی لاهیجان,فروش,لیل,,,,"‏۴۰,۰۰۰,۰۰۰,۰۰۰ تومان","‏۳۰,۰۷۵,۰۰۰ تومان",,۲۲ مرداد ۱۴۰۵، ۱۴:۵۸,https://divar.ir/v/ga9lK9h2
زمین,فروش,حاجی آباد,,,,"‏۴,۰۰۰,۰۰۰,۰۰۰ تومان","‏۲۶,۶۶۶,۰۰۰ تومان",,۳ تیر ۱۴۰۵، ۱۴:۰۷,https://divar.ir/v/ga7IrW_O
آپارتمان ۶۸متری گلستان ۳۹,فروش,گلستان,۶۸,۱۴۰۲,۲,"‏۷,۸۰۰,۰۰۰,۰۰۰ تومان","‏۱۱۴,۷۰۵,۰۰۰ تومان",۲ از ۳,۳۱ مرداد ۱۴۰۵، ۱۸:۱۱,https://divar.ir/v/gaJSr40k
165متر فول خرمشهر زوج,فروش,شقایق,۱۶۵,۱۴۰۵,۳,"‏۲۶,۸۰۰,۰۰۰,۰۰۰ تومان","‏۱۶۲,۴۲۴,۰۰۰ تومان",۵,۳۱ مرداد ۱۴۰۵، ۱۸:۲۷,https://divar.ir/v/gaJa7UEr
رهن و اجاره واحد ۱۳۵متری فول مولانا,رهن و اجاره,کوی آزادگان,۱۳۶,۱۴۰۳,۳,,,۳ از ۵,۳۱ مرداد ۱۴۰۵، ۱۸:۲۶,https://divar.ir/v/gaJi7bdn
زمین مسکونی,فروش,لفمجان,,,,"‏۵,۷۵۴,۰۰۰,۰۰۰ تومان","‏۸,۴۹۹,۰۰۰ تومان",,۳۰ مرداد ۱۴۰۵، ۱۵:۱۸,https://divar.ir/v/gaIqD2qf
فروش زمین  2312 متری طرح هادی,فروش,لیل,,,,"‏۱۵,۲۰۰,۰۰۰,۰۰۰ تومان","‏۶,۵۷۴,۰۰۰ تومان",,۱۱ مرداد ۱۴۰۵، ۲۳:۵۸,https://divar.ir/v/gavh6ai1
تک واحدی شیک و خوش قیمت,فروش,قیام,۷۵,۱۳۹۳,۲,"‏۸,۰۰۰,۰۰۰,۰۰۰ تومان","‏۱۰۶,۶۶۶,۰۰۰ تومان",۲ از ۳,۳۱ مرداد ۱۴۰۵، ۱۸:۱۷,https://divar.ir/v/gaJarBAl
ویلا باغ متراژ ۱۱۷۰ متر سند تک برگ مسکونی,فروش,لیالستان,۱۸۰,۱۳۸۷,۳,"‏۵۲,۶۵۰,۰۰۰,۰۰۰ تومان","‏۴۵,۰۰۰,۰۰۰ تومان",,۳۱ مرداد ۱۴۰۵، ۱۷:۵۰,https://divar.ir/v/gaJ-KIq0
آپارتمان اجاره ای دو خواب ۷۰ متری,رهن کامل,لیالستان,۷۰,۱۳۹۵,۲,,,۱ از ۲,۳۱ مرداد ۱۴۰۵، ۱۷:۴۱,https://divar.ir/v/gaJmlYsO
رهن و اجاره مغازه,رهن و اجاره,انقلاب,۴۸,۱۳۷۳,بدون اتاق,,,,۳۱ مرداد ۱۴۰۵، ۱۷:۲۳,https://divar.ir/v/gaJm6hyO
لاهیجان رهن و اجاره مغازه 60 متری بلوار امام رضا,رهن کامل,کوی خزر,۶۵,۱۴۰۵,بدون اتاق,,,,۳۱ مرداد ۱۴۰۵، ۱۷:۱۹,https://divar.ir/v/gaJ-zP4L
فروش واحد ۷۸ متری ۲ خوابه ط اول,فروش,طالقانی,۷۸,۱۳۹۷,۲,"‏۶,۷۰۰,۰۰۰,۰۰۰ تومان","‏۸۵,۸۹۷,۰۰۰ تومان",۱ از ۳,۳ تیر ۱۴۰۵، ۱۶:۱۱,https://divar.ir/v/ga6ozuQ9
10000 متر زمین بهترین منطقه لاهیجان,فروش,لیل,,,,"‏۳۵,۰۰۰,۰۰۰,۰۰۰ تومان","‏۳,۵۰۰,۰۰۰ تومان",,۴ بهمن ۱۴۰۴، ۱۱:۳۷,https://divar.ir/v/Qa013l7U
مسکونی سند دار باتمام امتیاز ها,فروش,گلستان,,,,"‏۸,۱۰۰,۰۰۰,۰۰۰ تومان","‏۲۷,۰۰۰,۰۰۰ تومان",,۳۱ مرداد ۱۴۰۵، ۱۶:۳۳,https://divar.ir/v/gaGCLV54
آپارتمان 80 متری و سوئیت 45 متری راه جدا,فروش,طالقانی,۱۲۰,۱۳۹۰,۳,"‏۹,۲۰۰,۰۰۰,۰۰۰ تومان","‏۷۶,۶۶۶,۰۰۰ تومان",۱ از ۲,۲۶ مرداد ۱۴۰۵، ۲۱:۱۸,https://divar.ir/v/gaDmEEjP
فروش خانه ویلایی معاوضه با خانه یاواحد,فروش,لیالستان,۶۴,۱۳۹۶,۲,"‏۵,۷۰۰,۰۰۰,۰۰۰ تومان","‏۳۱,۶۶۶,۰۰۰ تومان",,۲۶ مرداد ۱۴۰۵، ۱۷:۴۵,https://divar.ir/v/gaDexZ94
دو پلاک زمین مسکونی سنددار,فروش,بازکیاگوراب,,,,"‏۳,۶۴۰,۰۰۰,۰۰۰ تومان","‏۱۳,۰۰۰,۰۰۰ تومان",,۳۱ مرداد ۱۴۰۵، ۱۶:۱۰,https://divar.ir/v/gaJiZrru
پیش فروش آپارتمان یاسر,فروش,لیالستان,,,,,,,۳۱ مرداد ۱۴۰۵، ۱۵:۵۵,https://divar.ir/v/gaJiYds4
فروش واحدفول با ویوبی نظیر مخصوص خوش پسندان,فروش,بوجایه,۱۰۰,۱۴۰۵,۲,"‏۹,۲۰۰,۰۰۰,۰۰۰ تومان","‏۹۲,۰۰۰,۰۰۰ تومان",۳ از ۴,۳۱ مرداد ۱۴۰۵، ۱۵:۴۶,https://divar.ir/v/gaJK5i5S
مغازه ۲۲ متر طالقانی ششم,فروش,طالقانی,۲۲,۱۴۰۰,۱,"‏۵,۲۰۰,۰۰۰,۰۰۰ تومان","‏۲۳۶,۳۶۳,۰۰۰ تومان",,۴ مرداد ۱۴۰۵، ۰۸:۴۳,https://divar.ir/v/galdZNjY
سوییت 52 متری،,فروش,طالقانی,۵۲,۱۳۸۴,۱,"‏۳,۹۰۰,۰۰۰,۰۰۰ تومان","‏۷۵,۰۰۰,۰۰۰ تومان",همکف,۱۵ اردیبهشت ۱۴۰۵، ۱۱:۰۷,https://divar.ir/v/Qa5npLfp
اجاره سوییت ۶۰ متری آهندان,رهن و اجاره,آهندان,۶۰,۱۴۰۱,۱,,,,۳۱ مرداد ۱۴۰۵، ۱۴:۵۲,https://divar.ir/v/gaJaYeS5
زمین مسکونی در کوهبنه لاهیجان,فروش,آهندان,,,,"‏۷,۲۰۰,۰۰۰,۰۰۰ تومان","‏۲۶,۶۶۶,۰۰۰ تومان",,۳ تیر ۱۴۰۵، ۲۰:۴۸,https://divar.ir/v/ga8EBKhA
۳۲۰۰متر زمین مسکونی ییلاق دیلمان با سند,فروش,لیل,,,,"‏۱۰,۰۰۰,۰۰۰,۰۰۰ تومان","‏۳,۱۲۵,۰۰۰ تومان",,۱۸ مرداد ۱۴۰۵، ۱۸:۴۷,https://divar.ir/v/ga4l50u1
ملک مسکونی گلستان ۳۱,فروش,گلستان,۷۴,۱۳۸۵,۲,"‏۷,۴۰۰,۰۰۰,۰۰۰ تومان","‏۱۰۰,۰۰۰,۰۰۰ تومان",۱,۳۱ مرداد ۱۴۰۵، ۱۳:۵۷,https://divar.ir/v/gaJmHc88
مغازه,رهن و اجاره,کوی استادان,۱۳,۱۳۹۶,بدون اتاق,,,,۲۳ مرداد ۱۴۰۵، ۱۷:۳۹,https://divar.ir/v/ga_FiRad
زمین مسکونی سنددار,فروش,حاجی آباد,,,,"‏۲,۷۰۰,۰۰۰,۰۰۰ تومان","‏۲۰,۳۰۰,۰۰۰ تومان",,۳۱ مرداد ۱۴۰۵، ۱۳:۴۹,https://divar.ir/v/gaJeHOgf
فروش زمین مسکونی در شهرستان لاهیجان ر,فروش,آهندان,,,,"‏۶,۹۰۰,۰۰۰,۰۰۰ تومان","‏۳۰,۰۰۰,۰۰۰ تومان",,۲۵ مرداد ۱۴۰۵، ۲۳:۲۲,https://divar.ir/v/gaCSx_4S
پیش فروش تک واحد ۱۲۵ متر ب قیمت,فروش,شیشه گران,,,,,,,۳۱ مرداد ۱۴۰۵، ۱۳:۴۳,https://divar.ir/v/gaJWHaOZ
زمین  داخل طرح فروش فوری,فروش,لیل,,,,"‏۱,۸۰۰,۰۰۰,۰۰۰ تومان","‏۶,۰۰۰,۰۰۰ تومان",,۳۱ مرداد ۱۴۰۵، ۱۳:۴۱,https://divar.ir/v/gaJWXr2g
فروش آپارتمان ۱۰۷ متری در لاهیجان,فروش,شیخ زاهد,۱۰۷,۱۴۰۳,۲,"‏۲۴,۶۱۰,۰۰۰,۰۰۰ تومان","‏۲۳۰,۰۰۰,۰۰۰ تومان",۱,۳۱ مرداد ۱۴۰۵، ۱۲:۲۰,https://divar.ir/v/gaJKGmiY
فروش ۱۶۰۰ متر زمین کاملا مسکونی بر اصلی,فروش,آهندان,,,,"‏۳۰,۰۰۰,۰۰۰,۰۰۰ تومان","‏۱۸,۷۵۰,۰۰۰ تومان",,۲۵ مرداد ۱۴۰۵، ۱۶:۲۲,https://divar.ir/v/gaBKrY4T
۴۵۰ متر زمین مسکونی بر اصلی جاده لاهیجان به سیاهکل,فروش,آهندان,,,,"‏۵,۶۵۰,۰۰۰,۰۰۰ تومان","‏۱۲,۵۵۵,۰۰۰ تومان",,۲۵ مرداد ۱۴۰۵، ۱۸:۵۳,https://divar.ir/v/gaBWNs0E
خانه مستقل راه جدا در وحدت تک خواب 41متر,فروش,بوجایه,۴۱,۱۳۸۹,۱,"‏۳,۹۵۰,۰۰۰,۰۰۰ تومان","‏۹۶,۳۴۱,۰۰۰ تومان",همکف,۳۱ تیر ۱۴۰۵، ۱۳:۳۴,https://divar.ir/v/gagVpQ5t
فروش زمین مسکونی,فروش,بازکیاگوراب,,,,"‏۱,۸۰۰,۰۰۰,۰۰۰ تومان","‏۸,۶۱۲,۰۰۰ تومان",,۳۱ مرداد ۱۴۰۵، ۱۲:۵۹,https://divar.ir/v/gaJumtGY
خونه,رهن و اجاره,حاجی آباد,۱۰۰۰,۱۳۹۵,۱,,,,۳۱ مرداد ۱۴۰۵، ۱۲:۵۱,https://divar.ir/v/gaJimsPS
زمین مسکونی شهرک سازی معاوضه آپارتمان شیخ زاهدنیما,فروش,لفمجان,,,,"‏۱۷,۰۰۰,۰۰۰,۰۰۰ تومان","‏۵,۹۴۴,۰۰۰ تومان",,۳۱ مرداد ۱۴۰۵، ۱۲:۴۳,https://divar.ir/v/gaJmlLQb
واحد ۹۰متری خوش قیمت خوش نقشه,فروش,کوی آزادگان,۹۰,۱۳۹۷,۲,"‏۱۱,۰۰۰,۰۰۰,۰۰۰ تومان","‏۱۲۲,۲۲۲,۰۰۰ تومان",۱ از ۳,۱۱ مرداد ۱۴۰۵، ۱۷:۵۳,https://divar.ir/v/gavJF1QS
فروش مغازه بامالکیت روبروی بیمارستان پیروز,فروش,حاجی آباد,۲۹,۱۴۰۴,بدون اتاق,"‏۱۴,۴۰۰,۰۰۰,۰۰۰ تومان","‏۴۹۶,۵۵۱,۰۰۰ تومان",,۲ فروردین ۱۴۰۵، ۱۸:۵۶,https://divar.ir/v/Qa_u7P5H
329متر زمین روستایی مسکونی,فروش,بازکیاگوراب,,,,"‏۱,۳۵۰,۰۰۰,۰۰۰ تومان","‏۴,۱۰۳,۰۰۰ تومان",,۳۱ مرداد ۱۴۰۵، ۱۲:۱۲,https://divar.ir/v/gaJCGuwh
آپارتمان تک واحدی شیخ زاهد هفتم,فروش,شیخ زاهد,۱۶۰,۱۴۰۳,۳,"‏۳۲,۰۰۰,۰۰۰,۰۰۰ تومان","‏۲۰۰,۰۰۰,۰۰۰ تومان",۱ از ۳,۳۱ خرداد ۱۴۰۵، ۱۶:۲۸,https://divar.ir/v/ga34dsmW
یه واحد ۱۰۰ متری در رسالت,رهن و اجاره,لیالستان,۱۰۰,۱۳۹۵,۱,,,۱,۳۱ مرداد ۱۴۰۵، ۱۲:۰۲,https://divar.ir/v/gaJ2lm0h
کارگاه مغازه,فروش,طالقانی,,,بدون اتاق,"‏۱۰,۰۰۰,۰۰۰,۰۰۰ تومان","‏۷۹,۳۶۵,۰۰۰ تومان",,۳ تیر ۱۴۰۵، ۱۳:۱۷,https://divar.ir/v/ga6Q59sG
فروش زمین مسکونی ۲۰۰ متر بازکیاگوراب کوچه یوسف پور,فروش,بازکیاگوراب,,,,"‏۱,۸۹۰,۰۰۰,۰۰۰ تومان","‏۹,۴۵۰,۰۰۰ تومان",,۱۹ تیر ۱۴۰۵، ۲۰:۳۲,https://divar.ir/v/gaRVybaL
آپارتمان فول امکانات در نزدیکی استخر لاهیجان,فروش,گلستان,۸۳,۱۴۰۵,۲,"‏۱۳,۴۰۰,۰۰۰,۰۰۰ تومان","‏۱۶۱,۴۴۵,۰۰۰ تومان",۲ از ۴,۱۸ مرداد ۱۴۰۵، ۱۰:۵۹,https://divar.ir/v/ga4xCQqS
زمین ۲۳۰متری بهترین لوکیشن,فروش,لیل,,,,"‏۷,۷۵۰,۰۰۰,۰۰۰ تومان","‏۳۵,۲۲۷,۰۰۰ تومان",,۲۱ مرداد ۱۴۰۵، ۱۸:۰۱,https://divar.ir/v/ga8Nou0P
زمین دو بر. شهری. تجاری-مسکونی,فروش,حاجی آباد,,,,"‏۳۰,۰۰۰,۰۰۰,۰۰۰ تومان","‏۸۱,۰۸۱,۰۰۰ تومان",,۲۲ مرداد ۱۴۰۵، ۱۵:۴۵,https://divar.ir/v/ga9Rb3Fn
واحد ۱۰۱متری به روز,فروش,کوی آزادگان,۱۰۱,۱۴۰۱,۲,"‏۱۳,۰۰۰,۰۰۰,۰۰۰ تومان","‏۱۲۸,۷۱۲,۰۰۰ تومان",۲ از ۵,۲۸ مرداد ۱۴۰۵، ۱۸:۰۸,https://divar.ir/v/gaF-LsFY
فروش زمین ۳۰۰ متری,فروش,لیالستان,,,,"‏۷,۳۰۰,۰۰۰,۰۰۰ تومان","‏۲۲,۹۵۵,۰۰۰ تومان",,۳۱ مرداد ۱۴۰۵، ۱۱:۳۹,https://divar.ir/v/gaJi1s3E
۵۰ متر نوساز کلید نخورده,فروش,گلستان,۵۰,۱۴۰۵,۲,"‏۵,۱۰۰,۰۰۰,۰۰۰ تومان","‏۱۰۲,۰۰۰,۰۰۰ تومان",همکف,۱۹ مرداد ۱۴۰۵، ۱۲:۳۵,https://divar.ir/v/ga5NJ9Za
سوئیت ۵۲متری  لوکیشن عالی,فروش,کوی خزر,۵۲,۱۳۸۷,۱,"‏۵,۱۰۰,۰۰۰,۰۰۰ تومان","‏۹۸,۰۷۶,۰۰۰ تومان",همکف از ۳,۳ مرداد ۱۴۰۵، ۱۰:۱۲,https://divar.ir/v/gakpFtcH
واحد ۹۰متری تک واحدی بهترین لوکیشن بلوار مطهری,فروش,شیشه گران,۹۰,۱۴۰۵,۲,"‏۱۶,۲۰۰,۰۰۰,۰۰۰ تومان","‏۱۸۰,۰۰۰,۰۰۰ تومان",۳ از ۴,۲۸ مرداد ۱۴۰۵، ۱۷:۵۵,https://divar.ir/v/gaFy7fG9
واحد ۷۰متری خوش نقشه بر حزین,فروش,شقایق,۷۰,۱۳۹۵,۲,"‏۸,۷۰۰,۰۰۰,۰۰۰ تومان","‏۱۲۴,۲۸۵,۰۰۰ تومان",۱ از ۳,۳۰ خرداد ۱۴۰۵، ۱۰:۵۸,https://divar.ir/v/ga28jabQ
۵۳۵ متر زمین در سطلسر با ۲۵۶ متر کاربری مسکونی,فروش,لیل,,,,"‏۸,۵۶۰,۰۰۰,۰۰۰ تومان","‏۱۶,۰۰۰,۰۰۰ تومان",,۸ تیر ۱۴۰۵، ۱۲:۲۷,https://divar.ir/v/gaCFjA7K
خانه ویلایی شیک درقزوین معاوضه با واحد یاویلا,فروش,شهرک جانبازان,۷۵,۱۴۰۰,۱,"‏۴,۰۰۰,۰۰۰,۰۰۰ تومان","‏۵۰,۰۰۰,۰۰۰ تومان",,۳۱ مرداد ۱۴۰۵، ۱۱:۲۷,https://divar.ir/v/gaJaFCt7
آپارتمان ۸۰ متر ، فیاض لاهیجی ، نورگیر,رهن کامل,فیاض,۸۰,۱۳۹۷,۲,,,۲ از ۵,۳۱ مرداد ۱۴۰۵، ۱۱:۲۲,https://divar.ir/v/gaJWVIni
فروش زمین مسکونی ویو ابدی شیطان کوه,فروش,گلستان,,,,"‏۳,۲۰۰,۰۰۰,۰۰۰ تومان","‏۱۰,۰۰۰,۰۰۰ تومان",,۳۱ مرداد ۱۴۰۵، ۱۱:۲۱,https://divar.ir/v/gaJSFkFK
زمین گوکه,فروش,لفمجان,,,,"‏۲,۵۰۰,۰۰۰,۰۰۰ تومان","‏۱۰,۹۱۷,۰۰۰ تومان",,۳۱ مرداد ۱۴۰۵، ۱۱:۱۸,https://divar.ir/v/gaJSlQnu
کمربندی ۴۵۰ متر ۲۳ متر بَر,فروش,گلستان,,,,"‏۱۲,۰۰۰,۰۰۰,۰۰۰ تومان","‏۲۶,۶۶۶,۰۰۰ تومان",,۳۱ مرداد ۱۴۰۵، ۱۱:۱۶,https://divar.ir/v/gaJO1iDi
زمین,فروش,امیرشهید,,,,"‏۱۱,۰۰۰,۰۰۰,۰۰۰ تومان","‏۲۱,۸۲۵,۰۰۰ تومان",,۳۱ مرداد ۱۴۰۵، ۱۱:۱۴,https://divar.ir/v/gaJKl8G8
اجاره مغازه ۲۰ متر پر رفت و آمد - جیرسر گلستان,رهن و اجاره,خمیر کلایه,۲۰,۱۳۸۰,بدون اتاق,,,,۳۱ مرداد ۱۴۰۵، ۱۱:۱۰,https://divar.ir/v/gaJK1bXP
فروش تک واحدی مهرگان لاهیجان,فروش,مهرگان,۱۳۷,۱۳۹۷,۳,"‏۱۹,۰۰۰,۰۰۰,۰۰۰ تومان","‏۱۳۸,۶۸۶,۰۰۰ تومان",۳,۳۱ مرداد ۱۴۰۵، ۱۱:۰۷,https://divar.ir/v/gaJGFbZo
۹۵ متر مستقل طبقه اول گلستان فرد,فروش,گلستان,۹۵,۱۳۹۲,۲,"‏۱۰,۹۰۰,۰۰۰,۰۰۰ تومان","‏۱۱۴,۷۳۶,۰۰۰ تومان",۱,۲۱ خرداد ۱۴۰۵، ۱۲:۱۱,https://divar.ir/v/gaqQnoy-
۱۰۰ متر تک واحدی میدان دانشگاه,فروش,شهید آوینی,۱۰۰,۱۴۰۵,۲,"‏۱۴,۰۰۰,۰۰۰,۰۰۰ تومان","‏۱۴۰,۰۰۰,۰۰۰ تومان",۱,۲۴ تیر ۱۴۰۵، ۱۱:۱۶,https://divar.ir/v/gaXpzqGi
فروش ملک دیزبن (براتوبان لاهیجان به لنگرود),فروش,لیالستان,,,,"‏۳۰,۸۰۰,۰۰۰,۰۰۰ تومان","‏۷۰,۰۰۰,۰۰۰ تومان",,۳۱ مرداد ۱۴۰۵، ۱۱:۰۱,https://divar.ir/v/gaJ-UzQ-
فروش سرقفلی فروشگاه بزرگ در بهترین مکان لاهیجان,فروش,انقلاب,۱۴۴,۱۳۸۱,بدون اتاق,"‏۱۲۲,۰۰۰,۰۰۰,۰۰۰ تومان","‏۸۴۷,۲۲۲,۰۰۰ تومان",,۳۱ مرداد ۱۴۰۵، ۱۰:۵۷,https://divar.ir/v/gaJ-URHP
۲۸۰۰ متر زمین ویو ابدی با سوله _ نزدیک شهر,فروش,آهندان,,,,"‏۲۲,۰۰۰,۰۰۰,۰۰۰ تومان","‏۷,۸۵۷,۰۰۰ تومان",,۶ خرداد ۱۴۰۵، ۱۹:۳۸,https://divar.ir/v/gaXYB4NO
۲۰۰ متر ویلا فلت شیک با سند تک برگ _ لاهیجان,فروش,لیالستان,۱۰۰,۱۴۰۴,۲,"‏۱۶,۵۰۰,۰۰۰,۰۰۰ تومان","‏۸۲,۵۰۰,۰۰۰ تومان",,۳۱ مرداد ۱۴۰۵، ۱۰:۴۲,https://divar.ir/v/gaJuEX4m
واحد ۱۰۰متری نیما تکواحدی کلا دو طبقه با پارکینگ,رهن و اجاره,شیشه گران,۱۰۰,۱۳۹۷,۱,,,۱ از ۲,۱ مرداد ۱۴۰۵، ۰۵:۵۷,https://divar.ir/v/gahtH7zn
مغازه در خیابان امام خمینی,رهن و اجاره,کاروانسرابر,۲۰,۱۳۹۰,۱,,,,۳۱ مرداد ۱۴۰۵، ۱۰:۳۴,https://divar.ir/v/gaJWU8pE
۸۵۰متر زمین با یه واحد ویلایی_کوهستانی,فروش,کوی خزر,۶۰,۱۴۰۳,۱,"‏۷,۸۰۰,۰۰۰,۰۰۰ تومان","‏۹,۱۷۶,۰۰۰ تومان",,۳۱ مرداد ۱۴۰۵، ۱۰:۳۴,https://divar.ir/v/gaJmk2Ap
۱۵۵ متر تکواحدی _ گلستان چسبیده به استخر,فروش,گلستان,۱۵۵,۱۴۰۵,۳,"‏۲۶,۳۵۰,۰۰۰,۰۰۰ تومان","‏۱۷۰,۰۰۰,۰۰۰ تومان",۱ از ۵,۳۱ مرداد ۱۴۰۵، ۱۰:۲۹,https://divar.ir/v/gaJiUm_j
اپارتمان  راه جدا کلید نخورده,فروش,انقلاب,۱۰۱,۱۴۰۵,۲,"‏۱۶,۵۰۰,۰۰۰,۰۰۰ تومان","‏۱۶۳,۳۶۶,۰۰۰ تومان",۱,۲۶ مرداد ۱۴۰۵، ۱۷:۰۲,https://divar.ir/v/gaCuhlcM
630متر مربع با جواز ساخت در لاهیجان بند بن,فروش,آهندان,,,,"‏۱۱,۰۰۰,۰۰۰,۰۰۰ تومان","‏۱۷,۴۶۰,۰۰۰ تومان",,۲ مرداد ۱۴۰۵، ۱۱:۱۳,https://divar.ir/v/gajdhCR2
۲۲۰متری روبروی استخر,رهن و اجاره,گلستان,۲۲۰,۱۴۰۵,۳,,,۱ از ۳,۳۱ مرداد ۱۴۰۵، ۱۰:۱۹,https://divar.ir/v/gaJaUNv2
فروش واحد آپارتمان 120متری,فروش,قیام,۱۲۰,۱۴۰۵,۳,"‏۱۹,۲۰۰,۰۰۰,۰۰۰ تومان","‏۱۶۰,۰۰۰,۰۰۰ تومان",۲ از ۴,۱۹ مرداد ۱۴۰۵، ۱۰:۰۹,https://divar.ir/v/ga5FX1t9
واقع در کوچه معلم,فروش,آهندان,,,,"‏۲,۱۰۰,۰۰۰,۰۰۰ تومان","‏۱۰,۱۴۴,۰۰۰ تومان",,۱۹ مرداد ۱۴۰۵، ۱۳:۰۴,https://divar.ir/v/ga5lJXvL
زمین سند دار با موافقت اصولی هتل (گردشگری) لاهیجان,فروش,لیل,,,,"‏۲۰,۰۰۰,۰۰۰,۰۰۰ تومان","‏۷,۵۴۷,۰۰۰ تومان",,۵ مرداد ۱۴۰۵، ۱۷:۲۷,https://divar.ir/v/gan5SKK4
فروش واحد اداری در بهترین لوکیشن شهر,فروش,قیام,۶۰,۱۳۹۴,۲,"‏۱۶,۲۰۰,۰۰۰,۰۰۰ تومان","‏۲۷۰,۰۰۰,۰۰۰ تومان",۴,۳۱ مرداد ۱۴۰۵، ۱۰:۰۲,https://divar.ir/v/gaJGE6_N
۵۰متر اپارتمان سند ششدانگ تک برگ,فروش,کوی استادان,۵۰,۱۳۹۲,۱,"‏۳,۵۰۰,۰۰۰,۰۰۰ تومان","‏۷۰,۰۰۰,۰۰۰ تومان",۲,۱۹ مرداد ۱۴۰۵، ۱۷:۲۹,https://divar.ir/v/ga5ldCQ6
زمین تماما مسکونی در کتشال پایین,فروش,لیل,,,,"‏۱۴,۵۰۰,۰۰۰,۰۰۰ تومان","‏۳۲,۲۲۲,۰۰۰ تومان",,۳۱ مرداد ۱۴۰۵، ۰۹:۵۰,https://divar.ir/v/gaJ6zznR
لاهیجان فروش آپارتمان 106 متری در نیما,فروش,رجایی,۱۱۰,۱۴۰۵,۲,"‏۲۲,۰۰۰,۰۰۰,۰۰۰ تومان","‏۲۰۰,۰۰۰,۰۰۰ تومان",۵ از ۵,۳۱ مرداد ۱۴۰۵، ۰۹:۵۰,https://divar.ir/v/gaJ6zBG_
لاهیجان فروش(پنت هاوس) آپارتمان 100 متری کارگر,فروش,رجایی,۱۰۰,۱۴۰۵,۲,"‏۱۷,۰۰۰,۰۰۰,۰۰۰ تومان","‏۱۷۰,۰۰۰,۰۰۰ تومان",۶ از ۶,۳۱ مرداد ۱۴۰۵، ۰۹:۴۱,https://divar.ir/v/gaJ2jXaS
۸۵ متر طبقه سوم با آسانسور حزین,فروش,حزین,۸۵,۱۳۹۳,۲,"‏۶,۹۰۰,۰۰۰,۰۰۰ تومان","‏۸۱,۱۷۶,۰۰۰ تومان",۳,۳۱ مرداد ۱۴۰۵، ۰۹:۳۵,https://divar.ir/v/gaJuz_Hb
خانه ویلایی در بوجایه وحدت ۲۵,فروش,بوجایه,۱۵۰,۱۳۷۵,۲,"‏۱۵,۰۰۰,۰۰۰,۰۰۰ تومان","‏۲۰,۳۸۰,۰۰۰ تومان",,۲ مرداد ۱۴۰۵، ۱۲:۱۴,https://divar.ir/v/gajVii2F
لاهیجان خیابان ملت کوچه ملت 3,فروش,انقلاب,,,,"‏۱۰,۹۰۰,۰۰۰,۰۰۰ تومان","‏۵۰,۰۰۰,۰۰۰ تومان",,۳۱ مرداد ۱۴۰۵، ۰۹:۲۴,https://divar.ir/v/gaJmDLDb
آپارتمان۹۱متر۲خواب‌فول‌تاپ‌لوکیشن,فروش,رجایی,۹۱,۱۳۹۸,۲,"‏۱۴,۸۰۰,۰۰۰,۰۰۰ تومان","‏۱۶۲,۶۳۷,۰۰۰ تومان",۴,۸ تیر ۱۴۰۵، ۰۷:۴۶,https://divar.ir/v/gaBFPYjb
سلام به عزیزان  خانه ویلایی همکف به متراژ ۸۰متر,رهن و اجاره,لفمجان,۸۰,۱۳۸۵,۲,,,,۳۱ مرداد ۱۴۰۵، ۰۸:۵۴,https://divar.ir/v/gaJKzjvn
واحد در گلستان,فروش,گلستان,۸۴,۱۳۹۴,۲,"‏۸,۷۰۰,۰۰۰,۰۰۰ تومان","‏۱۰۳,۵۷۱,۰۰۰ تومان",۱ از ۲,۲ تیر ۱۴۰۵، ۱۴:۰۷,https://divar.ir/v/ga6EWXnl
۷۰۰ متر زمین باغی,فروش,لیالستان,,,بدون اتاق,"‏۲,۰۰۰,۰۰۰,۰۰۰ تومان","‏۲,۸۵۷,۰۰۰ تومان",,۳۱ مرداد ۱۴۰۵، ۰۸:۳۹,https://divar.ir/v/gaJOhnlB
مغازه پارادایس لاهیجان,فروش,کاروانسرابر,۱۳,۱۳۹۵,بدون اتاق,"‏۱,۵۵۰,۰۰۰,۰۰۰ تومان","‏۱۱۹,۲۳۰,۰۰۰ تومان",,۳۱ مرداد ۱۴۰۵، ۰۸:۲۹,https://divar.ir/v/gaJyidQf
فوری زمین باغی درجیر,فروش,آهندان,,,۱,"‏۱,۱۰۰,۰۰۰,۰۰۰,۰۰۰ تومان","‏۱,۰۱۱,۰۲۹,۰۰۰ تومان",,۳۱ مرداد ۱۴۰۵، ۰۶:۵۴,https://divar.ir/v/gaJWB8Mj
فوری زیرقیمت منطقه باغی ۸۰۰مترگالشکلام چمخاله,فروش,گلستان,,,,"‏۱,۱۸۴,۰۰۰,۰۰۰ تومان","‏۱,۴۸۰,۰۰۰ تومان",,۳۱ مرداد ۱۴۰۵، ۰۶:۴۰,https://divar.ir/v/gaJKRzn_
زمین و خانه ویلایی,فروش,پردسر,۶۰,۱۳۹۳,۱,"‏۵,۰۰۰,۰۰۰,۰۰۰ تومان","‏۱۳,۰۵۴,۰۰۰ تومان",,۳۱ مرداد ۱۴۰۵، ۰۱:۴۹,https://divar.ir/v/gaI6M-eV
پیش فروش خیابان کارگر هفتم ۱۱۰ متری,فروش,رجایی,,,,,,,۱۶ مرداد ۱۴۰۵، ۲۰:۱۲,https://divar.ir/v/ga2pwz2d
زمین سند منگوله دار,فروش,بازکیاگوراب,,,,"‏۱,۵۵۰,۰۰۰,۰۰۰ تومان","‏۱۱,۱۵۱,۰۰۰ تومان",,۳۱ تیر ۱۴۰۵، ۲۰:۵۴,https://divar.ir/v/gagx_L5m
واحد ۹۰ متری رجایی,رهن و اجاره,رجایی,۹۰,۱۳۹۳,۲,,,۲,۳۰ مرداد ۱۴۰۵، ۲۳:۱۶,https://divar.ir/v/gaIuaEMf
نوساز کلیدنخورده فول امکانات,فروش,کوی زمانی,۸۳,۱۴۰۵,۲,"‏۸,۵۰۰,۰۰۰,۰۰۰ تومان","‏۱۰۲,۴۰۹,۰۰۰ تومان",۲ از ۳,۳۰ مرداد ۱۴۰۵، ۲۱:۵۲,https://divar.ir/v/gaIWp0gp
خانه ویلایی وسط شهر,فروش,شهرک سلمان فارسی,۷۰,قبل از ۱۳۷۰,۲,"‏۶,۱۷۵,۰۰۰,۰۰۰ تومان","‏۶۵,۰۰۰,۰۰۰ تومان",,۳۰ مرداد ۱۴۰۵، ۲۱:۴۸,https://divar.ir/v/gaIW5_CX
واحد همکف ۱۰۰ متری در خیابان فردوسی بهارستان دهم,فروش,کوی آزادگان,۱۰۰,۱۳۹۵,۲,"‏۹,۰۰۰,۰۰۰,۰۰۰ تومان","‏۹۰,۰۰۰,۰۰۰ تومان",همکف از ۲,۳۰ مرداد ۱۴۰۵، ۲۱:۲۲,https://divar.ir/v/gaICpIoP
فروش ویلا به همراه زمین,فروش,لفمجان,۱۱۰,۱۳۹۱,۲,"‏۱۰,۰۰۰,۰۰۰,۰۰۰ تومان","‏۱۶,۶۶۶,۰۰۰ تومان",,۳۰ مرداد ۱۴۰۵، ۲۱:۰۵,https://divar.ir/v/gaIyIQgH
اجاره مغازه,رهن و اجاره,بازکیاگوراب,۴۰,۱۴۰۵,بدون اتاق,,,,۳۰ مرداد ۱۴۰۵، ۲۰:۵۹,https://divar.ir/v/gaIqo5nd
اجاره تعویض روغنی در شهرک خودرویی,رهن و اجاره,حاجی آباد,۳۰,۱۴۰۵,بدون اتاق,,,,۱۱ مرداد ۱۴۰۵، ۱۳:۳۷,https://divar.ir/v/gavZBbvO
اجاره مغازه آماده کارشناسی در شهرک خدمات خودرویی,رهن و اجاره,حاجی آباد,۲۵,۱۴۰۵,۱,,,,۲۳ تیر ۱۴۰۵، ۱۳:۳۷,https://divar.ir/v/gaWlQv79
اجاره مغازه برای جلو بندی سازی,رهن و اجاره,بازکیاگوراب,۳۰,۱۴۰۵,بدون اتاق,,,,۲۱ مرداد ۱۴۰۵، ۲۱:۰۶,https://divar.ir/v/ga85K-Ul
اجاره مغازه باطری سازی,رهن و اجاره,حاجی آباد,۳۰,۱۴۰۵,بدون اتاق,,,,۲۲ مرداد ۱۴۰۵، ۰۱:۰۷,https://divar.ir/v/ga8dOOGk
اجاره مغازه برای مکانیکی در شهرک خدمات خودرویی,رهن و اجاره,حاجی آباد,۳۰,۱۴۰۵,بدون اتاق,,,,۲۲ مرداد ۱۴۰۵، ۰۱:۱۱,https://divar.ir/v/ga8heOeJ
اجاره کافه در ورودی شهرک,رهن و اجاره,حاجی آباد,۳۰,۱۴۰۵,بدون اتاق,,,,۲۳ مرداد ۱۴۰۵، ۰۱:۳۸,https://divar.ir/v/ga-9jcnE
فروش زمین مسکونی,فروش,لیالستان,,,,"‏۱۲,۰۰۰,۰۰۰,۰۰۰ تومان","‏۳۸,۷۰۹,۰۰۰ تومان",,۳۰ مرداد ۱۴۰۵، ۲۰:۰۴,https://divar.ir/v/gaI6XGCU
فروش دو واحد  آپارتمان مسکونی و یک باب مغازه۱۲۰متر,فروش,حاجی آباد,۴۰۰,۱۳۹۳,+۴,"‏۵۵,۰۰۰,۰۰۰,۰۰۰ تومان","‏۱۳۷,۵۰۰,۰۰۰ تومان",۲ از ۲,۳۰ مرداد ۱۴۰۵، ۱۹:۲۸,https://divar.ir/v/gaIWnfxd
زمین باغی,فروش,آهندان,,,,"‏۱,۱۰۰,۰۰۰,۰۰۰ تومان","‏۵,۵۰۰,۰۰۰ تومان",,۳۰ مرداد ۱۴۰۵، ۱۹:۲۳,https://divar.ir/v/gaIS3ILJ
رهن انبار ۷۰متری در رسالت۱۳ مخصوص انبار,رهن و اجاره,لیالستان,۷۰,۱۳۸۹,بدون اتاق,,,,۲ تیر ۱۴۰۵، ۱۱:۰۹,https://divar.ir/v/ga6UD2Te
فروش ویلا کتشال بالا,فروش,لیل,۲۲۰,۱۴۰۵,۳,"‏۵۰,۰۰۰,۰۰۰,۰۰۰ تومان","‏۱۲۵,۰۰۰,۰۰۰ تومان",,۳۰ مرداد ۱۴۰۵، ۱۸:۵۶,https://divar.ir/v/gaIymk9r
اجاره دوباب مغازه در سادات محله بوجایه,رهن و اجاره,آهندان,۲۷,۱۴۰۵,بدون اتاق,,,,۱۱ مرداد ۱۴۰۵، ۱۵:۵۹,https://divar.ir/v/gavhjCwe
زمین مسکونی  خ سعدی .جنب اقامتگاه موژان,فروش,لیل,,,,"‏۶,۵۰۰,۰۰۰,۰۰۰ تومان","‏۳۰,۵۱۶,۰۰۰ تومان",,۱۷ مرداد ۱۴۰۵، ۲۰:۱۹,https://divar.ir/v/ga31Vywz
فروش فوری زمین نزدیک لاهیجان ۱۵۹۰مترمتری ۶۰۰,فروش,شیشه گران,,,بدون اتاق,"‏۹,۵۴۰,۰۰۰,۰۰۰ تومان","‏۶,۰۰۰,۰۰۰ تومان",,۳۰ مرداد ۱۴۰۵، ۱۸:۲۶,https://divar.ir/v/gaIe2FOe
اجاره واحد۱۵۵متری,رهن و اجاره,گلستان,۱۵۵,۱۴۰۰,۳,,,۳,۱۸ مرداد ۱۴۰۵، ۲۰:۲۲,https://divar.ir/v/ga4BbP-v
2400متر با خانه کلنگی  چک نقد یا ماشین هم قیمت,فروش,آهندان,,,,"‏۴,۸۰۰,۰۰۰,۰۰۰ تومان","‏۲,۰۰۰,۰۰۰ تومان",,۱۱ تیر ۱۴۰۵، ۲۲:۰۱,https://divar.ir/v/gaG56Urz
۷۵۰ متر زمین مسکونی ، قابل تفکیک,فروش,بازکیاگوراب,,,,"‏۶,۰۰۰,۰۰۰,۰۰۰ تومان","‏۸,۰۰۰,۰۰۰ تومان",,۳۰ مرداد ۱۴۰۵، ۱۸:۰۸,https://divar.ir/v/gaIKmvCR
زمین با کاربری مسکونی -روستای لیالستان لاهیجان,فروش,لیالستان,,,,"‏۱۰,۳۷۰,۰۰۰,۰۰۰ تومان","‏۳۷,۹۸۵,۰۰۰ تومان",,۱۰ مرداد ۱۴۰۵، ۱۹:۳۳,https://divar.ir/v/gauhxp73
دو پلاک ۲۵۸ متری بیجاربنه,فروش,لیالستان,,,,"‏۱,۲۵۰,۰۰۰,۰۰۰ تومان","‏۴,۸۴۴,۰۰۰ تومان",,۳۰ مرداد ۱۴۰۵، ۱۷:۴۷,https://divar.ir/v/gaI6FAvT
زمین به مساحت ۳۳۰ متر,فروش,بازکیاگوراب,,,,"‏۲,۷۰۰,۰۰۰,۰۰۰ تومان","‏۸,۱۸۱,۰۰۰ تومان",,۳۰ مرداد ۱۴۰۵، ۱۷:۴۷,https://divar.ir/v/gaI212y7
فروش زمین مسکونی با پروانه ساخت,فروش,لیالستان,,,,"‏۶,۰۰۰,۰۰۰,۰۰۰ تومان","‏۲۰,۲۰۲,۰۰۰ تومان",,۳۰ مرداد ۱۴۰۵، ۱۷:۴۲,https://divar.ir/v/gaIuFK0x
زمین باغ چایی وجنگلی,فروش,لیل,,,بدون اتاق,"‏۲,۰۰۰,۰۰۰,۰۰۰ تومان","‏۴۰۰,۰۰۰ تومان",,۳۰ مرداد ۱۴۰۵، ۱۶:۳۷,https://divar.ir/v/gaI2ke0V
زمین,فروش,گلستان,,,,"‏۱,۸۵۰,۰۰۰,۰۰۰ تومان","‏۱۹,۰۷۲,۰۰۰ تومان",,۳۰ مرداد ۱۴۰۵، ۱۶:۰۳,https://divar.ir/v/gaIWEfs_
فروش زمین,فروش,آهندان,,,,"‏۲,۷۰۰,۰۰۰,۰۰۰ تومان","‏۶,۲۷۹,۰۰۰ تومان",,۳۰ مرداد ۱۴۰۵، ۱۶:۰۰,https://divar.ir/v/gaIO0-OW
فروش زمین مسکونی لاهیجان قابل معاوضه,فروش,لیالستان,,,,"‏۴,۸۰۰,۰۰۰,۰۰۰ تومان","‏۲۰,۰۰۰,۰۰۰ تومان",,۲۲ مرداد ۱۴۰۵، ۲۰:۲۴,https://divar.ir/v/ga9ZPuUw
فروش زمین ۲۵۰متری با ویو بی نظیر مسکونی در لاهیجان,فروش,لیل,,,,"‏۶,۵۰۰,۰۰۰,۰۰۰ تومان","‏۲۶,۰۰۰,۰۰۰ تومان",,۳۰ اردیبهشت ۱۴۰۵، ۱۲:۲۶,https://divar.ir/v/gaNYXdYp
اجاره اپارتمان نوساز ۷۵ متری,رهن و اجاره,گلستان,۷۵,۱۴۰۵,۲,,,۱ از ۴,۳۰ مرداد ۱۴۰۵، ۱۵:۲۴,https://divar.ir/v/gaIyTUYI
فروش زمین ۴۰۰ متری مسکونی (دو قطعه ۲۰۰ متری),فروش,بازکیاگوراب,,,,"‏۵,۰۰۰,۰۰۰,۰۰۰ تومان","‏۱۲,۵۰۰,۰۰۰ تومان",,۸ مرداد ۱۴۰۵، ۲۱:۰۹,https://divar.ir/v/garto-0K
فروش زمین داخل طرح هادی,فروش,لاشیدان,,,,"‏۱,۷۵۰,۰۰۰,۰۰۰ تومان","‏۷,۰۰۰,۰۰۰ تومان",,۳۰ مرداد ۱۴۰۵، ۱۵:۱۶,https://divar.ir/v/gaIqTQ1q
فروش ملک تجاری مسکونی بر اصلی لنگرود به لاهیجان,فروش,لیالستان,۳۴۳,۱۳۸۳,۲,"‏۲۵,۵۰۰,۰۰۰,۰۰۰ تومان","‏۷۴,۳۴۴,۰۰۰ تومان",,۳۰ مرداد ۱۴۰۵، ۱۵:۰۵,https://divar.ir/v/gaIaT2KW
فروش واحد مستقل در منطقه گلستان,فروش,گلستان,۱۲۵,۱۳۸۴,۳,"‏۱۷,۰۰۰,۰۰۰,۰۰۰ تومان","‏۱۳۶,۰۰۰,۰۰۰ تومان",۲ از ۲,۳۰ مرداد ۱۴۰۵، ۱۴:۵۹,https://divar.ir/v/gaIaTfpj
فروش زمین (تجاری مسکونی ) میدان گیل,فروش,جمهوری,,,,"‏۲۷,۰۰۰,۰۰۰,۰۰۰ تومان","‏۸۱,۸۱۸,۰۰۰ تومان",,۱۳ مرداد ۱۴۰۵، ۲۱:۳۴,https://divar.ir/v/gayliY8A
خانه دو طبقه,فروش,لیل,۹۰,۱۳۹۶,۱,"‏۱۸,۰۰۰,۰۰۰,۰۰۰ تومان","‏۳۴,۶۱۵,۰۰۰ تومان",,۳۰ مرداد ۱۴۰۵، ۱۴:۳۵,https://divar.ir/v/gaICDwFF
زمین مسکونی,فروش,بازکیاگوراب,,,,"‏۹,۵۰۰,۰۰۰,۰۰۰ تومان","‏۱۱,۳۰۹,۰۰۰ تومان",,۳۰ مرداد ۱۴۰۵، ۱۴:۱۹,https://divar.ir/v/gaI2yJKk
واحد مسکونی با موقعیت تجاری,فروش,انقلاب,۶۸,۱۳۸۰,۱,"‏۱۰,۲۰۰,۰۰۰,۰۰۰ تومان","‏۱۵۰,۰۰۰,۰۰۰ تومان",همکف,۶ خرداد ۱۴۰۵، ۲۳:۵۷,https://divar.ir/v/gaXMVoe5
1800متر داخل طرح هادی,فروش,آهندان,,,,"‏۹,۰۰۰,۰۰۰,۰۰۰ تومان","‏۵,۰۰۰,۰۰۰ تومان",,۳۰ مرداد ۱۴۰۵، ۱۴:۱۳,https://divar.ir/v/gaIuSsXL
خانه ویلایی تجاری مسکونی معاوضه,فروش,یوسف آباد,۶۰,قبل از ۱۳۷۰,۲,"‏۱۵,۰۰۰,۰۰۰,۰۰۰ تومان","‏۱۲۸,۲۰۵,۰۰۰ تومان",,۱۶ تیر ۱۴۰۵، ۱۹:۳۲,https://divar.ir/v/gaNNCJbz
رهن و اجاره ی ۱۴۰ متری لوکس تک واحدی_۳ خواب_منظریه,رهن و اجاره,شهید آوینی,۱۴۰,۱۴۰۴,۳,,,۴ از ۵,۲۳ مرداد ۱۴۰۵، ۱۵:۳۹,https://divar.ir/v/ga_VwK9X
فروش زیر قیمت_آپارتمان ۱۴۵متری_شخصی ساز_گلستان زوج,فروش,گلستان,۱۴۵,۱۴۰۰,۳,"‏۱۸,۲۰۰,۰۰۰,۰۰۰ تومان","‏۱۲۵,۵۱۷,۰۰۰ تومان",۲ از ۴,۲ مرداد ۱۴۰۵، ۱۶:۰۲,https://divar.ir/v/gajtlAfQ
اجاره منزل ۶۰ متری یک خوابه,رهن و اجاره,آهندان,۶۰,۱۴۰۵,۱,,,۱ از ۲,۲۷ مرداد ۱۴۰۵، ۱۳:۱۷,https://divar.ir/v/gaEqSLT9
ویلایی ۲۰۵ متری شهدا,فروش,خمیر کلایه,۱۵۰,۱۳۸۰,۳,"‏۱۹,۰۰۰,۰۰۰,۰۰۰ تومان","‏۹۲,۶۸۲,۰۰۰ تومان",,۱۲ مرداد ۱۴۰۵، ۰۶:۲۳,https://divar.ir/v/gawJgZ8t
فروش ویلا,فروش,شیشه گران,۱۱۵,۱۴۰۵,۲,"‏۱۲,۹۰۰,۰۰۰,۰۰۰ تومان","‏۶۴,۵۰۰,۰۰۰ تومان",,۲۵ مرداد ۱۴۰۵، ۲۰:۵۶,https://divar.ir/v/gaBKflfj
7 هزار متر زمین به همراه یک واحد مسکونی,فروش,لیل,,,,"‏۱۰,۰۰۰,۰۰۰,۰۰۰ تومان","‏۱,۴۲۸,۰۰۰ تومان",,۳۰ تیر ۱۴۰۵، ۲۱:۵۲,https://divar.ir/v/gafVLO-_
زمین مسکونی منطقه بکر جنگلی,فروش,لیل,,,,"‏۶,۰۰۰,۰۰۰,۰۰۰ تومان","‏۱۶,۷۱۳,۰۰۰ تومان",,۳۰ مرداد ۱۴۰۵، ۱۳:۱۶,https://divar.ir/v/gaI6RbKB
زمین مسکونی لاهیجان خ رسالت,فروش,لیالستان,,,,"‏۴,۸۰۰,۰۰۰,۰۰۰ تومان","‏۱۵,۰۰۰,۰۰۰ تومان",,۳۰ مرداد ۱۴۰۵، ۱۳:۱۲,https://divar.ir/v/gaI2BZJs
فروش ویلا روستایی,فروش,لفمجان,۹۰,۱۳۹۰,۲,"‏۹,۰۰۰,۰۰۰,۰۰۰ تومان","‏۱۵,۰۰۰,۰۰۰ تومان",,۳۰ مرداد ۱۴۰۵، ۱۳:۰۲,https://divar.ir/v/gaIqhp8F
واحد ۷۴ متری نقلی خوش نقشه,فروش,کوی آزادگان,۷۴,۱۳۹۴,۲,"‏۹,۵۰۰,۰۰۰,۰۰۰ تومان","‏۱۲۸,۳۷۸,۰۰۰ تومان",۴ از ۴,۱۵ مرداد ۱۴۰۵، ۰۰:۲۲,https://divar.ir/v/gazJqH45
فروش زمین ویو دار,فروش,آهندان,,,,"‏۴,۵۰۰,۰۰۰,۰۰۰ تومان","‏۱۶,۹۸۱,۰۰۰ تومان",,۲۲ خرداد ۱۴۰۵، ۱۲:۳۱,https://divar.ir/v/garo8jBI
زمین کشاورزی لفمجان,فروش,لفمجان,,,بدون اتاق,"‏۱,۸۶۰,۰۰۰,۰۰۰ تومان","‏۱,۰۰۰,۰۰۰ تومان",,۳۰ مرداد ۱۴۰۵، ۱۲:۴۲,https://divar.ir/v/gaIaBYo9
فروش شالیزار,فروش,بازکیاگوراب,,,بدون اتاق,"‏۱۱,۰۰۰,۰۰۰,۰۰۰ تومان","‏۲,۲۰۰,۰۰۰ تومان",,۳۰ مرداد ۱۴۰۵، ۱۲:۴۱,https://divar.ir/v/gaIaRDqi
رهن و اجاره واحد تجاری کوچه توکلی طبقه اول,رهن کامل,کاروانسرابر,۸۰,۱۴۰۴,۲,,,۱,۲۵ مرداد ۱۴۰۵، ۰۹:۱۵,https://divar.ir/v/gaB60W40
سوستان یاس۴ زمین فروشی,فروش,لیل,,,,"‏۵,۲۰۰,۰۰۰,۰۰۰ تومان","‏۳۸,۸۰۵,۰۰۰ تومان",,۳۰ مرداد ۱۴۰۵، ۱۲:۲۵,https://divar.ir/v/gaIKxFR-
آپارتمان نماسنگی-فروش توسط مالک,فروش,فیاض,۷۲,۱۳۸۸,۲,"‏۹,۸۰۰,۰۰۰,۰۰۰ تومان","‏۱۳۶,۱۱۱,۰۰۰ تومان",۱,۲ خرداد ۱۴۰۵، ۱۰:۲۰,https://divar.ir/v/gaR4kEKE
خانه ویلایی و مغازه,فروش,لیالستان,۷۵,۱۳۷۲,۱,"‏۲۰,۰۰۰,۰۰۰,۰۰۰ تومان","‏۱۸۵,۱۸۵,۰۰۰ تومان",,۲۴ مرداد ۱۴۰۵، ۱۹:۲۸,https://divar.ir/v/gaAyYQu4
ویلا لاهیجان کوهپایه ای سوستان کوهبنه,فروش,لیل,۸۸,۱۴۰۵,۲,"‏۱۵,۰۰۰,۰۰۰,۰۰۰ تومان","‏۲۷,۲۷۲,۰۰۰ تومان",,۳۰ مرداد ۱۴۰۵، ۱۲:۰۶,https://divar.ir/v/gaI2Qton
زمین ۲۵۰ و ۳۳۰ متری داخل طرح لاهیجان سوستان,فروش,لیل,,,,"‏۳,۰۰۰,۰۰۰,۰۰۰ تومان","‏۱۲,۰۰۰,۰۰۰ تومان",,۲۵ مرداد ۱۴۰۵، ۱۸:۵۸,https://divar.ir/v/gaBaN1p6
ویلا و  زمین روستایی و شهری در لاهیجان و سیاهکل,فروش,لیل,,,,"‏۶,۰۰۰,۰۰۰,۰۰۰ تومان","‏۳۰,۰۰۰,۰۰۰ تومان",,۲۵ مرداد ۱۴۰۵، ۱۹:۱۷,https://divar.ir/v/gaBudVLj
زمین باغی,فروش,لیالستان,,,بدون اتاق,"‏۸,۵۵۰,۰۰۰,۰۰۰ تومان","‏۲۵,۰۰۰,۰۰۰ تومان",,۳۰ مرداد ۱۴۰۵، ۱۱:۵۳,https://divar.ir/v/gaIqw7B9
زمین 200 متری در کوهبنه,فروش,آهندان,,,,"‏۲,۵۰۰,۰۰۰,۰۰۰ تومان","‏۱۲,۵۰۰,۰۰۰ تومان",,۱۸ مرداد ۱۴۰۵، ۱۲:۴۲,https://divar.ir/v/gavFWIXj
فروش ۷۰۰ متر زمین با پروانه در سیاهگوراب,فروش,لیالستان,,,,"‏۹,۴۵۰,۰۰۰,۰۰۰ تومان","‏۱۳,۵۰۰,۰۰۰ تومان",,۲۴ تیر ۱۴۰۵، ۱۸:۵۵,https://divar.ir/v/gaXZKQNV
فروش آپارتمان ۹۶ متری لاهیجان,فروش,لیل,۹۶,۱۳۹۵,۲,"‏۷,۲۰۰,۰۰۰,۰۰۰ تومان","‏۷۵,۰۰۰,۰۰۰ تومان",۳ از ۳,۳۰ مرداد ۱۴۰۵، ۱۱:۰۵,https://divar.ir/v/gaH-fobI
فروش مغازه لاهیجان,فروش,لیل,۱۰,۱۴۰۲,بدون اتاق,"‏۳,۰۰۰,۰۰۰,۰۰۰ تومان","‏۳۰۰,۰۰۰,۰۰۰ تومان",,۳۰ مرداد ۱۴۰۵، ۱۰:۴۵,https://divar.ir/v/gaHqfk_4
فروش زمین در لاهیجان,فروش,شیشه گران,,,,"‏۱,۴۰۰,۰۰۰,۰۰۰ تومان","‏۷,۰۰۰,۰۰۰ تومان",,۳۰ مرداد ۱۴۰۵، ۱۰:۲۵,https://divar.ir/v/gaHavTgc
رهن ویلایی دو واحدی رهن کامل ۱۶ میلیارد تومان,رهن کامل,رجایی,۳۳۰,قبل از ۱۳۷۰,+۴,,,,۳ خرداد ۱۴۰۵، ۰۷:۱۸,https://divar.ir/v/gaSQ3qBn
فروش ۲۰۸ متر ویلاداخل شهر,فروش,حاجی آباد,۹۰,۱۳۷۳,۲,"‏۹,۵۰۰,۰۰۰,۰۰۰ تومان","‏۴۵,۶۷۳,۰۰۰ تومان",,۲۳ تیر ۱۴۰۵، ۱۶:۴۶,https://divar.ir/v/gaWZDfPr
ویلا فروشی و با موقعیت خاص و پروانه ساخت معتبر,فروش,بوجایه,۵۰,۱۴۰۴,۱,"‏۱۵,۰۰۰,۰۰۰,۰۰۰ تومان","‏۲۵,۵۱۰,۰۰۰ تومان",,۳۰ خرداد ۱۴۰۵، ۰۹:۲۳,https://divar.ir/v/ga2oC0A8
ویلا  چسبیده به شهر لاهیجان,فروش,آهندان,۲۰۰,۱۴۰۵,۳,"‏۲۱,۰۰۰,۰۰۰,۰۰۰ تومان","‏۵۸,۳۳۳,۰۰۰ تومان",,۲۸ مرداد ۱۴۰۵، ۱۶:۳۸,https://divar.ir/v/gaFqKtjv
زمین تماما مسکونی سند تک برگ,فروش,لفمجان,,,,"‏۲,۹۳۰,۰۰۰,۰۰۰ تومان","‏۸,۳۲۳,۰۰۰ تومان",,۲۹ مرداد ۱۴۰۵، ۲۳:۴۹,https://divar.ir/v/gaHG2NxJ
۶هزار زمین با بنا ۶۰متر اب برق گاز,فروش,آهندان,,,,"‏۳۶,۰۰۰,۰۰۰,۰۰۰ تومان","‏۶,۰۰۰,۰۰۰ تومان",,۲۹ مرداد ۱۴۰۵، ۲۳:۴۷,https://divar.ir/v/gaHCm4D2
سوخته کوه ۱۱۶۶۳ متر,فروش,آهندان,,,,"‏۱۶۳,۰۰۰,۰۰۰,۰۰۰ تومان","‏۱۳,۹۷۵,۰۰۰ تومان",,۱۲ مرداد ۱۴۰۵، ۲۲:۲۸,https://divar.ir/v/gawZsQu3
فروش اقساطی زمین,فروش,لیل,,,بدون اتاق,"‏۷,۵۰۰,۰۰۰,۰۰۰ تومان","‏۱۵,۰۰۰,۰۰۰ تومان",,۲۹ مرداد ۱۴۰۵، ۲۳:۰۳,https://divar.ir/v/gaHalM_n
فروش زمین,فروش,لیل,,,,"‏۴,۵۰۰,۰۰۰,۰۰۰ تومان","‏۱۵,۰۰۰,۰۰۰ تومان",,۲۹ مرداد ۱۴۰۵، ۲۲:۵۰,https://divar.ir/v/gaHO1ayX
زمین مسکونی سند دار,فروش,آهندان,,,,"‏۵,۵۰۰,۰۰۰,۰۰۰ تومان","‏۲۰,۲۲۰,۰۰۰ تومان",,۱۸ مرداد ۱۴۰۵، ۱۹:۱۷,https://divar.ir/v/ga4F6D9U
زمین در سوستان با قیمت مناسب  بفروش میرسد,فروش,لیل,,,,"‏۳,۵۰۰,۰۰۰,۰۰۰ تومان","‏۷,۰۰۰,۰۰۰ تومان",,۲۹ مرداد ۱۴۰۵، ۲۲:۱۵,https://divar.ir/v/gaHmUku2
فروش زمین سند دار در کنار مقبره ی شیخ زاهد لاهیجان,فروش,لیالستان,,,,"‏۱۱,۹۵۰,۰۰۰,۰۰۰ تومان","‏۵۲,۸۷۶,۰۰۰ تومان",,۲۹ مرداد ۱۴۰۵، ۲۲:۰۹,https://divar.ir/v/gaHm000e
زمین ۲۸۸۰۰ متر ویلایی آپارتمان سرمایه‌گذاری چمخاله,فروش,شیشه گران,,,,"‏۷۷,۰۰۰,۰۰۰,۰۰۰ تومان","‏۲,۶۷۳,۰۰۰ تومان",,۲۹ مرداد ۱۴۰۵، ۲۲:۰۸,https://divar.ir/v/gaHmUV5c
زمین مسکونی,فروش,آهندان,,,,"‏۴,۴۰۰,۰۰۰,۰۰۰ تومان","‏۹,۱۶۶,۰۰۰ تومان",,۲۹ مرداد ۱۴۰۵، ۲۱:۱۸,https://divar.ir/v/gaH2Tnb3
تک واحدی لاهیجان ۱۰۵متر کوچه۸متری,فروش,کوی زمانی,۱۰۵,۱۴۰۴,۳,"‏۱۱,۵۵۰,۰۰۰,۰۰۰ تومان","‏۱۱۰,۰۰۰,۰۰۰ تومان",۱ از ۳,۲۹ مرداد ۱۴۰۵، ۲۱:۱۱,https://divar.ir/v/gaHuj2sP
آپارتمان 80 متری,فروش,پردسر,۸۰,۱۴۰۱,۲,"‏۷,۵۰۰,۰۰۰,۰۰۰ تومان","‏۹۳,۷۵۰,۰۰۰ تومان",۳,۲۹ مرداد ۱۴۰۵، ۲۰:۵۰,https://divar.ir/v/gaHezTj9
آپارتمان ۱۰۸ متری در خیابان سعدی,فروش,کوه بیجار,۱۰۸,۱۳۹۶,۲,"‏۱۶,۰۰۰,۰۰۰,۰۰۰ تومان","‏۱۴۸,۱۴۸,۰۰۰ تومان",۳ از ۴,۲۹ مرداد ۱۴۰۵، ۲۰:۴۹,https://divar.ir/v/gaHeDFBh
فروش و معاوضه مالک_۱۲۳م۳خ_برخیابان اصلی تربیت‌معلم,فروش,شهرک جانبازان,۱۲۳,۱۳۸۹,۳,"‏۱۰,۰۰۰,۰۰۰,۰۰۰ تومان","‏۸۱,۳۰۰,۰۰۰ تومان",۲ از ۳,۲۰ تیر ۱۴۰۵، ۲۲:۱۶,https://divar.ir/v/gaS54egl
فروش یک منزل مسکونی در دیزبن,فروش,لیالستان,۸۰,قبل از ۱۳۷۰,۲,"‏۱۵,۰۰۰,۰۰۰,۰۰۰ تومان","‏۳۷,۵۰۰,۰۰۰ تومان",,۲۹ مرداد ۱۴۰۵، ۲۰:۲۱,https://divar.ir/v/gaHCjjcz
۳۷۰متر مسکونی لاهیجان_پلاک یک ۱ جنگل,فروش,شهرک فرهنگیان,,,,"‏۱۷,۳۰۰,۰۰۰,۰۰۰ تومان","‏۴۶,۷۵۶,۰۰۰ تومان",,۹ تیر ۱۴۰۵، ۱۷:۳۹,https://divar.ir/v/gaDxc93A
فروش خانه مستقل در گلستان ۳۱ چند قدمی استخر,فروش,گلستان,۵۱,۱۳۹۳,۱,"‏۵,۹۰۰,۰۰۰,۰۰۰ تومان","‏۱۱۵,۶۸۶,۰۰۰ تومان",۱,۱۸ مرداد ۱۴۰۵، ۱۹:۲۴,https://divar.ir/v/ga49Wz-h
فروش زمین سند دار,فروش,لیالستان,,,,"‏۷,۹۰۰,۰۰۰,۰۰۰ تومان","‏۱۶,۳۵۶,۰۰۰ تومان",,۲۵ تیر ۱۴۰۵، ۱۷:۲۷,https://divar.ir/v/gaYN-O7M
۳ واحد یکجا با یک سند بر اصلی کمربندی,فروش,لاشیدان,۱۴۰,۱۴۰۰,۴,"‏۱۴,۵۰۰,۰۰۰,۰۰۰ تومان","‏۱۰۳,۵۷۱,۰۰۰ تومان",۱,۲۹ مرداد ۱۴۰۵، ۱۹:۳۰,https://divar.ir/v/gaHSykR2
۲۷۰  متر تمام مسکونی دره جیر کوره بر  سند دار,فروش,کوی خزر,,,,"‏۱۰,۶۴۰,۰۰۰,۰۰۰ تومان","‏۳۹,۴۰۷,۰۰۰ تومان",,۳۰ تیر ۱۴۰۵، ۲۱:۳۱,https://divar.ir/v/gafNrfTH
۳۶۰متر زمین باغی در روستای بندبون پایین,فروش,آهندان,,,,"‏۳,۶۰۰,۰۰۰,۰۰۰ تومان","‏۱۰,۰۰۰,۰۰۰ تومان",,۲۹ مرداد ۱۴۰۵، ۱۹:۲۵,https://divar.ir/v/gaHewsWv
فروش زمین ۲۱۰متری تمام مسکونی برخیابان اصلی زمیدان,فروش,لیل,,,,"‏۶,۳۰۰,۰۰۰,۰۰۰ تومان","‏۳۰,۰۰۰,۰۰۰ تومان",,۲۹ مرداد ۱۴۰۵، ۱۹:۱۱,https://divar.ir/v/gaH-h_AM
فروش واحد ۱۳۸متری تحویل سه ماهه در خ سعدی,فروش,کوه بیجار,۱۳۸,۱۴۰۵,۲,"‏۲۶,۰۰۰,۰۰۰,۰۰۰ تومان","‏۱۸۸,۴۰۵,۰۰۰ تومان",۱,۲۲ مرداد ۱۴۰۵، ۲۰:۲۴,https://divar.ir/v/ga9VP2x4
320 متر_سه خواب_سندتک برگ,فروش,لاشیدان,۱۲۰,۱۴۰۱,۳,"‏۱۱,۸۰۰,۰۰۰,۰۰۰ تومان","‏۳۶,۸۷۵,۰۰۰ تومان",,۲۹ مرداد ۱۴۰۵، ۱۸:۱۳,https://divar.ir/v/gaHKhSak
فروش زمین درکوی زمانی,فروش,کوی زمانی,,,,"‏۹,۳۰۰,۰۰۰,۰۰۰ تومان","‏۴۴,۹۲۷,۰۰۰ تومان",,۲۹ مرداد ۱۴۰۵، ۱۸:۰۹,https://divar.ir/v/gaHGxq3n
زمین مسکونی,فروش,بازکیاگوراب,,,,"‏۲,۱۰۰,۰۰۰,۰۰۰ تومان","‏۵,۵۸۵,۰۰۰ تومان",,۲۹ مرداد ۱۴۰۵، ۱۸:۰۱,https://divar.ir/v/gaH-gf2r
رهن واحد لوکس  ۱۰۰ متری خزر,رهن کامل,کوی خزر,۱۰۰,۱۴۰۱,۲,,,۱ از ۴,۲۹ مرداد ۱۴۰۵، ۱۷:۵۶,https://divar.ir/v/gaH6Aans
زمین مسکونی لاهیجان بازکیاگوراب جاده سیاهکل,فروش,بازکیاگوراب,,,,"‏۴,۱۱۶,۰۰۰,۰۰۰ تومان","‏۶,۰۰۰,۰۰۰ تومان",,۲۹ تیر ۱۴۰۵، ۱۸:۴۶,https://divar.ir/v/gaepDDLY
فروش ویلا دوبلکس نوساز کوهپایه ای,فروش,آهندان,۲۰۰,۱۴۰۴,۲,"‏۱۸,۰۰۰,۰۰۰,۰۰۰ تومان","‏۶۴,۲۸۵,۰۰۰ تومان",,۲۹ مرداد ۱۴۰۵، ۱۷:۳۱,https://divar.ir/v/gaHiAhdG
فروش زمین مسکونی ۳۵۰ متری سنددار در لاهیجان,فروش,بوجایه,,,,"‏۵,۸۰۰,۰۰۰,۰۰۰ تومان","‏۱۶,۵۷۱,۰۰۰ تومان",,۱۴ خرداد ۱۴۰۵، ۱۲:۰۰,https://divar.ir/v/gahUDH2b
زمین به همراه باغ چای,فروش,لیل,,,,"‏۱,۰۰۰ تومان",‏۰ تومان,,۴ فروردین ۱۴۰۵، ۰۴:۵۷,https://divar.ir/v/QaBfXB5A
اجاره مغازه در کاشف شرقی خیابان گلزار شهدا بر دوم,رهن و اجاره,شهرک سلمان فارسی,۱۸,۱۳۷۱,بدون اتاق,,,,۲۴ مرداد ۱۴۰۵، ۲۱:۰۳,https://divar.ir/v/ga8RYIWr
اجاره سوئیت 52متری,رهن و اجاره,لیالستان,۵۲,۱۴۰۰,۱,,,,۲۹ مرداد ۱۴۰۵، ۱۷:۰۸,https://divar.ir/v/gaHOgLL8
زمین مسکونی,فروش,لفمجان,,,,"‏۲,۵۰۰,۰۰۰,۰۰۰ تومان","‏۴,۱۵۹,۰۰۰ تومان",,۲۹ مرداد ۱۴۰۵، ۱۶:۵۴,https://divar.ir/v/gaHCAHpz
۳خواب مستقل راه جدا,رهن کامل,خمیر کلایه,۱۴۰,۱۳۹۴,۳,,,۱,۲۹ مرداد ۱۴۰۵، ۱۶:۴۴,https://divar.ir/v/gaG2vddD
مستقل طبقه۱ ۱۰۰مترکلیدنخورده پارکینگ نورگیربی نظیر,فروش,حاجی آباد,۱۰۰,۱۴۰۴,۲,"‏۱۰,۹۰۰,۰۰۰,۰۰۰ تومان","‏۱۰۹,۰۰۰,۰۰۰ تومان",۱ از ۲,۲۶ مرداد ۱۴۰۵، ۱۹:۳۳,https://divar.ir/v/gaDCzpAS
شریکی مغازه بگیریم,رهن و اجاره,شیشه گران,۲۰,۱۴۰۵,بدون اتاق,,,,۲۹ مرداد ۱۴۰۵، ۱۶:۲۵,https://divar.ir/v/gaGiPeK8
مستقل پارکینگدار کوی زمانی وحدت,رهن کامل,کوی زمانی,۶۰,۱۳۹۰,۱,,,همکف,۲۸ مرداد ۱۴۰۵، ۱۷:۳۰,https://divar.ir/v/gaFab0vI
فروش ویژه آپارتمان ۱۱۴ متری_ زیرقیمت منطقه_بی نظیر,فروش,مهرگان,۱۱۴,۱۴۰۵,۲,"‏۱۲,۵۴۰,۰۰۰,۰۰۰ تومان","‏۱۱۰,۰۰۰,۰۰۰ تومان",۳,۳۰ خرداد ۱۴۰۵، ۱۹:۱۲,https://divar.ir/v/ga2QrnRj
رهن واحد ۸۵ متری_ کوی زمانی_ مستقل,رهن کامل,کوی زمانی,۸۵,۱۳۹۰,۲,,,۱,۲۹ مرداد ۱۴۰۵، ۱۵:۳۶,https://divar.ir/v/gaG2umuV
رهن و اجاره ۱۳۲ متری لوکس_میدان حشمت_بهترین متریال,رهن و اجاره,شقایق,۱۳۲,۱۴۰۴,۳,,,۳ از ۵,۲۹ مرداد ۱۴۰۵، ۱۵:۲۱,https://divar.ir/v/gaGq-GSN
مغازه ساندویچی  در شیخ زاهد,رهن و اجاره,لیالستان,۴۰,۱۳۸۹,بدون اتاق,,,,۲۹ مرداد ۱۴۰۵، ۰۱:۴۱,https://divar.ir/v/gaGein9D
۷۳۰۰ متر زمین جنگلی,فروش,آهندان,,,,"‏۱۲۰,۰۰۰,۰۰۰,۰۰۰ تومان","‏۱۶,۴۳۸,۰۰۰ تومان",,۲۹ مرداد ۱۴۰۵، ۱۴:۵۳,https://divar.ir/v/gaGOugiz
ویلا ۸۰ متری دوخوابه  محدوده کتشال,رهن و اجاره,لیل,۸۰,۱۴۰۰,۲,,,,۲۹ مرداد ۱۴۰۵، ۱۴:۰۷,https://divar.ir/v/gaGitoym
۳۱۲متر تمام مسکونی با مجوز ساخت دوبر,فروش,لیل,,,,"‏۸,۵۰۰,۰۰۰,۰۰۰ تومان","‏۲۷,۲۴۳,۰۰۰ تومان",,۲۶ مرداد ۱۴۰۵، ۱۶:۳۳,https://divar.ir/v/gaDagkv8
زمین زیبا در بهترین لوکیشن شهر زیبای لاهیجان,فروش,لیل,,,,"‏۳۱,۰۰۰,۰۰۰,۰۰۰ تومان","‏۳۵,۱۸۷,۰۰۰ تومان",,۱۸ تیر ۱۴۰۵، ۰۲:۵۲,https://divar.ir/v/gaOt9UD4
اجاره زمین 370متری برای انباری در روبروی بعثت.,رهن و اجاره,کوی خزر,۳۷۰,۱۴۰۴,بدون اتاق,,,,۲۹ مرداد ۱۴۰۵، ۱۳:۲۹,https://divar.ir/v/gaG-8pQ8
سوییت مناسب دانشجو,رهن کامل,کوی استادان,۷۹,۱۳۸۶,۱,,,همکف,۲۹ مرداد ۱۴۰۵، ۱۳:۱۹,https://divar.ir/v/gaG28T0U
اجاره  ۱۵۰ متری سه‌خوابه مستقل تربیت معلم، بر اصلی,رهن کامل,مهرگان,۱۵۰,۱۳۹۷,۳,,,۱,۲۹ مرداد ۱۴۰۵، ۱۳:۱۸,https://divar.ir/v/gaG2cJ3g
فروش واحد ۹۶ متر شقایق,فروش,کوی استادان,۹۶,۱۳۹۴,۲,"‏۱۲,۰۰۰,۰۰۰,۰۰۰ تومان","‏۱۲۵,۰۰۰,۰۰۰ تومان",۱ از ۳,۲۹ مرداد ۱۴۰۵، ۱۳:۱۵,https://divar.ir/v/gaGyMdDF
اجاره یک باب مغازه,رهن و اجاره,مهرگان,۱۴,۱۳۹۴,بدون اتاق,,,,۲۹ مرداد ۱۴۰۵، ۱۳:۱۱,https://divar.ir/v/gaGisCH_
۵۲۰ متر خونه ویلایی  با سند تک برگ جاده سیاهکل,فروش,بازکیاگوراب,۸۰,۱۳۹۱,۲,"‏۸,۷۰۰,۰۰۰,۰۰۰ تومان","‏۱۶,۷۳۰,۰۰۰ تومان",,۳ خرداد ۱۴۰۵، ۱۲:۴۳,https://divar.ir/v/gaSAs1HU
آپارتمان ۱۷۰ متر مستقل راه جدا سعدی زوج,فروش,کوه بیجار,۱۶۸,۱۳۹۴,۳,"‏۲۰,۰۰۰,۰۰۰,۰۰۰ تومان","‏۱۱۹,۰۴۷,۰۰۰ تومان",۳,۲۹ مرداد ۱۴۰۵، ۱۳:۰۵,https://divar.ir/v/gaGmM1Uu
کمربندی لاهیجان‌ زمین پنج هزار متری تاپ لوکیشن,فروش,کوی خزر,,,,"‏۱۵۳,۰۰۰,۰۰۰,۰۰۰ تومان","‏۳۰,۶۰۰,۰۰۰ تومان",,۲۹ مرداد ۱۴۰۵، ۱۳:۰۳,https://divar.ir/v/gaGm8i0-
فروش فوق العاده زمین در لاهیجان (شیطان کوه),فروش,کوه بیجار,,,,"‏۴۵,۵۰۰,۰۰۰,۰۰۰ تومان","‏۶۵,۰۰۰,۰۰۰ تومان",,۲۷ مرداد ۱۴۰۵، ۲۰:۱۹,https://divar.ir/v/gaEy4-ll
آپارتمان تک واحدی ویو کوه و جنگل قیمت عالی,فروش,کوه بیجار,۱۰۰,۱۴۰۵,۲,"‏۱۶,۰۰۰,۰۰۰,۰۰۰ تومان","‏۱۶۰,۰۰۰,۰۰۰ تومان",۴ از ۴,۶ خرداد ۱۴۰۵، ۱۱:۲۶,https://divar.ir/v/gaWMqfEr
۲۸۰۰,فروش,لیل,,,,"‏۴۲,۰۰۰,۰۰۰,۰۰۰ تومان","‏۱۵,۰۰۰,۰۰۰ تومان",,۲۹ مرداد ۱۴۰۵، ۱۲:۴۲,https://divar.ir/v/gaGSMudR
۳۲قطعه زمین خارج طرح در روستا بندبون,فروش,آهندان,,,,"‏۶۰,۰۰۰,۰۰۰,۰۰۰ تومان","‏۲۷,۲۷۲,۰۰۰ تومان",,۲۹ مرداد ۱۴۰۵، ۱۲:۳۷,https://divar.ir/v/gaGO8yKE
اجاره واحد آپارتمان,رهن و اجاره,مهرگان,۱۵۰,۱۳۹۶,۳,,,۲,۲۹ مرداد ۱۴۰۵، ۱۲:۳۷,https://divar.ir/v/gaGOsuNs
اجاره سوئیت 50متری واقع خیابان تربیت معلم بر اصلی,رهن و اجاره,مهرگان,۵۰,۱۳۹۵,۱,,,همکف,۲۹ مرداد ۱۴۰۵، ۱۲:۳۳,https://divar.ir/v/gaGGs-it
اجاره مغازه ۱۴۰متری بَرِ اصلی بلوار امام رضا,رهن و اجاره,گلستان,۲۶۰,۱۳۸۰,۱,,,,۱۵ مرداد ۱۴۰۵، ۱۳:۲۷,https://divar.ir/v/ga0plZTW
زمین ۲بر مناسب ساخت منظریه,فروش,شهید آوینی,,,,"‏۲۵,۰۰۰,۰۰۰,۰۰۰ تومان","‏۱۰۸,۶۹۵,۰۰۰ تومان",,۲۹ مرداد ۱۴۰۵، ۱۲:۲۱,https://divar.ir/v/gaG-rkhJ
زمین سنددار مسکونی شیخ زاهد دوبر,فروش,شیخ زاهد,,,,"‏۶۰,۰۰۰,۰۰۰,۰۰۰ تومان","‏۶۰,۰۰۰,۰۰۰ تومان",,۷ تیر ۱۴۰۵، ۱۹:۳۲,https://divar.ir/v/gaBR08Uv
فروش زمین,فروش,بوجایه,,,,"‏۲,۱۰۰,۰۰۰,۰۰۰ تومان","‏۷,۰۰۰,۰۰۰ تومان",,۲۹ مرداد ۱۴۰۵، ۱۲:۱۰,https://divar.ir/v/gaG2LjIp
واحد تکخواب سند تکبرگ,فروش,یوسف آباد,۴۰,۱۳۸۶,۱,"‏۳,۸۵۰,۰۰۰,۰۰۰ تومان","‏۹۶,۲۵۰,۰۰۰ تومان",همکف از ۲,۲۹ مرداد ۱۴۰۵، ۱۲:۰۹,https://divar.ir/v/gaG27Rm8
300 متر زمین مسکونی بند بن لاهیجان,فروش,آهندان,,,,"‏۵,۵۰۰,۰۰۰,۰۰۰ تومان","‏۱۸,۳۳۳,۰۰۰ تومان",,۲۹ مرداد ۱۴۰۵، ۱۲:۰۱,https://divar.ir/v/gaGubJJx
رهن اپارتمان واقع در خیابان کارگر,رهن و اجاره,شیشه گران,۹۰,۱۳۹۸,۲,,,۱ از ۴,۷ مرداد ۱۴۰۵، ۱۶:۰۶,https://divar.ir/v/gapNPrLT
زمین مسکونی زیر قیمت فروش فوری,فروش,حاجی آباد,,,,"‏۵,۶۰۰,۰۰۰,۰۰۰ تومان","‏۱۹,۳۱۰,۰۰۰ تومان",,۲۴ مرداد ۱۴۰۵، ۰۱:۳۳,https://divar.ir/v/ga_lo9rU
آ‌پارتمان نقلی تک واحده در گلستان,فروش,گلستان,۵۳,۱۳۹۰,۱,"‏۶,۵۰۰,۰۰۰,۰۰۰ تومان","‏۱۲۲,۶۴۱,۰۰۰ تومان",۱,۲۹ مرداد ۱۴۰۵، ۱۱:۳۲,https://divar.ir/v/gaGSbWfx
فروش زمین  370  متر داخل طرح هادی,فروش,بازکیاگوراب,,,,"‏۱,۲۰۰,۰۰۰,۰۰۰ تومان","‏۳,۲۴۳,۰۰۰ تومان",,۲۹ مرداد ۱۴۰۵، ۱۱:۰۹,https://divar.ir/v/gaG6a0_b
ویلاباغ۳۵۰۰متری استخر،پیست دوچرخه سواری،زمین بازی,فروش,گلستان,۲۰۰,۱۴۰۰,۳,"‏۶۸۰,۰۰۰,۰۰۰,۰۰۰ تومان","‏۱۹۴,۲۸۵,۰۰۰ تومان",,۲ خرداد ۱۴۰۵، ۱۱:۲۸,https://divar.ir/v/gaR0FyE1
زمین اسکلت تمام آهن آماده ساخت خانه ویلا182متر,فروش,حاجی آباد,,,,"‏۲,۴۵۰,۰۰۰,۰۰۰ تومان","‏۱۳,۴۶۱,۰۰۰ تومان",,۳۰ تیر ۱۴۰۵، ۱۶:۲۷,https://divar.ir/v/gadVfpca
رهن غیرقابل تبدیل ۶۰متر گلستان فول امکانات,رهن کامل,گلستان,۶۰,۱۳۹۵,۱,,,۲,۲۲ مرداد ۱۴۰۵، ۱۲:۰۶,https://divar.ir/v/ga91H6eV
۳۰۰ متر انبار محوطه کمربندی,رهن و اجاره,لیالستان,۳۰۰,۱۳۹۰,بدون اتاق,,,,۲۹ مرداد ۱۴۰۵، ۱۰:۵۳,https://divar.ir/v/gaGuaZJd
زمین،زیر قیمت منطقه,فروش,لیالستان,,,,"‏۶,۳۷۷,۰۰۰,۰۰۰ تومان","‏۸,۶۹۹,۰۰۰ تومان",,۲۱ مرداد ۱۴۰۵، ۲۱:۴۲,https://divar.ir/v/ga8dbdqc
۱۱۰ متر_ مستقل _ ویلایی _ پارکینگ ۳ ماشین _ ۳ خواب,فروش,طالقانی,۱۱۰,۱۳۹۲,۳,"‏۱۳,۰۰۰,۰۰۰,۰۰۰ تومان","‏۱۱۸,۱۸۱,۰۰۰ تومان",۱,۲۹ مرداد ۱۴۰۵، ۱۰:۴۶,https://divar.ir/v/gaGmqqzq
ملک مستقل دو خوابه ۸۵ متری بر اصلی,فروش,بازکیاگوراب,۸۵,۱۴۰۲,۲,"‏۴,۴۰۰,۰۰۰,۰۰۰ تومان","‏۲۰,۵۶۰,۰۰۰ تومان",,۶ مرداد ۱۴۰۵، ۱۷:۵۰,https://divar.ir/v/gaolbpkr
زمین ۲۱۶ متر نخجیر کلایه شهر لاهیجان,فروش,لیالستان,,,,"‏۵,۸۳۲,۰۰۰,۰۰۰ تومان","‏۲۷,۱۲۵,۰۰۰ تومان",,۱۴ تیر ۱۴۰۵، ۱۶:۳۷,https://divar.ir/v/gaKZl6Nc
فروش آپارتمان مستقل در رسالت,فروش,لیالستان,۶۵,۱۳۹۵,۲,"‏۶,۲۰۰,۰۰۰,۰۰۰ تومان","‏۹۵,۳۸۴,۰۰۰ تومان",۱,۲۹ مرداد ۱۴۰۵، ۰۹:۲۹,https://divar.ir/v/gaG-3GGQ
آپارتمان ۸۵ متری,رهن و اجاره,کوی زمانی,۸۵,۱۳۹۰,۲,,,۱,۲۹ مرداد ۱۴۰۵، ۰۹:۱۴,https://divar.ir/v/gaGSJJCQ
تهاتر زمین۲۲۰۰متری با پرداخت بالایی,فروش,آهندان,,,,"‏۵,۵۰۰,۰۰۰,۰۰۰ تومان","‏۲,۵۰۰,۰۰۰ تومان",,۲۷ مرداد ۱۴۰۵، ۱۲:۰۲,https://divar.ir/v/gaEixGEz
تهاتر زمین ۱۰۰۰متری کوهپایه ای بامجوزساخت,فروش,آهندان,,,,"‏۱۵,۰۰۰,۰۰۰,۰۰۰ تومان","‏۱۵,۰۰۰,۰۰۰ تومان",,۱ مرداد ۱۴۰۵، ۰۷:۴۷,https://divar.ir/v/gahV54Pe
زمین مسکونی کاسبی,فروش,لفمجان,,,,"‏۲,۸۰۰,۰۰۰,۰۰۰ تومان","‏۷,۰۰۰,۰۰۰ تومان",,۲ مرداد ۱۴۰۵، ۱۵:۳۹,https://divar.ir/v/gajVl4xB
فروش زمین در دیزبن خیابان سنگ معدن,فروش,لیالستان,,,,"‏۱۳,۵۰۰,۰۰۰,۰۰۰ تومان","‏۳۱,۶۱۵,۰۰۰ تومان",,۱۵ مرداد ۱۴۰۵، ۱۶:۳۸,https://divar.ir/v/ga0Z4LiP
فروش زمین  تجاری و صنعتی,فروش,بازکیاگوراب,,,بدون اتاق,"‏۱۰۰,۰۰۰,۰۰۰,۰۰۰,۰۰۰ تومان","‏۴۴,۷۶۲,۷۵۷,۰۰۰ تومان",,۲۹ مرداد ۱۴۰۵، ۰۲:۱۶,https://divar.ir/v/gaGKjL6S
فروش زمین مسکونی با ویو در دره جیر لاهیجان_تهاتر,فروش,آهندان,,,,"‏۶۵,۰۰۰,۰۰۰,۰۰۰ تومان","‏۳۰,۹۵۲,۰۰۰ تومان",,۳ تیر ۱۴۰۵، ۲۲:۲۸,https://divar.ir/v/ga8YyjFj
زمین  باغی  ۳۰۰۰ متر با سند تک برگ,فروش,لیل,,,بدون اتاق,"‏۳,۵۰۰,۰۰۰,۰۰۰ تومان","‏۱,۱۶۶,۰۰۰ تومان",,۲۹ مرداد ۱۴۰۵، ۰۱:۲۳,https://divar.ir/v/gaGWi0p_
کتشال بالا انتهای گلستان۱۵,فروش,لیل,,,,"‏۱۳,۸۵۰,۰۰۰,۰۰۰ تومان","‏۷,۰۰۵,۰۰۰ تومان",,۱۰ تیر ۱۴۰۵، ۱۵:۰۹,https://divar.ir/v/gaEtPPOt
اجاره مغازه,رهن و اجاره,گلستان,۲۵,۱۳۸۵,بدون اتاق,,,,۲۹ مرداد ۱۴۰۵، ۰۰:۵۵,https://divar.ir/v/gaG6xmhn
فروش زمین زیر قیمت منطقه فوری,فروش,گلستان,,,,"‏۲,۵۰۰,۰۰۰,۰۰۰ تومان","‏۱۰,۰۰۰,۰۰۰ تومان",,۲۹ مرداد ۱۴۰۵، ۰۰:۳۴,https://divar.ir/v/gaGqBPWc
فروش زمین سوستان,فروش,لیل,,,,"‏۷,۶۰۰,۰۰۰,۰۰۰ تومان","‏۵۰,۰۰۰,۰۰۰ تومان",,۲۹ مرداد ۱۴۰۵، ۰۰:۲۸,https://divar.ir/v/gaGiB--_
اجاره آپارتمان ۸۶ متری مهرگان هشتم,رهن و اجاره,مهرگان,۸۶,۱۳۹۷,۲,,,۴ از ۴,۱۷ مرداد ۱۴۰۵، ۱۳:۱۹,https://divar.ir/v/ga2pfZdv
ویلایی فول بازسازی ۱۳۴متری بلوار حکیم زاده,فروش,پردسر,۸۵,۱۴۰۴,۲,"‏۱۰,۰۰۰,۰۰۰,۰۰۰ تومان","‏۷۴,۶۲۶,۰۰۰ تومان",,۱۰ مرداد ۱۴۰۵، ۲۳:۱۷,https://divar.ir/v/gaupE9gJ
خانه ویلایی روبروی استخر,فروش,گلستان,,,,"‏۸۸,۰۰۰,۰۰۰,۰۰۰ تومان","‏۲۰۰,۰۰۰,۰۰۰ تومان",,۲۸ مرداد ۱۴۰۵، ۲۲:۳۸,https://divar.ir/v/gaF6v_jZ
ویلا استخردار گرم، نزدیک لاهیجان، لوکس، شخصی ساز,فروش,لیالستان,۱۱۶,۱۴۰۴,۲,"‏۱۰,۶۰۰,۰۰۰,۰۰۰ تومان","‏۳۱,۱۷۶,۰۰۰ تومان",,۲۷ تیر ۱۴۰۵، ۱۷:۰۰,https://divar.ir/v/gab93gth
اجاره تخت به لاین ارایشگری,رهن و اجاره,امیرشهید,۱۰۰,۱۴۰۴,۲,,,۳,۲۸ مرداد ۱۴۰۵، ۲۲:۱۳,https://divar.ir/v/gaFiPMHW
مغازه,رهن کامل,خمیر کلایه,۱۵,۱۳۹۱,بدون اتاق,,,,۲۸ مرداد ۱۴۰۵، ۲۱:۵۹,https://divar.ir/v/gaFa_A9t
زمین نخجیرکلایه ۱۵۶ متر,فروش,لیالستان,,,,"‏۱,۵۶۰,۰۰۰,۰۰۰ تومان","‏۱۰,۰۰۰,۰۰۰ تومان",,۲۸ مرداد ۱۴۰۵، ۲۱:۴۷,https://divar.ir/v/gaFKPeA3
فروش واحد و مغازه عرصه وعیان براصلی شهدا,فروش,حاجی آباد,۱۴۴,۱۳۷۱,۲,"‏۳۶,۰۰۰,۰۰۰,۰۰۰ تومان","‏۲۵۰,۰۰۰,۰۰۰ تومان",,۲۸ مرداد ۱۴۰۵، ۲۱:۳۱,https://divar.ir/v/gaF2u9V2
آپارتمان مستقل,فروش,لیالستان,۷۳,۱۴۰۵,۲,"‏۶,۲۰۵,۰۰۰,۰۰۰ تومان","‏۸۵,۰۰۰,۰۰۰ تومان",همکف,۲۸ مرداد ۱۴۰۵، ۲۱:۳۱,https://divar.ir/v/gaF-uVgt
230متر زمین 30متر بر چشم انداز شیطان کوه,فروش,لیالستان,۱۳۰,قبل از ۱۳۷۰,۲,"‏۱۷,۰۰۰,۰۰۰,۰۰۰ تومان","‏۷۳,۹۱۳,۰۰۰ تومان",,۲۸ مرداد ۱۴۰۵، ۱۲:۱۶,https://divar.ir/v/gaFymlA1
500 متر زمین_ سند تک برگ_ ۳۰ متر بر آسفالت_ دو بر,فروش,انقلاب,,,,"‏۵,۵۰۰,۰۰۰,۰۰۰ تومان","‏۱۱,۰۰۰,۰۰۰ تومان",,۲۸ مرداد ۱۴۰۵، ۲۰:۳۳,https://divar.ir/v/gaFGumil
زمین ۴۵۰ متری مسکونی کاسبی کته شال,فروش,لیل,,,,"‏۹,۰۰۰,۰۰۰,۰۰۰ تومان","‏۲۰,۰۰۰,۰۰۰ تومان",,۲۸ مرداد ۱۴۰۵، ۲۰:۳۲,https://divar.ir/v/gaFGOaCD
آپارتمان کلید نخورده ۶۵ متری,فروش,لیالستان,۶۵,۱۴۰۵,۲,"‏۶,۱۱۰,۰۰۰,۰۰۰ تومان","‏۹۴,۰۰۰,۰۰۰ تومان",۱ از ۲,۲۸ مرداد ۱۴۰۵، ۲۰:۲۹,https://divar.ir/v/gaFSszOP
۱۵۶ متر مربع زمین مسکونی شهری سند دار,فروش,لیالستان,,,,"‏۳,۱۲۰,۰۰۰,۰۰۰ تومان","‏۲۰,۰۰۰,۰۰۰ تومان",,۱۰ مرداد ۱۴۰۵، ۱۳:۰۷,https://divar.ir/v/gattLLu0
زمین کاسبی مسکونی در چفل ۲۰۰ متری,فروش,بازکیاگوراب,,,,"‏۱,۴۰۰,۰۰۰,۰۰۰ تومان","‏۷,۰۰۰,۰۰۰ تومان",,۲۸ مرداد ۱۴۰۵، ۲۰:۰۷,https://divar.ir/v/gaFu9jjS
فروش واحد ۱۱۳ متری _نیما زوج_نزدیک استخر,فروش,رجایی,۱۱۳,۱۴۰۵,۲,"‏۲۲,۶۰۰,۰۰۰,۰۰۰ تومان","‏۲۰۰,۰۰۰,۰۰۰ تومان",۱ از ۵,۲۸ مرداد ۱۴۰۵، ۲۰:۰۰,https://divar.ir/v/gaFqdECK
تهاتر 5واحد اداری و تجاری در لوکیشن عالی لاهیجان,فروش,کاروانسرابر,۴۰۷,۱۴۰۴,۱,"‏۵۵,۰۰۰,۰۰۰,۰۰۰ تومان","‏۱۳۵,۱۳۵,۰۰۰ تومان",۵,۱۴ تیر ۱۴۰۵، ۲۱:۴۱,https://divar.ir/v/gaK5ZLSf
زمین شهری دارای سند پروانه_معاوضه با زمین روستایی,فروش,حاجی آباد,,,,"‏۱۴,۰۰۰,۰۰۰,۰۰۰ تومان","‏۸۰,۰۰۰,۰۰۰ تومان",,۲۴ مرداد ۱۴۰۵، ۱۵:۲۸,https://divar.ir/v/gaASVSxz
رهن کامل آپارتمان طبقه 5 _ دو خواب _دو تراس با ویو,رهن و اجاره,گلستان,۱۲۷,۱۴۰۵,۲,,,۵ از ۵,۲۸ مرداد ۱۴۰۵، ۰۸:۵۸,https://divar.ir/v/gaF6D21h
ویلای سوپر لوکس نوساز با ویو دائمی,فروش,آهندان,۳۴۴,۱۴۰۴,۳,"‏۲۴,۵۰۰,۰۰۰,۰۰۰ تومان","‏۷۰,۰۰۰,۰۰۰ تومان",,۱۳ تیر ۱۴۰۵، ۱۶:۵۴,https://divar.ir/v/gaJdgJ_E
واحد ۱۳۰متری ۱۰قدمی استخر بسیار خوش نقشه,فروش,گلستان,۱۳۰,۱۳۹۸,۲,"‏۲۱,۵۰۰,۰۰۰,۰۰۰ تومان","‏۱۶۵,۳۸۴,۰۰۰ تومان",۲ از ۵,۲۸ مرداد ۱۴۰۵، ۱۸:۳۶,https://divar.ir/v/gaFacNj9
زمین دوبَر ۳۳۰متری خوش نقشه داخل طرح درلاهیجان,فروش,آهندان,,,,"‏۲,۱۰۰,۰۰۰,۰۰۰ تومان","‏۶,۳۶۳,۰۰۰ تومان",,۲۸ مرداد ۱۴۰۵، ۱۸:۱۹,https://divar.ir/v/gaFK8Rf-
زمین مسکونی در قصاب محله لاهیجان (لیالستان),فروش,لیالستان,,,,"‏۲,۶۰۰,۰۰۰,۰۰۰ تومان","‏۲۱,۳۱۱,۰۰۰ تومان",,۱۳ تیر ۱۴۰۵، ۱۱:۰۸,https://divar.ir/v/gaIhrAqS
زمین تجاری ـ مسکونی در لاهیجان,فروش,بازکیاگوراب,,,,"‏۱۸,۶۰۰,۰۰۰,۰۰۰ تومان","‏۳۳,۲۱۴,۰۰۰ تومان",,۳ اردیبهشت ۱۴۰۵، ۲۳:۳۱,https://divar.ir/v/Qaqrne9w
۲۰۰متر زمین و ۷۰ متر بنای نیمه کاره در توستان,فروش,بازکیاگوراب,۷۰,۱۴۰۴,۲,"‏۳,۳۹۰,۰۰۰,۰۰۰ تومان","‏۱۶,۹۵۰,۰۰۰ تومان",,۲۱ مرداد ۱۴۰۵، ۲۱:۲۶,https://divar.ir/v/ga8N7gnp
فروش زمین با قیمت مناسب و به صورت نقدی,فروش,بازکیاگوراب,,,,"‏۳,۴۰۰,۰۰۰,۰۰۰ تومان","‏۹,۹۱۲,۰۰۰ تومان",,۱ مرداد ۱۴۰۵، ۱۳:۱۷,https://divar.ir/v/gahJ-49C
فروش آپارتمان ۸۵ متری موقعیت عالی لاهیجان,فروش,رجایی,۸۵,۱۳۹۰,۲,"‏۱۲,۵۰۰,۰۰۰,۰۰۰ تومان","‏۱۴۷,۰۵۸,۰۰۰ تومان",۲ از ۳,۲۱ مرداد ۱۴۰۵، ۱۱:۰۹,https://divar.ir/v/ga8Jyxis
عرصه و عیان شیشه گران,فروش,شیشه گران,۱۰۴,۱۳۹۶,۴,"‏۳۳,۰۰۰,۰۰۰,۰۰۰ تومان","‏۱۴۲,۸۵۷,۰۰۰ تومان",,۲۵ مرداد ۱۴۰۵، ۱۳:۱۱,https://divar.ir/v/gaByHLB3
160 متر زمین مسکونی تک برگ سند با موقعیت بسیار خوب,فروش,حاجی آباد,,,,"‏۴,۸۰۰,۰۰۰,۰۰۰ تومان","‏۳۰,۰۰۰,۰۰۰ تومان",,۱۲ مرداد ۱۴۰۵، ۱۵:۵۴,https://divar.ir/v/gawhYN-1
فروش ویلا در شهر لاهیجان,فروش,لیالستان,۱۰۰,۱۴۰۴,۲,"‏۱۲,۰۰۰,۰۰۰,۰۰۰ تومان","‏۴۶,۱۵۳,۰۰۰ تومان",,۲۸ مرداد ۱۴۰۵، ۱۷:۰۲,https://divar.ir/v/gaF-K2fl
فروش زمین مسکونی,فروش,بوجایه,,,,"‏۱,۴۰۰,۰۰۰,۰۰۰ تومان","‏۱۴,۰۰۰,۰۰۰ تومان",,۲۸ مرداد ۱۴۰۵، ۱۶:۳۱,https://divar.ir/v/gaFiqPtS
فروش مغازه تماشا همکف,فروش,قیام,۲۸,۱۳۹۲,بدون اتاق,"‏۳۳,۶۰۰,۰۰۰,۰۰۰ تومان","‏۱,۲۰۰,۰۰۰,۰۰۰ تومان",,۲۸ مرداد ۱۴۰۵، ۱۶:۰۳,https://divar.ir/v/gaFKKWX9
زمین ۹۰۰ متری,فروش,بازکیاگوراب,,,,"‏۸,۷۰۰,۰۰۰,۰۰۰ تومان","‏۹,۶۶۶,۰۰۰ تومان",,۲۸ مرداد ۱۴۰۵، ۱۵:۱۸,https://divar.ir/v/gaFiJDdz
فروش فوری ۱۳۲ متری_نوساز_ میدان حشمت_بهترین متریال,فروش,شقایق,۱۳۲,۱۴۰۴,۳,"‏۲۴,۰۰۰,۰۰۰,۰۰۰ تومان","‏۱۸۱,۸۱۸,۰۰۰ تومان",۳ از ۵,۲۸ مرداد ۱۴۰۵، ۱۵:۱۲,https://divar.ir/v/gaFaZVFh
ویلاسوئیسی,فروش,شهرک سلمان فارسی,۱۵۸,۱۴۰۵,۲,"‏۱۱,۰۰۰,۰۰۰,۰۰۰ تومان","‏۳۶,۰۶۵,۰۰۰ تومان",,۲۸ مرداد ۱۴۰۵، ۱۵:۱۱,https://divar.ir/v/gaFaJFSI
اجاره مغازه در بر اصلی کمربندی لاهیجان پاخور عالی,رهن و اجاره,گلستان,۶۰,۱۴۰۵,بدون اتاق,,,,۲۸ مرداد ۱۴۰۵، ۱۵:۰۲,https://divar.ir/v/gaFOZnKR
زمین ۲۰۰ متری مسکونی_کوی فرهنگیان,فروش,شهرک فرهنگیان,,,,"‏۱۱,۸۰۰,۰۰۰,۰۰۰ تومان","‏۵۹,۰۰۰,۰۰۰ تومان",,۱۹ اردیبهشت ۱۴۰۵، ۱۶:۳۷,https://divar.ir/v/Qa_HzSLd
زمین فروشی,فروش,لاشیدان,,,,"‏۶,۵۰۰,۰۰۰,۰۰۰ تومان","‏۱,۰۰۰,۰۰۰ تومان",,۲۸ مرداد ۱۴۰۵، ۱۴:۲۳,https://divar.ir/v/gaFuoDii
۱۰۱متر مسکونی پنج دقیقه میدان چای (ابریشم) لاهیجان,فروش,بازکیاگوراب,,,,"‏۱,۵۵۰,۰۰۰,۰۰۰ تومان","‏۱۵,۳۴۶,۰۰۰ تومان",,۲۸ مرداد ۱۴۰۵، ۱۴:۱۳,https://divar.ir/v/gaFeYkV4
اجاره سالن آرایش,رهن و اجاره,قیام,۹۰,قبل از ۱۳۷۰,۳,,,۱,۲۸ مرداد ۱۴۰۵، ۱۴:۱۲,https://divar.ir/v/gaFiIghD
زمین مسکونی شهری_176 متر_ جمهوری - لاهیجان,فروش,جمهوری,,,,"‏۷,۰۰۰,۰۰۰,۰۰۰ تومان","‏۳۹,۷۷۲,۰۰۰ تومان",,۱۰ تیر ۱۴۰۵، ۱۰:۴۰,https://divar.ir/v/gaE1LWbe
واحد ۶۸ متری زیر قیمت منطقه,فروش,شقایق,۶۸,۱۳۹۰,۲,"‏۷,۴۵۰,۰۰۰,۰۰۰ تومان","‏۱۰۹,۵۵۸,۰۰۰ تومان",۱ از ۳,۲۸ مرداد ۱۴۰۵، ۱۳:۳۲,https://divar.ir/v/gaF-XCnJ
اجاره آپارتمان تک واحدی در مهرگان,رهن و اجاره,مهرگان,۸۰,۱۳۹۵,۲,,,۱ از ۲,۲۸ مرداد ۱۴۰۵، ۱۳:۲۴,https://divar.ir/v/gaESpApT
رهن و اجاره کافه رستوران,رهن و اجاره,لیالستان,۴۰۰,۱۳۹۳,۴,,,,۲۸ مرداد ۱۴۰۵، ۱۳:۲۳,https://divar.ir/v/gaFy3zN4
اپارتمان,فروش,کوی زمانی,۴۹,۱۳۹۰,۱,"‏۴,۰۰۰,۰۰۰,۰۰۰ تومان","‏۸۱,۶۳۲,۰۰۰ تومان",۱,۲۸ مرداد ۱۴۰۵، ۱۳:۲۲,https://divar.ir/v/gaFy3yXq
170 متری تاپ لوکیشن,فروش,قیام,۱۷۰,۱۴۰۴,۳,"‏۳۰,۰۰۰,۰۰۰,۰۰۰ تومان","‏۱۷۶,۴۷۰,۰۰۰ تومان",۴ از ۴,۲۸ مرداد ۱۴۰۵، ۱۳:۱۵,https://divar.ir/v/gaFunQh_
۸۵۰۰ متر باغی دره جیر,فروش,آهندان,,,,"‏۴۰,۰۰۰,۰۰۰,۰۰۰ تومان","‏۴,۷۰۵,۰۰۰ تومان",,۹ خرداد ۱۴۰۵، ۱۴:۱۶,https://divar.ir/v/gaa8r3t4
ویلایی1350متر_300متر بنا_سنددار_سراوان,فروش,شیشه گران,۳۰۰,۱۴۰۰,۴,"‏۱۷,۸۰۰,۰۰۰,۰۰۰ تومان","‏۱۳,۱۸۵,۰۰۰ تومان",,۲۹ تیر ۱۴۰۵، ۱۴:۰۷,https://divar.ir/v/gadlf8oO
فروش یک قواره زمین با کاربری مسکونی روستایی,فروش,لفمجان,,,,"‏۲,۱۵۰,۰۰۰,۰۰۰ تومان","‏۵,۸۹۰,۰۰۰ تومان",,۲۸ مرداد ۱۴۰۵، ۱۳:۰۴,https://divar.ir/v/gaFWHU75
ملک تجاری مسکونی سنددار با مالکیت ۹ باب مغازه,فروش,بازکیاگوراب,,,,"‏۲۰,۰۰۰,۰۰۰,۰۰۰ تومان","‏۶۸,۷۲۸,۰۰۰ تومان",,۲۸ مرداد ۱۴۰۵، ۱۲:۵۵,https://divar.ir/v/gaFaHlgB
ویلایی ۲۵ ساله سنددار میدان (چای),فروش,بازکیاگوراب,۸۰,قبل از ۱۳۷۰,۱,"‏۱۱,۰۰۰,۰۰۰,۰۰۰ تومان","‏۳۶,۶۶۶,۰۰۰ تومان",,۹ خرداد ۱۴۰۵، ۱۴:۰۲,https://divar.ir/v/gaaobbmb
فروش آپارتمان در بهترین نقطه لاهیجان دور استخر,فروش,گلستان,۹۱,۱۳۹۷,۲,"‏۱۳,۰۰۰,۰۰۰,۰۰۰ تومان","‏۱۴۲,۸۵۷,۰۰۰ تومان",۱ از ۵,۲۸ مرداد ۱۴۰۵، ۱۲:۲۲,https://divar.ir/v/gaF62zb0
زمین پیشنهاد مسکونی ۱۹۱متری,فروش,بازکیاگوراب,,,,"‏۱,۳۵۰,۰۰۰,۰۰۰ تومان","‏۷,۰۶۸,۰۰۰ تومان",,۲۰ اردیبهشت ۱۴۰۵، ۱۱:۲۹,https://divar.ir/v/gaAgjzA7
۴۰۰۰متر زمین بهشتی..,فروش,آهندان,,,,"‏۱۵,۰۰۰,۰۰۰,۰۰۰ تومان","‏۳,۷۵۰,۰۰۰ تومان",,۱۷ مرداد ۱۴۰۵، ۱۱:۵۱,https://divar.ir/v/ga2ZOrC7
۱۹۰ متر ویلایی شیک با سند تک برگ _ لیالستان,فروش,لیالستان,۶۰,۱۴۰۴,۱,"‏۷,۲۰۰,۰۰۰,۰۰۰ تومان","‏۳۷,۸۹۴,۰۰۰ تومان",,۲ مرداد ۱۴۰۵، ۱۲:۴۹,https://divar.ir/v/gaj5iDM8
زمین ۱۵۰ متری,فروش,آهندان,,,,"‏۱,۶۵۰,۰۰۰,۰۰۰ تومان","‏۱۱,۰۰۰,۰۰۰ تومان",,۲۸ مرداد ۱۴۰۵، ۱۲:۱۳,https://divar.ir/v/gaFyGocE
فروش سوئیت نقلی و دنج در بهترین موقعیت لاهیجان,فروش,کوی آزادگان,۶۵,۱۳۹۰,۲,"‏۶,۵۰۰,۰۰۰,۰۰۰ تومان","‏۱۰۰,۰۰۰,۰۰۰ تومان",همکف,۲۸ مرداد ۱۴۰۵، ۱۲:۱۱,https://divar.ir/v/gaFyGKMb
آپارتمان ۷۶ متر مستقل راه جدا,فروش,شهرک جانبازان,۷۶,۱۳۹۰,۲,"‏۸,۹۰۰,۰۰۰,۰۰۰ تومان","‏۱۱۷,۱۰۵,۰۰۰ تومان",۱,۲۸ مرداد ۱۴۰۵، ۱۲:۱۰,https://divar.ir/v/gaFu2uNL
خونه ویلایی دو نبش خوش قیمت _ سوستان,فروش,لیل,۹۰,۱۳۸۵,۲,"‏۱۱,۵۰۰,۰۰۰,۰۰۰ تومان","‏۳۸,۹۸۳,۰۰۰ تومان",,۳ مرداد ۱۴۰۵، ۱۹:۰۴,https://divar.ir/v/gakddbry
فروش مغازه 32 متری (مالکیت و سرقفلی) بر اصلی تربیت,فروش,مهرگان,۳۰,۱۳۹۵,بدون اتاق,"‏۱۰,۰۰۰,۰۰۰,۰۰۰ تومان","‏۳۳۳,۳۳۳,۰۰۰ تومان",,۲۸ مرداد ۱۴۰۵، ۱۱:۵۹,https://divar.ir/v/gaFm2HVj
اجاره واحد تجاری شیک در قلب شهر,رهن کامل,شیشه گران,۹۰,۱۳۹۸,۲,,,۱,۲۸ مرداد ۱۴۰۵، ۱۱:۵۳,https://divar.ir/v/gaFeW4YF
زمین باغی,فروش,لفمجان,,,,"‏۱,۶۰۰,۰۰۰,۰۰۰ تومان","‏۴,۰۰۰,۰۰۰ تومان",,۲۸ مرداد ۱۴۰۵، ۱۱:۳۰,https://divar.ir/v/gaFGWuHD
پیش فروش تک واحد ۱۱۰ متر شیک,فروش,حزین,,,,,,,۲۸ مرداد ۱۴۰۵، ۱۱:۲۷,https://divar.ir/v/gaFGmq2Q
۹۰ متر _ گلستان فرد _ حیوان خانگی مجاز,رهن کامل,گلستان,۹۰,۱۳۹۷,۲,,,۱ از ۴,۲۸ مرداد ۱۴۰۵، ۱۱:۲۵,https://divar.ir/v/gaFG2J6W
اجاره آپارتمان ۱۰۰ متری در خیابان خزر,رهن و اجاره,کوی خزر,۱۰۰,۱۳۹۸,۲,,,۱ از ۴,۲۸ مرداد ۱۴۰۵، ۱۱:۲۵,https://divar.ir/v/gaFCG_gu
اجاره واحد ۱۱۰متری شیشگران فول امکانات,رهن و اجاره,شیشه گران,۱۱۰,۱۳۹۷,۲,,,۳,۲۸ مرداد ۱۴۰۵، ۱۱:۱۸,https://divar.ir/v/gaF-1uo4
فروش فوری زمین مسکونی با ملک قدیمی در لاهیجان,فروش,یوسف آباد,,,,"‏۷,۳۲۰,۰۰۰,۰۰۰ تومان","‏۴۰,۰۰۰,۰۰۰ تومان",,۲۸ مرداد ۱۴۰۵، ۱۱:۰۸,https://divar.ir/v/gaF21Xys
زمین باغی,فروش,کوی خزر,,,,"‏۲,۰۰۰,۰۰۰,۰۰۰ تومان","‏۳,۶۹۶,۰۰۰ تومان",,۲۸ مرداد ۱۴۰۵، ۱۱:۰۳,https://divar.ir/v/gaFy1W3H
فروش مغازه ۵۸متری با مالکیت,فروش,کاروانسرابر,۵۸,۱۳۷۹,بدون اتاق,"‏۷,۰۰۰,۰۰۰,۰۰۰ تومان","‏۱۲۰,۶۸۹,۰۰۰ تومان",,۲۸ مرداد ۱۴۰۵، ۱۱:۰۳,https://divar.ir/v/gaFylAM5
زمین ۲۶۰ متری کتشال پایین,فروش,لیل,,,,"‏۹,۱۰۰,۰۰۰,۰۰۰ تومان","‏۳۵,۰۰۰,۰۰۰ تومان",,۲۱ مرداد ۱۴۰۵، ۱۱:۴۲,https://divar.ir/v/ga8pSyiI
زمین ۲۶۶متری کتشال با پروانه دوبلکس,فروش,لیل,,,,"‏۱۰,۷۰۰,۰۰۰,۰۰۰ تومان","‏۴۰,۲۲۵,۰۰۰ تومان",,۲۱ مرداد ۱۴۰۵، ۱۲:۳۱,https://divar.ir/v/ga8ZTSqg
زمین مسکونی 210متری کوهستانی مرادهنده,فروش,لیل,,,,"‏۴,۰۰۰,۰۰۰,۰۰۰ تومان","‏۱۹,۰۴۷,۰۰۰ تومان",,۱۸ مرداد ۱۴۰۵، ۰۹:۳۰,https://divar.ir/v/ga4dxLYO
زمین روستایی,فروش,لیل,,,,"‏۱۳,۵۰۰,۰۰۰,۰۰۰ تومان","‏۱۷,۸۸۰,۰۰۰ تومان",,۲۰ مرداد ۱۴۰۵، ۱۴:۵۹,https://divar.ir/v/ga7dwVOg
فروش زمین مسکونی,فروش,آهندان,,,,"‏۴,۰۰۰,۰۰۰,۰۰۰ تومان","‏۲۱,۱۶۴,۰۰۰ تومان",,۲۹ تیر ۱۴۰۵، ۰۹:۴۲,https://divar.ir/v/gadxLMX_
ویلای سنتی,فروش,لیالستان,۱۰۰,قبل از ۱۳۷۰,۳,"‏۹,۸۰۰,۰۰۰,۰۰۰ تومان","‏۲۲,۷۹۰,۰۰۰ تومان",,۸ مرداد ۱۴۰۵، ۱۴:۰۷,https://divar.ir/v/garlCLvt
زمین مسکونی بازکیاگوراب,فروش,بازکیاگوراب,,,,"‏۴,۶۰۰,۰۰۰,۰۰۰ تومان","‏۱۷,۰۳۷,۰۰۰ تومان",,۲۸ مرداد ۱۴۰۵، ۱۰:۳۶,https://divar.ir/v/gaFSFsDr
زمین 254 متری بر اصلی گلستان دوبر کمیاب روبه استخر,فروش,گلستان,,,,"‏۴۶,۰۰۰,۰۰۰,۰۰۰ تومان","‏۱۸۱,۱۰۲,۰۰۰ تومان",,۶ مرداد ۱۴۰۵، ۱۸:۴۱,https://divar.ir/v/gaoZcGIm
فروش واحد صفر و زیرقیمت در لاهیجان,فروش,شهرک جانبازان,۱۱۵,۱۴۰۵,۲,"‏۱۲,۶۵۰,۰۰۰,۰۰۰ تومان","‏۱۱۰,۰۰۰,۰۰۰ تومان",۳ از ۶,۲۸ مرداد ۱۴۰۵، ۱۰:۳۳,https://divar.ir/v/gaFWlM_c
فرصت طلایی خرید زمین مسکونی نزدیک شهر,فروش,لیل,,,,"‏۸,۶۰۰,۰۰۰,۰۰۰ تومان","‏۲۴,۵۷۱,۰۰۰ تومان",,۲۸ مرداد ۱۴۰۵، ۰۸:۳۷,https://divar.ir/v/gaFmjumr
زمین ۲۹۵ متری لیالستان قصاب محله,فروش,لیالستان,,,,"‏۵,۰۰۰,۰۰۰,۰۰۰ تومان","‏۱۶,۹۴۹,۰۰۰ تومان",,۲۸ مرداد ۱۴۰۵، ۱۰:۲۴,https://divar.ir/v/gaFK1Pav
اپارتمان ۶۸متری گلستان۳۹لاهیجان,فروش,گلستان,۶۸,۱۴۰۰,۲,"‏۸,۰۰۰,۰۰۰,۰۰۰ تومان","‏۱۱۷,۶۴۷,۰۰۰ تومان",۲ از ۳,۱۵ مرداد ۱۴۰۵، ۱۲:۱۴,https://divar.ir/v/ga0hEjxJ
فروش مسکونی طبقه دوم 92متری,فروش,فیاض,۹۲,۱۳۹۷,۲,"‏۹,۲۰۰,۰۰۰,۰۰۰ تومان","‏۱۰۰,۰۰۰,۰۰۰ تومان",۲ از ۲,۲۸ مرداد ۱۴۰۵، ۰۹:۳۳,https://divar.ir/v/gaFekNUY
زمین فروشی تمام مسکونی در تجن گوکه آستانه اشرفیه,فروش,گلستان,,,,"‏۳,۵۰۰,۰۰۰,۰۰۰ تومان","‏۱۱,۲۹۰,۰۰۰ تومان",,۲۸ مرداد ۱۴۰۵، ۰۹:۱۵,https://divar.ir/v/gaFKkU7Y
واحد تجاری ، کوچه لولیتا ، ۵۳ متر,رهن و اجاره,کاروانسرابر,۵۲,۱۴۰۰,۲,,,۲,۲۸ مرداد ۱۴۰۵، ۰۹:۱۳,https://divar.ir/v/gaFK0dH4
تجاری و محوطه,رهن و اجاره,طالقانی,۵۵۰,۱۴۰۰,بدون اتاق,,,,۲۸ مرداد ۱۴۰۵، ۰۹:۰۳,https://divar.ir/v/gaFC0Lnw
فروش ملک تجاری مناسب سرمایه گذاری_پاساژ پارادایس,فروش,خمیر کلایه,۱۴,۱۳۹۰,بدون اتاق,"‏۱,۷۵۰,۰۰۰,۰۰۰ تومان","‏۱۲۵,۰۰۰,۰۰۰ تومان",,۱۵ مرداد ۱۴۰۵، ۰۱:۵۰,https://divar.ir/v/gazdLNra
اجاره خانه-لاهیجان-65 متری,رهن و اجاره,کوه بیجار,۶۵,۱۳۹۲,۱,,,,۲۸ مرداد ۱۴۰۵، ۰۷:۰۶,https://divar.ir/v/gaFSCwAC
فروش فوری زمین مسکونی سوستان بالا محله,فروش,لیل,,,,"‏۱۳,۳۰۰,۰۰۰,۰۰۰ تومان","‏۳۴,۹۰۸,۰۰۰ تومان",,۲۸ مرداد ۱۴۰۵، ۰۰:۵۸,https://divar.ir/v/gaE6cbOj
خونه ویلایی در خیابان کارگر,فروش,رجایی,,,,"‏۲۵,۰۰۰,۰۰۰,۰۰۰ تومان","‏۲۵۰,۰۰۰,۰۰۰ تومان",,۲۸ مرداد ۱۴۰۵، ۰۰:۲۴,https://divar.ir/v/gaEaMfpr
20 هزارمتر زمین بغل تله کابین,فروش,لیل,,,,"‏۱۳۰,۰۰۰,۰۰۰,۰۰۰ تومان","‏۶,۵۰۰,۰۰۰ تومان",,۲۷ مرداد ۱۴۰۵، ۲۳:۰۱,https://divar.ir/v/gaEKr7sy
زمین سند دار,فروش,لفمجان,,,,"‏۲,۸۰۰,۰۰۰,۰۰۰ تومان","‏۱۰,۷۶۹,۰۰۰ تومان",,۲۷ مرداد ۱۴۰۵، ۲۲:۳۹,https://divar.ir/v/gaE2q35k
فروش ویلا لاهیجان(میدان چای لاهیجان),فروش,بازکیاگوراب,۷۰,۱۳۹۹,۱,"‏۶,۵۰۰,۰۰۰,۰۰۰ تومان","‏۱۷,۵۶۷,۰۰۰ تومان",,۲۷ مرداد ۱۴۰۵، ۲۲:۳۸,https://divar.ir/v/gaE2qnD2
فروش مغازه سند تک برگ با تمام امتیازات فوری,فروش,لیالستان,۱۲۶,۱۳۹۰,۲,"‏۲۱,۰۰۰,۰۰۰,۰۰۰ تومان","‏۱۶۶,۶۶۶,۰۰۰ تومان",,۲۷ مرداد ۱۴۰۵، ۲۲:۳۰,https://divar.ir/v/gaEuq12R
زمین مسکونی ۲۰۳متری,فروش,لیالستان,,,,"‏۳,۵۰۰,۰۰۰,۰۰۰ تومان","‏۱۷,۲۴۱,۰۰۰ تومان",,۱۲ مرداد ۱۴۰۵، ۱۶:۴۶,https://divar.ir/v/gawFp-YD
۷۲ متر تجاری اداری پاساژ مهرگان ورودی ۱ طبقه ۲,فروش,خمیر کلایه,۷۲,۱۳۹۰,۲,"‏۴,۰۰۰,۰۰۰,۰۰۰ تومان","‏۵۵,۵۵۵,۰۰۰ تومان",۲,۲۷ مرداد ۱۴۰۵، ۲۲:۲۰,https://divar.ir/v/gaEm6VEK
زمین روستایی ۳۰۰ متری لاهیجان - دهستان آهندان,فروش,آهندان,,,,"‏۲,۳۷۰,۰۰۰,۰۰۰ تومان","‏۷,۹۰۰,۰۰۰ تومان",,۹ تیر ۱۴۰۵، ۲۰:۳۱,https://divar.ir/v/gaDZvF-K
فرصت طلایی,فروش,خالو باغ,۱۲۵,۱۴۰۴,۲,"‏۶,۱۰۰,۰۰۰,۰۰۰ تومان","‏۴۸,۸۰۰,۰۰۰ تومان",۱,۲ اردیبهشت ۱۴۰۵، ۰۲:۳۴,https://divar.ir/v/QaoLALk-
۳۲۰۰متر زمین با کاربری مسکونی,فروش,بازکیاگوراب,,,,"‏۱۳,۰۰۰,۰۰۰,۰۰۰ تومان","‏۴,۰۶۲,۰۰۰ تومان",,۲۷ مرداد ۱۴۰۵، ۲۲:۰۱,https://divar.ir/v/gaESq20v
64 متری کاشف غربی 10,فروش,پردسر,۶۴,۱۳۹۳,۲,"‏۶,۳۰۰,۰۰۰,۰۰۰ تومان","‏۹۸,۴۳۷,۰۰۰ تومان",۱ از ۲,۱۸ مرداد ۱۴۰۵، ۲۲:۰۴,https://divar.ir/v/ga4ds46_
زمین مسکونی,فروش,لیل,,,,"‏۸,۱۰۰,۰۰۰,۰۰۰ تومان","‏۳۰,۰۰۰,۰۰۰ تومان",,۲۴ مرداد ۱۴۰۵، ۱۸:۵۳,https://divar.ir/v/gaASYPTZ
زمین کاربری مسکونی,فروش,لفمجان,,,,"‏۱,۶۷۲,۰۰۰,۰۰۰ تومان","‏۷,۶۰۰,۰۰۰ تومان",,۲۷ مرداد ۱۴۰۵، ۲۱:۲۴,https://divar.ir/v/gaEuZ1C_
فروش زمین مسکونی,فروش,بازکیاگوراب,,,,"‏۲,۰۰۰,۰۰۰,۰۰۰ تومان","‏۹,۷۵۶,۰۰۰ تومان",,۲۷ مرداد ۱۴۰۵، ۲۱:۱۸,https://divar.ir/v/gaEq5A51
رهن واحد ۱۲۵م بر اصلی بلوار امام رضا(ع),رهن و اجاره,کوی خزر,۱۲۵,۱۳۹۰,۳,,,۴ از ۶,۲۷ مرداد ۱۴۰۵، ۲۱:۱۸,https://divar.ir/v/gaEqpkzd
واحد 190 متری، بی انتها و تمام نشدنی,فروش,گلستان,۱۹۰,۱۴۰۵,۳,"‏۲۴,۰۰۰,۰۰۰,۰۰۰ تومان","‏۱۲۶,۳۱۵,۰۰۰ تومان",۲,۲۵ مرداد ۱۴۰۵، ۱۵:۰۶,https://divar.ir/v/gaB-534C
خانه کلنگی,فروش,لیل,,,,"‏۳,۶۰۰,۰۰۰,۰۰۰ تومان","‏۱۸,۰۰۰,۰۰۰ تومان",,۲۷ مرداد ۱۴۰۵، ۲۱:۱۰,https://divar.ir/v/gaEmpHed
فروش ۳۵۰ متر زمین در کوشال لاهیجان,فروش,لیالستان,,,,"‏۵,۷۷۵,۰۰۰,۰۰۰ تومان","‏۱۶,۵۰۰,۰۰۰ تومان",,۲۷ مرداد ۱۴۰۵، ۲۱:۱۰,https://divar.ir/v/gaEmJFNS
فروش زمین تجاری مسکونی,فروش,بازکیاگوراب,,,,"‏۱۵,۰۰۰,۰۰۰,۰۰۰ تومان","‏۱۱,۷۲۷,۰۰۰ تومان",,۳۰ تیر ۱۴۰۵، ۱۱:۴۷,https://divar.ir/v/gaftCFoo
1100متر زمین مسکونی,فروش,بازکیاگوراب,,,,"‏۵,۵۰۰,۰۰۰,۰۰۰ تومان","‏۵,۰۰۰,۰۰۰ تومان",,۲۷ مرداد ۱۴۰۵، ۲۰:۴۰,https://divar.ir/v/gaEKJG79
واحد نوساز کلید نخورده 90 متری,فروش,شهید آوینی,۹۰,۱۴۰۳,۲,"‏۹,۹۹۹,۰۰۰,۰۰۰ تومان","‏۱۱۱,۱۰۰,۰۰۰ تومان",۱ از ۴,۱۱ تیر ۱۴۰۵، ۱۲:۱۲,https://divar.ir/v/gaGRCERa
فروش زمین باغی فوری لوکشین کامل,فروش,لیل,,,,"‏۴,۳۷۵,۰۰۰,۰۰۰ تومان","‏۵,۰۰۰,۰۰۰ تومان",,۲۷ مرداد ۱۴۰۵، ۲۰:۱۶,https://divar.ir/v/gaEyoDZZ
رجایی ۹۵ متری,رهن و اجاره,رجایی,۹۵,۱۳۹۷,۲,,,۳,۲۷ مرداد ۱۴۰۵، ۱۹:۳۹,https://divar.ir/v/gaEOIqx8
فروش زمین ۱۰۰۰متری سعدی لاهیجان,فروش,کوه بیجار,,,,"‏۲۰,۰۰۰,۰۰۰,۰۰۰ تومان","‏۲۰,۰۰۰,۰۰۰ تومان",,۲۲ مرداد ۱۴۰۵، ۱۸:۱۵,https://divar.ir/v/ga9d9kCX
اجاره ۹۰متر مغازه کمربندی,رهن و اجاره,لیل,۹۰,۱۳۹۹,بدون اتاق,,,,۲۷ مرداد ۱۴۰۵، ۱۹:۲۸,https://divar.ir/v/gaE-2UU2
فروش ویلای دوطبقه شیک دربهترین لوکیشن شرق گیلان,فروش,شیشه گران,۳۵۰,۱۴۰۰,۲,"‏۱۷,۵۰۰,۰۰۰,۰۰۰ تومان","‏۴۰,۲۲۹,۰۰۰ تومان",,۲۷ مرداد ۱۴۰۵، ۱۹:۲۴,https://divar.ir/v/gaECIAZI
ویلا باغ ۱۱۰۰متر  ساحلی,فروش,گلستان,۲۲۰,۱۳۹۷,۲,"‏۱۶,۰۰۰,۰۰۰,۰۰۰ تومان","‏۱۴,۵۴۵,۰۰۰ تومان",,۲۷ مرداد ۱۴۰۵، ۱۹:۲۲,https://divar.ir/v/gaE-Hmxn
۱۲۰ متر کلید نخورده گلستان,فروش,گلستان,۱۲۰,۱۴۰۵,۲,"‏۱۶,۸۰۰,۰۰۰,۰۰۰ تومان","‏۱۴۰,۰۰۰,۰۰۰ تومان",۲ از ۵,۱۷ مرداد ۱۴۰۵، ۱۸:۰۸,https://divar.ir/v/ga39jE9o
واحد 110متری 2 خواب  خیابان خزر,فروش,کوی خزر,۱۱۰,۱۳۹۶,۲,"‏۱۶,۰۰۰,۰۰۰,۰۰۰ تومان","‏۱۴۵,۴۵۴,۰۰۰ تومان",۴ از ۴,۲۷ مرداد ۱۴۰۵، ۱۹:۱۰,https://divar.ir/v/gaEu3bvH
فروش خانه ّی ویلایی,فروش,انقلاب,۱۳۰,۱۳۹۵,۲,"‏۹,۱۰۰,۰۰۰,۰۰۰ تومان","‏۷۰,۰۰۰,۰۰۰ تومان",,۲۴ مرداد ۱۴۰۵، ۱۵:۵۱,https://divar.ir/v/gaAmlpsv
اجاره ۸۴متر، رزمندگان کوهبنه بازارچه کوهبنه,رهن و اجاره,آهندان,۸۵,۱۳۹۷,۲,,,۱ از ۲,۲۷ مرداد ۱۴۰۵، ۱۹:۰۴,https://divar.ir/v/gaEunDZH
ویو مستقیم استخر و شیطان کوه۱۳۵متری ۳خواب طبقه ششم,فروش,گلستان,۱۳۵,۱۴۰۵,۳,"‏۲۴,۹۷۰,۰۰۰,۰۰۰ تومان","‏۱۸۴,۹۶۲,۰۰۰ تومان",۶ از ۶,۳ مرداد ۱۴۰۵، ۱۱:۴۶,https://divar.ir/v/gakBHr27
سه خواب ۱۰۰متری کاسبی,فروش,شهرک جانبازان,,,,,,,۱ مرداد ۱۴۰۵، ۱۹:۰۶,https://divar.ir/v/gaiRDyqj
آپارتمان 70 متری_خرمشهر,فروش,شهید آوینی,۷۰,۱۳۹۶,۲,"‏۷,۲۰۰,۰۰۰,۰۰۰ تومان","‏۱۰۲,۸۵۷,۰۰۰ تومان",۲,۲۷ مرداد ۱۴۰۵، ۱۰:۱۵,https://divar.ir/v/gaD-vavd
زمین روستایی_۲۹۵متر_جای دنج و آرام,فروش,شیشه گران,,,,"‏۱,۷۵۰,۰۰۰,۰۰۰ تومان","‏۵,۹۳۲,۰۰۰ تومان",,۲۷ مرداد ۱۴۰۵، ۱۸:۵۳,https://divar.ir/v/gaEiXs7H
زمین,فروش,بوجایه,,,,"‏۲,۶۰۸,۰۰۰,۰۰۰ تومان","‏۱۶,۰۰۰,۰۰۰ تومان",,۲ مرداد ۱۴۰۵، ۱۴:۰۷,https://divar.ir/v/gaj1DlM0
زمین باغی مسکونی,فروش,آهندان,,,,"‏۶۰,۰۰۰,۰۰۰,۰۰۰ تومان","‏۴,۰۰۰,۰۰۰ تومان",,۲۷ مرداد ۱۴۰۵، ۱۸:۲۶,https://divar.ir/v/gaEKXgu5
اجاره مغازه 12متری بین نخجیر یازده ودوازده,رهن و اجاره,لیالستان,۱۲,۱۴۰۴,بدون اتاق,,,,۲۷ مرداد ۱۴۰۵، ۱۸:۲۳,https://divar.ir/v/gaEGHgik
واحد دوخواب لوکس دربهترین لوکیشن,فروش,شقایق,۸۴,۱۳۹۶,۲,"‏۱۰,۹۰۰,۰۰۰,۰۰۰ تومان","‏۱۲۹,۷۶۱,۰۰۰ تومان",۱ از ۵,۱۸ مرداد ۱۴۰۵، ۱۵:۰۷,https://divar.ir/v/ga4FFrL-
زمین و ملک 446 متری,فروش,خمیر کلایه,,,,"‏۲۱,۰۰۰,۰۰۰,۰۰۰ تومان","‏۴۷,۰۸۵,۰۰۰ تومان",,۲۷ مرداد ۱۴۰۵، ۱۸:۱۹,https://divar.ir/v/gaECnzoc
واحد ۸۳ متری,فروش,گلستان,۸۳,۱۳۸۵,۲,"‏۷,۰۵۰,۰۰۰,۰۰۰ تومان","‏۸۴,۹۳۹,۰۰۰ تومان",۲ از ۲,۱۰ مرداد ۱۴۰۵، ۰۹:۵۳,https://divar.ir/v/gatB5rBH
فروش و تهاتر 850 متر زمین مسکونی,فروش,لفمجان,,,,"‏۵,۲۷۰,۰۰۰,۰۰۰ تومان","‏۶,۲۰۰,۰۰۰ تومان",,۲۷ مرداد ۱۴۰۵، ۱۸:۰۲,https://divar.ir/v/gaEyWltt
۲۵۰ متر زمین سند دار مناسب وثیقه برای همه کار,فروش,قیام,,,,"‏۶۵۰,۰۰۰,۰۰۰ تومان","‏۲,۶۰۰,۰۰۰ تومان",,۲۷ مرداد ۱۴۰۵، ۱۷:۵۹,https://divar.ir/v/gaEu276J
فروش واحد نوساز با امکانات کامل در رزمندگان 13,فروش,آهندان,۸۵,۱۴۰۴,۲,"‏۸,۲۰۰,۰۰۰,۰۰۰ تومان","‏۹۶,۴۷۰,۰۰۰ تومان",۳ از ۳,۲۷ مرداد ۱۴۰۵، ۱۷:۵۶,https://divar.ir/v/gaEuGXGE
واحد 145متری_۳خواب_تکواحدی طبقه چهارم,فروش,گلستان,۱۴۵,۱۴۰۴,۳,"‏۱۴,۵۰۰,۰۰۰,۰۰۰ تومان","‏۱۰۰,۰۰۰,۰۰۰ تومان",۴ از ۵,۲۷ مرداد ۱۴۰۵، ۱۷:۳۱,https://divar.ir/v/gaEWGlep
کوی زمانی خ تقی پور,فروش,شهرک سلمان فارسی,۵۷,۱۳۹۷,۲,"‏۴,۶۰۰,۰۰۰,۰۰۰ تومان","‏۸۰,۷۰۱,۰۰۰ تومان",۱,۲۴ مرداد ۱۴۰۵، ۱۲:۴۸,https://divar.ir/v/gaA6yiA7
زمین  خارج از طرح شیرنسا لاهیجان,فروش,لیل,,,,"‏۳۰۰,۰۰۰,۰۰۰ تومان","‏۱,۵۰۰,۰۰۰ تومان",,۲۷ مرداد ۱۴۰۵، ۱۷:۱۰,https://divar.ir/v/gaECmjU0
فروش اپارتمان در رسالت,فروش,لیالستان,۷۰,۱۳۹۶,۲,"‏۶,۱۰۰,۰۰۰,۰۰۰ تومان","‏۸۷,۱۴۲,۰۰۰ تومان",۱,۲۷ مرداد ۱۴۰۵، ۱۷:۰۹,https://divar.ir/v/gaECGC0t
ویلا مدرن- 200 متری - سند دار,فروش,لیالستان,۱۰۰,۱۴۰۰,۲,"‏۱۴,۵۰۰,۰۰۰,۰۰۰ تومان","‏۷۲,۵۰۰,۰۰۰ تومان",,۲۷ مرداد ۱۴۰۵، ۱۷:۰۷,https://divar.ir/v/gaEGgFYr
دویست متر زمین مسکونی,فروش,بازکیاگوراب,,,,"‏۳,۰۰۰,۰۰۰,۰۰۰ تومان","‏۱۵,۰۰۰,۰۰۰ تومان",,۲۷ مرداد ۱۴۰۵، ۱۷:۰۳,https://divar.ir/v/gaE-VI87
فروش اپارتمان طبقه اول,فروش,مهرگان,۵۸,۱۳۹۴,۱,"‏۷,۶۰۰,۰۰۰,۰۰۰ تومان","‏۱۳۱,۰۳۴,۰۰۰ تومان",۱ از ۴,۲۷ مرداد ۱۴۰۵، ۱۶:۵۸,https://divar.ir/v/gaE21-pp
آپارتمان برای رهن و اجاره,رهن کامل,حاجی آباد,۱۲۵,۱۴۰۵,۲,,,۲ از ۴,۲۷ مرداد ۱۴۰۵، ۱۶:۵۶,https://divar.ir/v/gaEylqAj
82مترتک واحدی وسوئیت 50متری پارکنیگ 350پیش اجاره7,رهن و اجاره,کوی آزادگان,۸۲,۱۳۹۶,۲,,,۲,۲۷ مرداد ۱۴۰۵، ۱۶:۵۴,https://divar.ir/v/gaEyl8Cf
اجاره خانه ویلایی,رهن و اجاره,بازکیاگوراب,۶۰,۱۴۰۳,۱,,,,۲۷ مرداد ۱۴۰۵، ۱۶:۳۷,https://divar.ir/v/gaEeF8ND
فروش خانه سوئیت,فروش,شهرک فرهنگیان,۶۰,۱۳۷۹,۱,"‏۶,۸۰۰,۰۰۰,۰۰۰ تومان","‏۵۶,۶۶۶,۰۰۰ تومان",,۲۷ مرداد ۱۴۰۵، ۱۶:۰۷,https://divar.ir/v/gaEKFBfl
زمین باغی,فروش,کاروانسرابر,,,بدون اتاق,"‏۱,۷۶۰,۰۰۰,۰۰۰ تومان","‏۸,۰۰۰,۰۰۰ تومان",,۲۷ مرداد ۱۴۰۵، ۱۵:۵۹,https://divar.ir/v/gaECVE3Q
زمین متراژ پایین,فروش,لیالستان,,,,"‏۱,۸۵۰,۰۰۰,۰۰۰ تومان","‏۱۸,۵۰۰,۰۰۰ تومان",,۲۷ مرداد ۱۴۰۵، ۱۵:۵۱,https://divar.ir/v/gaE60VPQ
آپارتمان دوخوابه ۱۰۸متری خیابان شقایق،فول بازسازی,فروش,مهرگان,۱۰۸,۱۳۸۸,۲,"‏۱۱,۰۰۰,۰۰۰,۰۰۰ تومان","‏۱۰۱,۸۵۱,۰۰۰ تومان",۲,۲۹ خرداد ۱۴۰۵، ۱۸:۴۷,https://divar.ir/v/ga10VmTe
فروش ویلا باقیمت استثنایی در مطهری,فروش,خالو باغ,۱۰۰,۱۴۰۱,۱,"‏۶,۵۰۰,۰۰۰,۰۰۰ تومان","‏۴۳,۰۴۶,۰۰۰ تومان",,۲۷ مرداد ۱۴۰۵، ۱۵:۴۲,https://divar.ir/v/gaEy0LLj
لاهیجان فروش آپارتمان 115 متری در شیشه گران,فروش,رجایی,۱۱۵,۱۴۰۵,۲,"‏۲۳,۰۰۰,۰۰۰,۰۰۰ تومان","‏۲۰۰,۰۰۰,۰۰۰ تومان",۱,۲۷ مرداد ۱۴۰۵، ۱۵:۳۹,https://divar.ir/v/gaEu0S2y
لاهیجان فروش کارخانه چای 12000 متری لیالستان,فروش,لیالستان,,,۳,"‏۳۰۰,۰۰۰,۰۰۰,۰۰۰ تومان","‏۲۵,۰۰۰,۰۰۰ تومان",,۲۷ مرداد ۱۴۰۵، ۱۵:۳۷,https://divar.ir/v/gaEqU2uS
میخوای از مبلغ 2میلیارد تا 4 میلیارد خونه رهن کنی,رهن و اجاره,شیخ زاهد,۱۳۰,۱۴۰۴,۲,,,۱,۲۷ مرداد ۱۴۰۵، ۱۵:۱۷,https://divar.ir/v/gaEWU_tz
دوقطعه زمین مسکونی,فروش,بازکیاگوراب,,,,"‏۳,۱۳۲,۰۰۰,۰۰۰ تومان","‏۹,۶۶۶,۰۰۰ تومان",,۲۷ مرداد ۱۴۰۵، ۱۴:۴۱,https://divar.ir/v/gaEGz_pv
145 متری گلستان زوج,فروش,گلستان,۱۴۵,۱۴۰۰,۳,"‏۱۸,۲۰۰,۰۰۰,۰۰۰ تومان","‏۱۲۵,۵۱۷,۰۰۰ تومان",۲ از ۴,۱۸ مرداد ۱۴۰۵، ۱۱:۲۴,https://divar.ir/v/ga4FT1jn
فروش ویلای نیمه کاره بامدارک کامل درزمیدان,فروش,لیل,۳۳۰,۱۴۰۵,۳,"‏۱۸,۰۰۰,۰۰۰,۰۰۰ تومان","‏۴۶,۷۵۳,۰۰۰ تومان",,۷ مرداد ۱۴۰۵، ۲۲:۱۴,https://divar.ir/v/gaqhkurJ
واگذاری کافه با تجهیزات,رهن و اجاره,کوی استادان,۲۰,۱۳۹۷,بدون اتاق,,,,۲۷ مرداد ۱۴۰۵، ۱۴:۳۰,https://divar.ir/v/gaEujR_l
مغازه چهل متری مخصوص مکانیکی,رهن و اجاره,لاشیدان,۴۰,۱۳۸۰,بدون اتاق,,,,۲۷ مرداد ۱۴۰۵، ۱۴:۲۳,https://divar.ir/v/gaEmDpST
آپارتمان ۶۵ متری _ براصلی گلستان ۱۱ نزدیک‌ استخر,فروش,گلستان,۶۵,۱۳۹۰,۱,"‏۶,۶۰۰,۰۰۰,۰۰۰ تومان","‏۱۰۱,۵۳۸,۰۰۰ تومان",۱ از ۴,۲۷ مرداد ۱۴۰۵، ۱۳:۵۹,https://divar.ir/v/gaEOTwqL
فروش انواع ویلا و زمین  از 2 میلیارد تا 30 میلیارد,فروش,لیالستان,۲۰۰,۱۴۰۵,+۴,"‏۵,۰۰۰,۰۰۰,۰۰۰ تومان","‏۵,۰۰۰,۰۰۰ تومان",,۲۷ مرداد ۱۴۰۵، ۱۳:۵۰,https://divar.ir/v/gaC-A1qQ
زمین باغ چای 1100متری,فروش,بازکیاگوراب,,,,"‏۱,۱۰۰,۰۰۰,۰۰۰ تومان","‏۱,۰۰۰,۰۰۰ تومان",,۲۱ مرداد ۱۴۰۵، ۱۵:۳۴,https://divar.ir/v/ga89Vvz7
فروش ویلای کوهپایه در لاهیجان,فروش,آهندان,۱۵۰,۱۴۰۳,۲,"‏۱۲,۰۰۰,۰۰۰,۰۰۰ تومان","‏۳۴,۲۸۵,۰۰۰ تومان",,۲۷ مرداد ۱۴۰۵، ۱۳:۱۸,https://divar.ir/v/gaEqyNW6
نیازمند به همخونه,رهن و اجاره,قیام,۴۵۰۰۰۰,۱۴۰۳,بدون اتاق,,,همکف,۲۷ مرداد ۱۴۰۵، ۱۳:۱۶,https://divar.ir/v/gaEiiuD-
فروش ویلایی دو واحده شخصی لاهیجان,فروش,طالقانی,۱۲۰,۱۳۸۵,۲,"‏۱۴,۰۰۰,۰۰۰,۰۰۰ تومان","‏۹۶,۵۵۱,۰۰۰ تومان",,۲۷ مرداد ۱۴۰۵، ۱۳:۱۶,https://divar.ir/v/gaEmCnAO
فروش ۳۵۰متر زمین کوهپایه زمیدان لاهیجان,فروش,لیل,,,,"‏۴,۵۰۰,۰۰۰,۰۰۰ تومان","‏۱۲,۸۵۷,۰۰۰ تومان",,۲۷ مرداد ۱۴۰۵، ۱۳:۱۳,https://divar.ir/v/gaEmSBA9
دو قطعه زمین309و 348 متر لاهیجان,فروش,رجایی,,,,"‏۱۰۰,۰۰۰,۰۰۰ تومان","‏۳۲۳,۰۰۰ تومان",,۱۴ مرداد ۱۴۰۵، ۱۵:۱۸,https://divar.ir/v/gazJCuKC
فروش ویلا جنگلی کلید نخورده,فروش,آهندان,۱۶۰,۱۴۰۴,۳,"‏۲۰,۰۰۰,۰۰۰,۰۰۰ تومان","‏۹۳,۸۹۶,۰۰۰ تومان",,۲۷ مرداد ۱۴۰۵، ۱۳:۰۵,https://divar.ir/v/gaEaigNu
زمین در بیجار بنه پایین لاهیجان,فروش,لیالستان,,,,"‏۳,۸۵۰,۰۰۰,۰۰۰ تومان","‏۱۹,۵۴۳,۰۰۰ تومان",,۲۷ مرداد ۱۴۰۵، ۱۳:۰۲,https://divar.ir/v/gaEaSYWB
فروش زمین مسکونی,فروش,بازکیاگوراب,,,,"‏۲,۰۰۰,۰۰۰,۰۰۰ تومان","‏۱۱,۱۱۱,۰۰۰ تومان",,۲ مرداد ۱۴۰۵، ۲۰:۲۶,https://divar.ir/v/gajhJ2_f
فروش زمین در نخجیر 19...فرم الف هم از بنیاد گرفتم,فروش,لیالستان,,,,"‏۵,۹۸۵,۰۰۰,۰۰۰ تومان","‏۱۵,۰۳۷,۰۰۰ تومان",,۲۷ مرداد ۱۴۰۵، ۱۲:۳۲,https://divar.ir/v/gaEyRNWQ
تهاتر زمین۱۰۰۰متری با پرداخت نقدی,فروش,آهندان,,,,"‏۱۵,۰۰۰,۰۰۰,۰۰۰ تومان","‏۱۵,۰۰۰,۰۰۰ تومان",,۲۷ مرداد ۱۴۰۵، ۱۲:۲۴,https://divar.ir/v/gaEux0BO
340000هزار متر زمین,فروش,انقلاب,,,,"‏۱,۳۶۰,۰۰۰,۰۰۰,۰۰۰ تومان","‏۴,۰۰۰,۰۰۰ تومان",,۲۷ مرداد ۱۴۰۵، ۱۲:۱۷,https://divar.ir/v/gaEuB1Eu
فروش ویژه واحد ۱۷۳ متری در شیشه گران بهشتی ۱۴,فروش,شیشه گران,۱۷۳,۱۴۰۵,۳,"‏۳۰,۰۰۰,۰۰۰,۰۰۰ تومان","‏۱۷۳,۴۱۰,۰۰۰ تومان",۴,۲۷ مرداد ۱۴۰۵، ۱۲:۱۶,https://divar.ir/v/gaEuhilj
فروش زمین۲هزارمتری ذاکله بر,فروش,آهندان,,,,"‏۵,۰۰۰,۰۰۰,۰۰۰ تومان","‏۲,۵۰۰,۰۰۰ تومان",,۲۷ مرداد ۱۴۰۵، ۱۲:۰۸,https://divar.ir/v/gaEmBvmD
اجاره ویلا سالیانه ۱۰۰متربنا۵۰۰مترزمین,رهن کامل,کوی زمانی,۱۰۰,۱۴۰۰,۲,,,,۲۷ مرداد ۱۴۰۵، ۱۲:۰۰,https://divar.ir/v/gaEexGxO
۱۸۵متر روستای گمل,فروش,لیل,,,,"‏۲,۸۰۰,۰۰۰,۰۰۰ تومان","‏۱۵,۱۳۵,۰۰۰ تومان",,۲۷ مرداد ۱۴۰۵، ۱۱:۴۵,https://divar.ir/v/gaEShJ8W
مغازه به متراژکف۵_ ۳۴ بالکن ۲۲_۳۵جمعا۴۱_۹۵,فروش,کوی استادان,۴۲,۱۳۹۵,بدون اتاق,"‏۱۵,۱۲۰,۰۰۰,۰۰۰ تومان","‏۳۶۰,۰۰۰,۰۰۰ تومان",,۲۸ تیر ۱۴۰۵، ۱۷:۰۹,https://divar.ir/v/gacNdKIc
خانه  ویلائی  220  متری  در  لاهیجان,فروش,طالقانی,۲۲۰,۱۳۷۵,۳,"‏۲۳,۰۰۰,۰۰۰,۰۰۰ تومان","‏۱۰۴,۵۴۵,۰۰۰ تومان",,۲۰ مرداد ۱۴۰۵، ۲۱:۳۹,https://divar.ir/v/ga7R23hq
آپارتمان‌83 متری,فروش,حاجی آباد,۸۳,۱۳۹۶,۲,"‏۶,۶۰۰,۰۰۰,۰۰۰ تومان","‏۷۹,۵۱۸,۰۰۰ تومان",۱ از ۳,۲۷ مرداد ۱۴۰۵، ۱۱:۲۸,https://divar.ir/v/gaECRaAP
سوییت مستقل حیاط‌دار و با پارکینگ,فروش,جمهوری,۷۰,۱۳۹۳,۲,"‏۷,۲۰۰,۰۰۰,۰۰۰ تومان","‏۱۰۲,۸۵۷,۰۰۰ تومان",همکف,۲۷ مرداد ۱۴۰۵، ۱۱:۲۸,https://divar.ir/v/gaEChV6F
سوییت مستقل دو قدمی استخر,فروش,گلستان,۴۳,۱۳۹۳,۱,"‏۴,۴۰۰,۰۰۰,۰۰۰ تومان","‏۱۰۲,۳۲۵,۰۰۰ تومان",همکف,۲۷ مرداد ۱۴۰۵، ۱۱:۲۶,https://divar.ir/v/gaEChGK1
فروش واحدی تجاری,فروش,شیشه گران,۵۰,۱۴۰۴,بدون اتاق,"‏۱۵,۰۰۰,۰۰۰,۰۰۰ تومان","‏۳۰۰,۰۰۰,۰۰۰ تومان",۴,۲۷ مرداد ۱۴۰۵، ۱۱:۲۶,https://divar.ir/v/gaECxCVo
فروش زمین زمیدان,فروش,انقلاب,,,,"‏۱,۰۰۰,۰۰۰,۰۰۰ تومان","‏۱,۵۸۴,۰۰۰ تومان",,۲۷ مرداد ۱۴۰۵، ۱۱:۱۸,https://divar.ir/v/gaE6QRkh
فروش زمین مسکونی,فروش,بازکیاگوراب,,,,"‏۵,۰۰۰,۰۰۰,۰۰۰ تومان","‏۱۰,۰۰۰,۰۰۰ تومان",,۲۷ مرداد ۱۴۰۵، ۱۱:۰۶,https://divar.ir/v/gaEuQQsR
بر اصلی زمیدان تمام مسکونی تالاب تک برگ سند,فروش,لیل,,,,"‏۲۵,۰۰۰,۰۰۰,۰۰۰ تومان","‏۵۰,۰۰۰,۰۰۰ تومان",,۲۹ تیر ۱۴۰۵، ۲۰:۴۸,https://divar.ir/v/gaehVLjE
زمین شهری با پروانه ساخت,فروش,گلستان,,,,"‏۱۵,۰۰۰,۰۰۰,۰۰۰ تومان","‏۵۰,۰۰۰,۰۰۰ تومان",,۲۹ تیر ۱۴۰۵، ۲۰:۴۷,https://divar.ir/v/gaedl6Pc
زمین مسکونی سند تک برگ لیالستان,فروش,لیالستان,,,,"‏۳,۹۵۵,۰۰۰,۰۰۰ تومان","‏۲۶,۰۱۹,۰۰۰ تومان",,۲۷ مرداد ۱۴۰۵، ۱۰:۵۷,https://divar.ir/v/gaEig0-j
فروش واحد ۷۷ متری راه جدا,فروش,شهرک سلمان فارسی,۷۷,۱۳۹۰,۲,"‏۸,۵۰۰,۰۰۰,۰۰۰ تومان","‏۱۱۰,۳۸۹,۰۰۰ تومان",۱,۲۷ مرداد ۱۴۰۵، ۱۰:۵۷,https://divar.ir/v/gaEmgTHA
۱۵۰ متری با ویوی شیطان کوه,رهن و اجاره,گلستان,۱۵۰,۱۴۰۳,۳,,,۶ از ۶,۲۳ مرداد ۱۴۰۵، ۱۶:۳۷,https://divar.ir/v/ga_NRCsp
فروش ویلا۱۷۰متری,فروش,لیالستان,۱۷۰,۱۴۰۵,۲,"‏۱۹,۰۰۰,۰۰۰,۰۰۰ تومان","‏۸۶,۳۶۳,۰۰۰ تومان",,۲۲ مرداد ۱۴۰۵، ۰۰:۲۵,https://divar.ir/v/ga8190Mb
زمین پای کوه لیالستان,فروش,لیالستان,,,,"‏۴,۲۰۰,۰۰۰,۰۰۰ تومان","‏۲۸,۰۰۰,۰۰۰ تومان",,۲۷ مرداد ۱۴۰۵، ۱۰:۳۴,https://divar.ir/v/gaEOwZic
اجاره آپارتمان ۷۰ متری در خیابان خرمشهر,رهن و اجاره,شهید آوینی,۷۰,۱۳۹۸,۲,,,۲ از ۳,۲۷ مرداد ۱۴۰۵، ۱۰:۳۱,https://divar.ir/v/gaEOwBZe
ویلا باغ ۱۰۰۰ متری با ویو استثنایی در لاهیجان,فروش,لیل,۲۴۰,۱۴۰۴,+۴,"‏۳۰,۰۰۰,۰۰۰,۰۰۰ تومان","‏۳۰,۰۰۰,۰۰۰ تومان",,۱ اردیبهشت ۱۴۰۵، ۲۱:۵۲,https://divar.ir/v/QanDcQ3Z
فروش زمین ۳۵۰، ۲۵۰ و ۵۳۹ متری,فروش,بوجایه,,,,"‏۶,۰۰۰,۰۰۰,۰۰۰ تومان","‏۱۷,۱۴۲,۰۰۰ تومان",,۲۷ تیر ۱۴۰۵، ۱۰:۵۲,https://divar.ir/v/gablidEU
فروش واحد نوساز در خیابان سبحان,فروش,شهرک جانبازان,۱۰۸,۱۴۰۴,۲,"‏۱۳,۰۰۰,۰۰۰,۰۰۰ تومان","‏۱۲۰,۳۷۰,۰۰۰ تومان",۱ از ۳,۲۷ تیر ۱۴۰۵، ۱۰:۳۱,https://divar.ir/v/gabRilN1
باغ ویلا,فروش,بازکیاگوراب,۲۵۰,۱۴۰۰,۳,"‏۳۵,۰۰۰,۰۰۰,۰۰۰ تومان","‏۳۵,۰۰۰,۰۰۰ تومان",,۳۰ خرداد ۱۴۰۵، ۲۳:۰۷,https://divar.ir/v/ga2kuhfv
پیش فروش _70 متری _میدان دانشگاه,فروش,کوی استادان,,,,,,,۱۰ مرداد ۱۴۰۵، ۰۹:۱۵,https://divar.ir/v/gard3yGk
فروش ویلا نوساز فقلی,فروش,بازکیاگوراب,۹۰,۱۴۰۵,۲,"‏۷,۵۰۰,۰۰۰,۰۰۰ تومان","‏۳۱,۱۲۰,۰۰۰ تومان",,۱۳ مرداد ۱۴۰۵، ۱۰:۴۱,https://divar.ir/v/gaxJINzx
آپارتمان نوساز_108متری_طبقه 3,فروش,کوی استادان,۱۰۸,۱۴۰۵,۲,"‏۱۲,۹۰۰,۰۰۰,۰۰۰ تومان","‏۱۱۹,۴۴۴,۰۰۰ تومان",۴,۱۰ مرداد ۱۴۰۵، ۰۹:۱۶,https://divar.ir/v/garBX_Nh
آپارتمان نوساز _150 متری فول امکانات_ گلستان زوج,فروش,گلستان,۱۵۰,۱۴۰۵,۳,"‏۲۰,۵۰۰,۰۰۰,۰۰۰ تومان","‏۱۳۶,۶۶۶,۰۰۰ تومان",۱,۱۴ مرداد ۱۴۰۵، ۱۴:۵۲,https://divar.ir/v/gazxRxLX
میدان جانبازان۸۱متر,فروش,یحی آباد,۸۱,۱۳۹۰,۲,"‏۶,۸۰۰,۰۰۰,۰۰۰ تومان","‏۸۳,۹۵۰,۰۰۰ تومان",۱,۲۴ مرداد ۱۴۰۵، ۱۳:۴۹,https://divar.ir/v/gaAyT9v-
250متر زمین مسکونی در لاهیجان,فروش,بازکیاگوراب,,,,"‏۲,۵۰۰,۰۰۰,۰۰۰ تومان","‏۱۰,۰۰۰,۰۰۰ تومان",,۲۷ مرداد ۱۴۰۵، ۰۹:۲۹,https://divar.ir/v/gaDSft9s
رهن واحد ۹۰متری مستقل,رهن کامل,جمهوری,۹۰,۱۳۹۷,۲,,,۱,۲۷ مرداد ۱۴۰۵، ۰۹:۲۳,https://divar.ir/v/gaDOfIJH
اجاره واحد ۷۰متری طبقه اول,رهن و اجاره,لیالستان,۷۰,۱۳۹۸,۲,,,۱,۲۷ مرداد ۱۴۰۵، ۰۹:۱۳,https://divar.ir/v/gaDCv1vX
زمین مسکونی 157 متری کوهبنه,فروش,آهندان,,,,"‏۳,۷۵۰,۰۰۰,۰۰۰ تومان","‏۲۳,۸۸۵,۰۰۰ تومان",,۲۷ مرداد ۱۴۰۵، ۰۸:۲۰,https://divar.ir/v/gaDSujK-
زمین باغی لاهیجان خالوباغ(مالبیجار)۲۱۴متر,فروش,بازکیاگوراب,,,,"‏۱,۲۸۴,۰۰۰,۰۰۰ تومان","‏۶,۰۰۰,۰۰۰ تومان",,۲۸ تیر ۱۴۰۵، ۲۳:۳۷,https://divar.ir/v/gad5CL3g
خانه‌ سوئیت,فروش,بوجایه,۶۴,۱۳۸۷,۱,"‏۳,۸۴۰,۰۰۰,۰۰۰ تومان","‏۳۴,۹۰۹,۰۰۰ تومان",,۲۲ مرداد ۱۴۰۵، ۲۲:۰۹,https://divar.ir/v/ga-9AXxM
فروش یا معاوضه زمین با یه واحد خانه زمین,فروش,بازکیاگوراب,,,,"‏۲,۶۲۰,۰۰۰,۰۰۰ تومان","‏۱۰,۰۰۰,۰۰۰ تومان",,۲۷ مرداد ۱۴۰۵، ۰۲:۰۳,https://divar.ir/v/gaDy4FS7
608 متر زمین کوهپایه با پروانه ساخت,فروش,لیل,,,,"‏۱۶,۵۰۰,۰۰۰,۰۰۰ تومان","‏۲۷,۱۳۸,۰۰۰ تومان",,۲۷ مرداد ۱۴۰۵، ۰۱:۰۳,https://divar.ir/v/gaD2n3KZ
اجاره مغازه‌ در لاهیجان میدان شهدا,رهن و اجاره,امیرشهید,۳۲,۱۳۸۴,بدون اتاق,,,,۲۷ مرداد ۱۴۰۵، ۰۰:۵۲,https://divar.ir/v/gaDunT5T
فروش زمین مسکونی,فروش,بازکیاگوراب,,,,"‏۷,۰۰۰,۰۰۰,۰۰۰ تومان","‏۲۰,۰۰۰,۰۰۰ تومان",,۲۷ مرداد ۱۴۰۵، ۰۰:۱۱,https://divar.ir/v/gaDG38x4
خانه وزمین,فروش,لیالستان,۹۰,۱۳۸۴,۲,"‏۲۸,۰۰۰,۰۰۰,۰۰۰ تومان","‏۴۰,۰۵۷,۰۰۰ تومان",,۲۶ مرداد ۱۴۰۵، ۲۳:۴۸,https://divar.ir/v/gaDu2U14
تجاری و مسکونی,فروش,طالقانی,۱۳۸,۱۴۰۴,۲,"‏۱۸,۰۰۰,۰۰۰,۰۰۰ تومان","‏۱۳۰,۴۳۴,۰۰۰ تومان",۱ از ۲,۲۶ مرداد ۱۴۰۵، ۲۳:۲۹,https://divar.ir/v/gaDaWl1X
فروش فوری مغازه خیابان شقایق,فروش,کوی استادان,۱۶,۱۳۹۶,بدون اتاق,"‏۳,۸۵۰,۰۰۰,۰۰۰ تومان","‏۲۴۰,۶۲۵,۰۰۰ تومان",,۲۶ مرداد ۱۴۰۵، ۲۲:۵۹,https://divar.ir/v/gaDGWHVv
فروش زمین,فروش,لیل,,,,"‏۴۵۰,۰۰۰,۰۰۰ تومان","‏۷۲۵,۰۰۰ تومان",,۲۶ مرداد ۱۴۰۵، ۲۲:۵۳,https://divar.ir/v/gaD-1qBS
فروش فوری مغازه شقایق,فروش,کوی استادان,۱۷,۱۳۹۱,بدون اتاق,"‏۳,۷۰۰,۰۰۰,۰۰۰ تومان","‏۲۱۷,۶۴۷,۰۰۰ تومان",,۲۶ مرداد ۱۴۰۵، ۲۲:۵۰,https://divar.ir/v/gaD6VqpM
زمین طرح هادی مسکونی درآهندان,فروش,آهندان,,,,"‏۹,۰۰۰,۰۰۰,۰۰۰ تومان","‏۱۸,۰۰۰,۰۰۰ تومان",,۲۶ مرداد ۱۴۰۵، ۲۲:۴۱,https://divar.ir/v/gaDyF5S9
زمین با کاربری مسکونی,فروش,بازکیاگوراب,,,,"‏۱۴,۰۰۰,۰۰۰,۰۰۰ تومان","‏۱۲,۶۱۲,۰۰۰ تومان",,۲۶ مرداد ۱۴۰۵، ۲۲:۲۶,https://divar.ir/v/gaDiVd-0
ویلا سند دار ۹۹ متری,فروش,بازکیاگوراب,۹۹,۱۴۰۵,۲,"‏۷,۵۰۰,۰۰۰,۰۰۰ تومان","‏۳۰,۶۱۲,۰۰۰ تومان",,۲۶ مرداد ۱۴۰۵، ۲۲:۱۶,https://divar.ir/v/gaDa1h9t
آپارتمان کوی زمانی,فروش,کوی زمانی,,,,,,,۲۶ مرداد ۱۴۰۵، ۲۲:۰۲,https://divar.ir/v/gaDOFbWj
اجاره واحد تجاری در مجتمع پارادایس لاهیجان,رهن و اجاره,خمیر کلایه,۱۰,۱۳۹۸,بدون اتاق,,,,۲۶ مرداد ۱۴۰۵، ۲۱:۵۵,https://divar.ir/v/gaDGV-37
پیش فروش بلوار عدالت,فروش,حاجی آباد,,,,,,,۲۲ مرداد ۱۴۰۵، ۱۴:۰۱,https://divar.ir/v/ga9tJev3
فروش خانه ویلایی,فروش,آهندان,۷۵,۱۳۹۰,۱,"‏۵,۷۰۰,۰۰۰,۰۰۰ تومان","‏۶۰,۶۳۸,۰۰۰ تومان",,۲۶ مرداد ۱۴۰۵، ۲۰:۵۶,https://divar.ir/v/gaCyKmqE
زمین مسکونی گلرودبار لاهیجان,فروش,بازکیاگوراب,,,,"‏۵,۲۸۰,۰۰۰,۰۰۰ تومان","‏۱۵,۰۰۰,۰۰۰ تومان",,۲۶ مرداد ۱۴۰۵، ۲۰:۵۳,https://divar.ir/v/gaDOkZQ4
فروش واحد مستقل ۳۰متری حیاط دار,فروش,بازکیاگوراب,۳۰,۱۳۹۹,بدون اتاق,"‏۱۲۰,۰۰۰,۰۰۰ تومان","‏۳,۰۰۰,۰۰۰ تومان",,۲۶ مرداد ۱۴۰۵، ۲۰:۴۶,https://divar.ir/v/gaDGEzZG
اجاره روزانه ویلا بسیار منطقه ارام,رهن و اجاره,آهندان,۱۴۰,۱۴۰۳,۲,,,,۷ خرداد ۱۴۰۵، ۱۶:۲۶,https://divar.ir/v/gaYsTJLB
مغازه اجاره ای 22 متر بر اصلی خ جمهوری,رهن و اجاره,طالقانی,۲۲,۱۳۹۰,بدون اتاق,,,,۲۶ مرداد ۱۴۰۵، ۲۰:۱۰,https://divar.ir/v/gaDmzQ_k
واحد نقلی منظریه,فروش,شهید آوینی,۶۸,۱۳۹۰,۲,"‏۷,۴۰۰,۰۰۰,۰۰۰ تومان","‏۱۰۸,۸۲۳,۰۰۰ تومان",۱ از ۳,۲۶ مرداد ۱۴۰۵، ۲۰:۰۳,https://divar.ir/v/gaDeTdkc
زمین ۱۵۰ متری در لاهیجان,فروش,لیالستان,,,,"‏۱,۸۰۰,۰۰۰,۰۰۰ تومان","‏۱۲,۰۰۰,۰۰۰ تومان",,۲۶ مرداد ۱۴۰۵، ۱۹:۳۷,https://divar.ir/v/gaDGzxEb
فروش آپارتمان,فروش,آهندان,۷۲,۱۳۹۲,۲,"‏۶,۰۰۰,۰۰۰,۰۰۰ تومان","‏۸۳,۳۳۳,۰۰۰ تومان",۱ از ۲,۲۶ مرداد ۱۴۰۵، ۱۹:۲۳,https://divar.ir/v/gaD6ie8P
۳۲ متر دوبر تابلو خور خوب  امکانات کامل,رهن و اجاره,طالقانی,۲۱,۱۳۹۷,بدون اتاق,,,,۲۶ مرداد ۱۴۰۵، ۱۸:۳۴,https://divar.ir/v/gaDKy4F2
فروش ۷۳۰ متر زمین لیالستان داخل طرح,فروش,لیالستان,,,,"‏۲,۵۵۰,۰۰۰,۰۰۰ تومان","‏۳,۴۹۳,۰۰۰ تومان",,۲۴ دی ۱۴۰۴، ۰۷:۲۷,https://divar.ir/v/QanJReAd
باغ,فروش,لیل,,,,"‏۱,۵۰۰,۰۰۰,۰۰۰ تومان","‏۳,۰۰۰,۰۰۰ تومان",,۲۶ مرداد ۱۴۰۵، ۱۸:۳۲,https://divar.ir/v/gaDKSFQT
اجاره مطب به پزشک در کوچه توکلی لاهیجان,رهن و اجاره,کاروانسرابر,۷۰,۱۴۰۰,۱,,,۲,۲۶ مرداد ۱۴۰۵، ۱۸:۲۱,https://divar.ir/v/ga9deWaW
ویلا باغ دوبلکس لاهیجان,فروش,لیالستان,۲۰۰,۱۴۰۲,۲,"‏۳۵,۰۰۰,۰۰۰,۰۰۰ تومان","‏۸۷,۵۰۰,۰۰۰ تومان",,۲۶ مرداد ۱۴۰۵، ۱۸:۱۵,https://divar.ir/v/gaByr2z4
واحد ۶۳ متری نوساز ویو دریا سند دار,فروش,شیشه گران,۶۳,۱۴۰۵,۱,"‏۳,۵۰۰,۰۰۰,۰۰۰ تومان","‏۵۵,۵۵۵,۰۰۰ تومان",۲,۲۶ مرداد ۱۴۰۵، ۱۷:۳۸,https://divar.ir/v/gaDWR2Yo
لاهیجان ، زمین روستایی ، کتشال پایین ، سالار,فروش,لیل,,,,"‏۱۲,۰۰۰,۰۰۰,۰۰۰ تومان","‏۳۷,۲۶۷,۰۰۰ تومان",,۲۶ مرداد ۱۴۰۵، ۱۷:۳۵,https://divar.ir/v/gaDyAGO4
زمین روستایی گوکه,فروش,لفمجان,,,,"‏۲,۲۰۰,۰۰۰,۰۰۰ تومان","‏۸,۱۴۸,۰۰۰ تومان",,۲۶ مرداد ۱۴۰۵، ۱۶:۵۹,https://divar.ir/v/gaDywmrN
فروش واحد کلید نخورده (تک واحدی) در لاهیجان,فروش,لیالستان,۱۳۸,۱۴۰۴,۲,"‏۹,۰۰۰,۰۰۰,۰۰۰ تومان","‏۶۵,۲۱۷,۰۰۰ تومان",۱,۱۷ تیر ۱۴۰۵، ۱۹:۱۲,https://divar.ir/v/gaO9WoLi
منظره زیبا لوکیشنی امن زمین مسکونی,فروش,لیل,,,,"‏۳۰,۰۰۰,۰۰۰,۰۰۰ تومان","‏۱۷,۳۳۱,۰۰۰ تومان",,۲۶ مرداد ۱۴۰۵، ۱۶:۳۱,https://divar.ir/v/gaDWw5_I
خانه ویلای,فروش,بازکیاگوراب,۹۰,۱۳۹۷,۲,"‏۷,۰۰۰,۰۰۰,۰۰۰ تومان","‏۲۴,۵۶۱,۰۰۰ تومان",,۲۶ مرداد ۱۴۰۵، ۱۶:۲۷,https://divar.ir/v/gaDKgwg-
زمین درکوهبنه لاهیجان,فروش,آهندان,,,,"‏۴,۰۰۰,۰۰۰,۰۰۰ تومان","‏۱۹,۰۴۷,۰۰۰ تومان",,۲۶ مرداد ۱۴۰۵، ۱۶:۰۲,https://divar.ir/v/gaC-vWoi
اپارتمان لوکیشن  ویو ابدی کارگر ۸,فروش,رجایی,۱۰۰,۱۳۹۰,۲,"‏۲۴,۰۰۰,۰۰۰,۰۰۰ تومان","‏۲۴۰,۰۰۰,۰۰۰ تومان",۳ از ۳,۲۶ مرداد ۱۴۰۵، ۱۵:۵۶,https://divar.ir/v/gaC2Pz_P
فروش۴۵۰ متر زمین با خانه ویلایی کوهبنه لاهیجان,فروش,آهندان,۸۷,۱۳۷۳,۲,"‏۹,۵۰۰,۰۰۰,۰۰۰ تومان","‏۲۱,۱۱۱,۰۰۰ تومان",,۱۱ مرداد ۱۴۰۵، ۰۹:۳۸,https://divar.ir/v/gau5dmTl
خرید ملک,فروش,حاجی آباد,۵۰,۱۴۰۱,۱,"‏۲,۸۰۰,۰۰۰,۰۰۰ تومان","‏۵,۶۰۰,۰۰۰ تومان",,۲۶ مرداد ۱۴۰۵، ۱۵:۴۸,https://divar.ir/v/gaCuvpOq
فروش ویلا,فروش,حاجی آباد,۱۰۰,۱۳۹۹,۲,"‏۱,۵۰۰,۰۰۰,۰۰۰ تومان","‏۱۰,۰۰۰,۰۰۰ تومان",,۲۶ مرداد ۱۴۰۵، ۱۵:۳۹,https://divar.ir/v/gaCmfzlL
فروش واحد آپارتمان ۱۲۸ متری گلستان ۷,فروش,گلستان,۱۲۸,۱۳۹۵,۳,"‏۱۳,۲۰۰,۰۰۰,۰۰۰ تومان","‏۱۰۳,۱۲۵,۰۰۰ تومان",۱ از ۴,۲۶ مرداد ۱۴۰۵، ۱۵:۳۷,https://divar.ir/v/gaCmPJEI
اجاره مغازه.شهدا ۲۷,رهن و اجاره,کوی آزادگان,۴,۱۳۹۵,بدون اتاق,,,,۲۶ مرداد ۱۴۰۵، ۱۵:۳۵,https://divar.ir/v/gaCmvEFE
اجاره واحد,رهن و اجاره,کاروانسرابر,۵۰,۱۳۹۹,۱,,,۲,۲۶ مرداد ۱۴۰۵، ۱۵:۳۵,https://divar.ir/v/gaCmvFlC
فروش زمین,فروش,کوه بیجار,,,,"‏۱۰,۰۰۰,۰۰۰,۰۰۰ تومان","‏۴۶,۰۸۲,۰۰۰ تومان",,۲۶ مرداد ۱۴۰۵، ۱۵:۳۴,https://divar.ir/v/gaCiftJ6
،مین باغی لاهیجان سوستان,فروش,لیل,,,,"‏۱,۰۰۰,۰۰۰,۰۰۰ تومان","‏۱,۰۰۰,۰۰۰ تومان",,۲۶ مرداد ۱۴۰۵، ۱۵:۳۳,https://divar.ir/v/gaCifT_f
زمین مسکونی بیجاربنه پایین,فروش,لیالستان,,,,"‏۵,۷۰۰,۰۰۰,۰۰۰ تومان","‏۲۶,۷۶۰,۰۰۰ تومان",,۲۶ مرداد ۱۴۰۵، ۱۵:۱۷,https://divar.ir/v/gaCSvh8a
واحد آپارتمان .رهن,رهن و اجاره,شهید آوینی,۱۱۰,۱۴۰۵,۲,,,۲,۲۶ مرداد ۱۴۰۵، ۱۵:۰۴,https://divar.ir/v/gaCGfwoX
فروش انواع زمین در استان گیلان,فروش,آهندان,,,,"‏۲,۵۰۰,۰۰۰,۰۰۰ تومان","‏۱۰,۰۰۰,۰۰۰ تومان",,۲۶ مرداد ۱۴۰۵، ۱۵:۰۲,https://divar.ir/v/gaCmda61
فروش زمین,فروش,بازکیاگوراب,,,,"‏۲,۵۰۰,۰۰۰,۰۰۰ تومان","‏۱۰,۰۰۰,۰۰۰ تومان",,۲۶ مرداد ۱۴۰۵، ۱۴:۵۸,https://divar.ir/v/gaC--8JK
اجاره زمین رایگان دارای شرایط ویژه,رهن کامل,گلستان,۱۰۰۰,۱۴۰۵,بدون اتاق,,,,۲۶ مرداد ۱۴۰۵، ۱۴:۵۴,https://divar.ir/v/gaC-OVPE
رهن سوییت ۵۸ متری مستقل تمیز .گلستان ۴۳,رهن کامل,گلستان,۵۸,۱۳۹۹,۱,,,همکف,۲۶ مرداد ۱۴۰۵، ۱۴:۵۲,https://divar.ir/v/gaC6OzEh
ویلای نقلی,فروش,لیالستان,۷۰,۱۴۰۲,۲,"‏۵,۰۰۰,۰۰۰,۰۰۰ تومان","‏۳۸,۴۶۱,۰۰۰ تومان",,۱۹ مرداد ۱۴۰۵، ۱۰:۱۳,https://divar.ir/v/ga5JH9hg
زمین مسکونی فروشی,فروش,آهندان,,,,"‏۲,۰۰۰,۰۰۰,۰۰۰ تومان","‏۸,۳۳۳,۰۰۰ تومان",,۲۶ مرداد ۱۴۰۵، ۱۴:۴۰,https://divar.ir/v/gaCuOt5t
باغ ویلا 1700متری_سندتک‌برگ_رودخانه اختصاصی_ساحلی,فروش,گلستان,۱۸۵,۱۴۰۰,۳,"‏۲۰,۰۰۰,۰۰۰,۰۰۰ تومان","‏۱۱,۷۶۴,۰۰۰ تومان",,۲۸ خرداد ۱۴۰۵، ۱۹:۱۳,https://divar.ir/v/ga0IBB1H
از خاص‌ترین واحدهای بلوار مطهری_تراس قابل چیدمان,فروش,شیشه گران,۱۸۴,۱۴۰۵,۳,"‏۶۵,۰۰۰,۰۰۰,۰۰۰ تومان","‏۳۵۳,۲۶۰,۰۰۰ تومان",۳ از ۶,۳۰ اردیبهشت ۱۴۰۵، ۱۵:۵۷,https://divar.ir/v/gaLcUKzM
زمین 3000متری پلاک‌ اول جنگل_ایده‌آل ساخت باغ‌ویلا,فروش,آهندان,,,,"‏۱۳,۸۵۰,۰۰۰,۰۰۰ تومان","‏۴,۶۱۶,۰۰۰ تومان",,۳۰ اردیبهشت ۱۴۰۵، ۱۶:۰۶,https://divar.ir/v/gaNoKo57
خانه نقلی مستقل,فروش,طالقانی,۴۸,۱۳۹۰,۱,"‏۶,۲۴۰,۰۰۰,۰۰۰ تومان","‏۱۳۰,۰۰۰,۰۰۰ تومان",۲,۱۲ مرداد ۱۴۰۵، ۱۷:۴۵,https://divar.ir/v/gawJ6YFp
زمین فروشی,فروش,آهندان,,,,"‏۵,۳۰۰,۰۰۰,۰۰۰ تومان","‏۱۰,۰۰۰,۰۰۰ تومان",,۲۶ مرداد ۱۴۰۵، ۱۴:۱۵,https://divar.ir/v/gaCauJOY
فروش یک واحد کامل آپارتمان همراه پارکینگ و مغازه,فروش,بازکیاگوراب,۱۸۷,۱۳۹۱,۴,"‏۱۳,۵۰۰,۰۰۰,۰۰۰ تومان","‏۷۲,۱۹۲,۰۰۰ تومان",۳ از ۳,۲۷ تیر ۱۴۰۵، ۲۰:۵۱,https://divar.ir/v/gabZbHvJ
فروش زمین مسکونی روستایی,فروش,بازکیاگوراب,,,,"‏۱۱,۳۷۰,۰۰۰,۰۰۰ تومان","‏۱۰,۰۰۰,۰۰۰ تومان",,۲۶ مرداد ۱۴۰۵، ۱۳:۳۸,https://divar.ir/v/gaCy912f
فروش زمین شهری۲۳۰ متری  در  خیابان بهشت منظریه,فروش,شهید آوینی,,,,"‏۲۵,۸۰۰,۰۰۰,۰۰۰ تومان","‏۱۱۲,۱۷۳,۰۰۰ تومان",,۲۶ مرداد ۱۴۰۵، ۱۳:۲۳,https://divar.ir/v/gaCqdIsI
زمین مسکونی  دو پلاک زمین ۲۰۳و۲۰۲متری سندتک برگ,فروش,لیالستان,,,,"‏۵,۰۷۵,۰۰۰,۰۰۰ تومان","‏۲۵,۰۰۰,۰۰۰ تومان",,۲۶ مرداد ۱۴۰۵، ۱۲:۲۹,https://divar.ir/v/gaC2cGJZ
1000متر زمین مسکونی در روستای زمیدان,فروش,لیل,,,,"‏۱۵,۰۰۰,۰۰۰,۰۰۰ تومان","‏۱۵,۰۰۰,۰۰۰ تومان",,۲۶ مرداد ۱۴۰۵، ۱۲:۲۵,https://divar.ir/v/gaCyMTH7
زمین300متری سنددار حومه لاهیجان,فروش,بازکیاگوراب,,,,"‏۱,۷۵۰,۰۰۰,۰۰۰ تومان","‏۵,۸۳۳,۰۰۰ تومان",,۲۶ مرداد ۱۴۰۵، ۱۲:۱۵,https://divar.ir/v/gaCqsDzF
فروش زمین مسکونی ذاکله بر,فروش,آهندان,,,,"‏۷,۵۰۰,۰۰۰,۰۰۰ تومان","‏۲۵,۰۰۰,۰۰۰ تومان",,۲۶ مرداد ۱۴۰۵، ۱۲:۰۹,https://divar.ir/v/gaCicrFn
آپارتمان ۷۰ متری طبقه اول با پارکینگ,فروش,شقایق,۷۰,۱۳۹۲,۲,"‏۸,۷۰۰,۰۰۰,۰۰۰ تومان","‏۱۲۴,۲۸۵,۰۰۰ تومان",۱ از ۳,۹ تیر ۱۴۰۵، ۱۰:۴۴,https://divar.ir/v/gaDxmqop
زمین مسکونی-باغی در بیجاربنه پایین,فروش,لیالستان,,,,"‏۳۴,۰۰۰,۰۰۰,۰۰۰ تومان","‏۱۰,۰۰۰,۰۰۰ تومان",,۲۶ مرداد ۱۴۰۵، ۱۱:۵۷,https://divar.ir/v/gaCW8bS_
شالیزار بیجار برنج,فروش,انقلاب,,,بدون اتاق,"‏۴۳۰,۰۰۰,۰۰۰ تومان","‏۴۴۳,۰۰۰ تومان",,۲۶ مرداد ۱۴۰۵، ۱۱:۵۶,https://divar.ir/v/gaCWsvFN
زمین ۲۱۰متر مسکونی کتشال,فروش,لیل,,,,"‏۷,۴۰۰,۰۰۰,۰۰۰ تومان","‏۳۵,۲۳۸,۰۰۰ تومان",,۲۶ مرداد ۱۴۰۵، ۱۱:۵۴,https://divar.ir/v/gaCWMCdV
229مترمتصل به خانه ویلایی(برجاده8متری),فروش,لفمجان,,,,"‏۵۶۰,۰۰۰,۰۰۰ تومان","‏۲,۴۴۵,۰۰۰ تومان",,۱۴ مرداد ۱۴۰۵، ۱۳:۱۷,https://divar.ir/v/gayJ1W0c
فروش واحد ۱۸۴متری خرمشهر,فروش,شقایق,۱۸۴,۱۴۰۲,۳,"‏۲۷,۶۰۰,۰۰۰,۰۰۰ تومان","‏۱۵۰,۰۰۰,۰۰۰ تومان",۴ از ۵,۲۶ مرداد ۱۴۰۵، ۱۱:۴۱,https://divar.ir/v/gaCKcBys
اجاره مغازه در بر اصلی خ .منظریه ( فقط تا یک هفته),رهن و اجاره,شهید آوینی,۲۴,۱۴۰۰,بدون اتاق,,,,۱۴ مرداد ۱۴۰۵، ۲۲:۳۲,https://divar.ir/v/gazhIuBf
اجاره ویلا دوبلکس مبله,رهن و اجاره,طالقانی,۲۰۰,۱۴۰۲,۲,,,,۱۸ مرداد ۱۴۰۵، ۱۴:۱۷,https://divar.ir/v/ga4pFT0p
۶۵ متری _۲خوابه_خرمشهر یکم,رهن و اجاره,شهید آوینی,۶۵,۱۳۹۶,۲,,,۲ از ۳,۲۶ مرداد ۱۴۰۵، ۱۱:۱۱,https://divar.ir/v/gaCqL6wg
فروش زمین ۲۷۵متر با پروانه سندتک برگ,فروش,قیام,,,,"‏۷,۷۰۰,۰۰۰,۰۰۰ تومان","‏۲۸,۰۰۰,۰۰۰ تومان",,۲۶ مرداد ۱۴۰۵، ۱۱:۱۰,https://divar.ir/v/gaCqrxO_
فروش مغازه ۴۳ متری بر اصلی حزین_ سرقفلی و مالکیت,فروش,حزین,۴۳,۱۴۰۰,۱,"‏۱۲,۰۰۰,۰۰۰,۰۰۰ تومان","‏۲۷۹,۰۶۹,۰۰۰ تومان",,۲۴ مرداد ۱۴۰۵، ۱۱:۵۵,https://divar.ir/v/gaAKShgA
ویلایی ۳۰۰ متری,فروش,گلستان,۹۰,قبل از ۱۳۷۰,۲,"‏۱۲,۰۰۰,۰۰۰,۰۰۰ تومان","‏۴۰,۰۰۰,۰۰۰ تومان",,۲۶ مرداد ۱۴۰۵، ۱۱:۰۳,https://divar.ir/v/gaCmbK28
پیش‌فروش آپارتمان ۱۴۰ متری_دو قدمی استخر,فروش,گلستان,,,,,,,۲۶ مرداد ۱۴۰۵، ۱۰:۵۳,https://divar.ir/v/gaCa7rfY
فروش زمین مسکونی زمیدان,فروش,لیل,,,,"‏۸,۹۰۰,۰۰۰,۰۰۰ تومان","‏۲۶,۹۶۹,۰۰۰ تومان",,۲۱ مرداد ۱۴۰۵، ۱۵:۵۹,https://divar.ir/v/ga8Z2s5i
فروش تک واحدی  ۱۵۰ متری در کارگر فرد (رجایی),فروش,رجایی,۱۵۰,۱۳۹۷,۳,"‏۲۴,۹۰۰,۰۰۰,۰۰۰ تومان","‏۱۶۶,۰۰۰,۰۰۰ تومان",۱ از ۵,۱۸ مرداد ۱۴۰۵، ۲۰:۴۳,https://divar.ir/v/ga4VbGvp
230متر زمین,فروش,لیل,,,,"‏۷,۰۰۰,۰۰۰,۰۰۰ تومان","‏۳۰,۴۳۴,۰۰۰ تومان",,۲۶ مرداد ۱۴۰۵، ۱۰:۰۸,https://divar.ir/v/gaCy6JjW
ویلا دوبلکس صدو بیست متری,فروش,بازکیاگوراب,۱۲۰,۱۴۰۳,۲,"‏۸,۰۰۰,۰۰۰,۰۰۰ تومان","‏۵۱,۲۸۲,۰۰۰ تومان",,۳۱ فروردین ۱۴۰۵، ۰۵:۴۰,https://divar.ir/v/QalfoGIN
زمین مسکونی بانسق معتبر,فروش,لیالستان,,,,"‏۲,۸۰۰,۰۰۰,۰۰۰ تومان","‏۱۴,۰۰۰,۰۰۰ تومان",,۱ اردیبهشت ۱۴۰۵، ۰۹:۱۷,https://divar.ir/v/Qan_gbLq
خانه هاای رویایی,فروش,لیل,۷۰,۱۴۰۴,۲,"‏۸,۰۰۰,۰۰۰,۰۰۰ تومان","‏۱۶,۰۰۰,۰۰۰ تومان",,۱۱ مرداد ۱۴۰۵، ۲۱:۲۲,https://divar.ir/v/gavNojXh
اجاره مغازه,رهن و اجاره,لیالستان,۳۰,۱۳۷۱,بدون اتاق,,,,۲۶ مرداد ۱۴۰۵، ۰۹:۱۶,https://divar.ir/v/gaCCKDRy
زمین,فروش,لیل,,,,"‏۶,۰۵۰,۰۰۰,۰۰۰ تومان","‏۱۱,۰۰۰,۰۰۰ تومان",,۲۵ مرداد ۱۴۰۵، ۱۵:۴۴,https://divar.ir/v/gaBiKzCH
لاهیجان پیش فروش آپارتمان 70 متری شقایق,فروش,شقایق,۷۰,۱۴۰۵,۲,"‏۱۱,۹۰۰,۰۰۰,۰۰۰ تومان","‏۱۷۰,۰۰۰,۰۰۰ تومان",۲ از ۵,۲۶ مرداد ۱۴۰۵، ۰۸:۴۷,https://divar.ir/v/gaCmJM0c
لاهیجان- فروش ملک تجاری 160متری بر بلوار امام رضا,فروش,رجایی,,,,"‏۱۱۴,۰۰۰,۰۰۰,۰۰۰ تومان","‏۷۱۲,۵۰۰,۰۰۰ تومان",,۲۶ مرداد ۱۴۰۵، ۰۸:۳۹,https://divar.ir/v/gaCeZOS2
فروش ویلا در لاهیجان کتشال بالا,فروش,لیل,۱۵۳,۱۴۰۴,۲,"‏۱,۰۰۰,۰۰۰,۰۰۰ تومان","‏۴,۷۶۱,۰۰۰ تومان",,۲۶ تیر ۱۴۰۵، ۱۴:۳۷,https://divar.ir/v/gaaxwVcI
سوییت یک خوابه تمیز,فروش,یوسف آباد,۴۰,۱۳۸۹,۱,"‏۳,۸۵۰,۰۰۰,۰۰۰ تومان","‏۹۶,۲۵۰,۰۰۰ تومان",همکف از ۲,۲۶ مرداد ۱۴۰۵، ۰۸:۰۲,https://divar.ir/v/gaC6IwB9
فروش یا معاوضه زمین ۹۳۰ متری,فروش,لیالستان,,,,"‏۲۴,۰۰۰,۰۰۰,۰۰۰ تومان","‏۲۵,۸۰۶,۰۰۰ تومان",,۲۶ مرداد ۱۴۰۵، ۰۷:۳۸,https://divar.ir/v/gaCiYsGk
پیش فروش یک واحد آپارتمان لوکیشن قوی,فروش,گلستان,۱۰۰,۱۴۰۵,۲,"‏۱۲,۰۰۰,۰۰۰,۰۰۰ تومان","‏۱۲۰,۰۰۰,۰۰۰ تومان",۳,۲۶ مرداد ۱۴۰۵، ۰۲:۳۲,https://divar.ir/v/gaCGUkmm
ویلایی سردارجنگل۱۱۳متر,فروش,یحی آباد,۸۵,۱۳۸۵,۲,"‏۱۳,۱۵۰,۰۰۰,۰۰۰ تومان","‏۱۱۶,۳۷۱,۰۰۰ تومان",,۲۶ مرداد ۱۴۰۵، ۰۰:۴۷,https://divar.ir/v/gaCiymDY
سوییت در دل روستا بسیار دنج ارام,رهن و اجاره,لیالستان,۴۰,۱۳۷۶,بدون اتاق,,,,۲۶ مرداد ۱۴۰۵، ۰۰:۴۶,https://divar.ir/v/gaCKRRse
اجاره مغازه ۲۰ متری سه راه خزر,رهن و اجاره,کوی خزر,۲۰,۱۴۰۴,بدون اتاق,,,,۲۷ تیر ۱۴۰۵، ۱۷:۳۲,https://divar.ir/v/gabdYUbn
زمین همراه خانه کلنگی,فروش,خمیر کلایه,,,,"‏۱۲,۰۰۰,۰۰۰,۰۰۰ تومان","‏۸۸,۸۸۸,۰۰۰ تومان",,۲۶ مرداد ۱۴۰۵، ۰۰:۳۸,https://divar.ir/v/gaCai1ak
اجاره آپارتمان,رهن و اجاره,یوسف آباد,۸۰,۱۳۹۹,۲,,,۳,۲۶ مرداد ۱۴۰۵، ۰۰:۲۴,https://divar.ir/v/gaCOCk5l
فروش فوری ویلای شهری ۲۰۰متری مربع,فروش,گلستان,۹۰,۱۳۹۸,۱,"‏۷,۹۰۰,۰۰۰,۰۰۰ تومان","‏۳۹,۵۰۰,۰۰۰ تومان",,۲۶ مرداد ۱۴۰۵، ۰۰:۱۰,https://divar.ir/v/ga699Qh7
650 متر زمین مسکونی به همراه خانه,فروش,بازکیاگوراب,,,,"‏۶,۰۰۰,۰۰۰,۰۰۰ تومان","‏۹,۲۳۰,۰۰۰ تومان",,۲۵ مرداد ۱۴۰۵، ۲۳:۲۷,https://divar.ir/v/gaCaBG46
زمین۲۸۵ متری تمام مسکونی با بر ۱۵متر,فروش,لیل,,,,"‏۵,۴۱۵,۰۰۰,۰۰۰ تومان","‏۱۹,۰۰۰,۰۰۰ تومان",,۲۵ مرداد ۱۴۰۵، ۲۲:۴۱,https://divar.ir/v/gaCuQFMA
مغازه بر اصلی مهرگان ۱۱,فروش,مهرگان,۲۶,۱۳۹۷,بدون اتاق,"‏۸,۱۰۰,۰۰۰,۰۰۰ تومان","‏۳۱۱,۵۳۸,۰۰۰ تومان",,۲۵ مرداد ۱۴۰۵، ۲۲:۳۸,https://divar.ir/v/gaCawslo
زمین شهرلاهیجان,فروش,بوجایه,,,,"‏۱۲,۸۰۰,۰۰۰,۰۰۰ تومان","‏۲۸,۸۹۳,۰۰۰ تومان",,۲۵ مرداد ۱۴۰۵، ۲۲:۲۵,https://divar.ir/v/gaBu4XZs
ویلا دوبلکس لوکس,فروش,امیرشهید,۱۰۰,۱۴۰۴,۲,"‏۱۲,۰۰۰,۰۰۰,۰۰۰ تومان","‏۴۰,۰۰۰,۰۰۰ تومان",,۲۵ مرداد ۱۴۰۵، ۲۲:۱۷,https://divar.ir/v/gaCWQc9m
آپارتمان ۷۴ متری گلستان,فروش,امیرشهید,۷۴,۱۳۹۴,۲,"‏۵,۹۰۰,۰۰۰,۰۰۰ تومان","‏۷۹,۷۲۹,۰۰۰ تومان",۲ از ۳,۲۵ مرداد ۱۴۰۵، ۲۲:۰۰,https://divar.ir/v/gaCGAc5W
واحد تجاری مناسب کافه و دفترخانه براصلی جیرسر,رهن کامل,امیرشهید,۱۵۲,۱۳۸۵,۴,,,۱,۲۵ مرداد ۱۴۰۵، ۲۱:۵۶,https://divar.ir/v/gaByPtIY
فروش زمین ۴۱۲ متر ، با کاربری مسکونی,فروش,بازکیاگوراب,,,,"‏۴,۵۰۰,۰۰۰,۰۰۰ تومان","‏۱۰,۹۲۲,۰۰۰ تومان",,۲۵ مرداد ۱۴۰۵، ۲۱:۴۲,https://divar.ir/v/gaB2vjl5
اجاره واحد مستقل ۱۴۰ متری نوساز,رهن و اجاره,جمهوری,۱۴۰,۱۴۰۵,۲,,,۱,۲۵ مرداد ۱۴۰۵، ۲۱:۲۸,https://divar.ir/v/gaBmvLaP
واگذاری رستوران فعال با درامد و سابقه قوی,رهن و اجاره,بازکیاگوراب,۳۰۰,۱۴۰۰,۲,,,,۲۵ مرداد ۱۴۰۵، ۲۱:۲۸,https://divar.ir/v/gaBqfIuM
زمین روستایی واقع در کابیجار,فروش,لیل,,,,"‏۹,۲۲۵,۰۰۰,۰۰۰ تومان","‏۱۵,۰۰۰,۰۰۰ تومان",,۲۵ مرداد ۱۴۰۵، ۲۱:۱۱,https://divar.ir/v/gaBW_89P
زمین بر اتوبان اصلی لاهیجان به رشت,فروش,حاجی آباد,,,,"‏۳۹,۰۰۰,۰۰۰,۰۰۰ تومان","‏۱۳,۰۰۰,۰۰۰ تومان",,۲۵ مرداد ۱۴۰۵، ۲۰:۴۲,https://divar.ir/v/gaB--RG2
150متر مسکونی باغی بازکیگوراب قطعه دوم جاده اصلی,فروش,بازکیاگوراب,,,,"‏۱,۵۰۰,۰۰۰,۰۰۰ تومان","‏۱۰,۰۰۰,۰۰۰ تومان",,۲۵ مرداد ۱۴۰۵، ۲۰:۴۰,https://divar.ir/v/gaB6u7oa
زمین مسکونی سند دار ۳۸۱ متر,فروش,لفمجان,,,,"‏۵,۱۴۵,۰۰۰,۰۰۰ تومان","‏۱۳,۵۰۳,۰۰۰ تومان",,۲۵ مرداد ۱۴۰۵، ۲۰:۳۸,https://divar.ir/v/gaB6uNWy
فروش زمینی به مساحت ۲۹۵ متر در نوشهر,فروش,آهندان,,,,"‏۲۳,۰۰۰,۰۰۰,۰۰۰ تومان","‏۷۷,۹۶۶,۰۰۰ تومان",,۲۵ مرداد ۱۴۰۵، ۲۰:۳۱,https://divar.ir/v/gaAKLQCq
رهن واحد 105 متری,رهن کامل,کوه بیجار,۱۰۵,۱۴۰۵,۲,,,۳ از ۴,۲۵ مرداد ۱۴۰۵، ۲۰:۲۳,https://divar.ir/v/gaBq-6q6
زمین سند دار شهری,فروش,حاجی آباد,,,,"‏۹,۸۰۰,۰۰۰,۰۰۰ تومان","‏۶۰,۴۹۳,۰۰۰ تومان",,۲۵ مرداد ۱۴۰۵، ۲۰:۱۷,https://divar.ir/v/gaBiecA3
زمین شهری(پروانه ساخت و سند دار),فروش,بوجایه,,,,"‏۵,۱۳۰,۰۰۰,۰۰۰ تومان","‏۴۵,۰۰۰,۰۰۰ تومان",,۱۴ تیر ۱۴۰۵، ۱۳:۰۰,https://divar.ir/v/gaKNy43d
سوییت ۶۰متری مستقل خیابان سردارجنگل,فروش,یحی آباد,۶۰,۱۴۰۲,۱,"‏۷,۱۰۰,۰۰۰,۰۰۰ تومان","‏۱۱۸,۳۳۳,۰۰۰ تومان",همکف از ۳,۲۵ مرداد ۱۴۰۵، ۱۹:۴۰,https://divar.ir/v/gaBCe6mY
بهترین زمین شهر,فروش,کوه بیجار,,,,"‏۲۰,۰۰۰,۰۰۰,۰۰۰ تومان","‏۱۰۰,۰۰۰,۰۰۰ تومان",,۲۵ مرداد ۱۴۰۵، ۱۹:۵۹,https://divar.ir/v/gaBWOaiO
۱۳۰ متر ملک دوخوابه مستقل بیجاربنه پایین,رهن و اجاره,لیالستان,۱۳۰,۱۳۹۵,۲,,,,۲۵ مرداد ۱۴۰۵، ۱۹:۵۴,https://divar.ir/v/gaBOe97b
زمین با کاربری باغی درخیابان اصلی چسبیده به مسکونی,فروش,لیل,,,,"‏۲۲,۰۰۰,۰۰۰,۰۰۰ تومان","‏۱۰,۰۰۰,۰۰۰ تومان",,۲۱ تیر ۱۴۰۵، ۲۲:۳۲,https://divar.ir/v/gaTRugLM
ملک ویلایی  فروش,فروش,رجایی,۳۲۰,قبل از ۱۳۷۰,+۴,"‏۲۱۲,۰۰۰,۰۰۰,۰۰۰ تومان","‏۵۸۰,۸۲۱,۰۰۰ تومان",,۲۵ مرداد ۱۴۰۵، ۱۹:۳۶,https://divar.ir/v/gaB-tt60
فروش آپارتمان ۱۰۰ متری.گلستان ۷ فول بازسازی شده,فروش,گلستان,۱۰۰,۱۳۹۱,۲,"‏۱۳,۲۰۰,۰۰۰,۰۰۰ تومان","‏۱۳۲,۰۰۰,۰۰۰ تومان",۳ از ۴,۲۵ مرداد ۱۴۰۵، ۱۹:۲۴,https://divar.ir/v/gaB2tJfM
زمین,فروش,بازکیاگوراب,,,,"‏۱۰,۰۰۰,۰۰۰,۰۰۰ تومان","‏۱,۰۰۰,۰۰۰ تومان",,۲۵ مرداد ۱۴۰۵، ۱۹:۱۴,https://divar.ir/v/gaBqNAI1
فروش آپارتمان خوش نما و خوش نقشه,فروش,فیاض,۱۴۰,۱۴۰۵,۳,"‏۱۸,۹۰۰,۰۰۰,۰۰۰ تومان","‏۱۳۵,۰۰۰,۰۰۰ تومان",۱ از ۵,۲۵ مرداد ۱۴۰۵، ۱۹:۱۱,https://divar.ir/v/gaBqdC6H
زمین با کاربری مسکونی در ده دقیقه ای لاهیجان,فروش,بازکیاگوراب,,,,"‏۲,۸۰۰,۰۰۰,۰۰۰ تومان","‏۸,۴۸۴,۰۰۰ تومان",,۲۵ مرداد ۱۴۰۵، ۱۹:۰۴,https://divar.ir/v/gaBidbNV
اپارتمان فروشی خیابان جمهوری,فروش,جمهوری,۹۰,۱۳۹۷,۲,"‏۹,۰۰۰,۰۰۰,۰۰۰ تومان","‏۱۰۰,۰۰۰,۰۰۰ تومان",۱ از ۳,۲۵ مرداد ۱۴۰۵، ۱۹:۰۲,https://divar.ir/v/gaBi9BW0
فروش زمین ۲۷۰ متر بیجاربنه,فروش,لیالستان,,,,"‏۴,۰۰۰,۰۰۰,۰۰۰ تومان","‏۱۴,۸۱۴,۰۰۰ تومان",,۱۸ مرداد ۱۴۰۵، ۲۰:۰۳,https://divar.ir/v/ga4p67Cw
رهن کوهبنه ۹۰ متری,رهن کامل,آهندان,۹۰,۱۴۰۰,۲,,,۱ از ۲,۲۵ مرداد ۱۴۰۵، ۱۸:۴۹,https://divar.ir/v/gaBS99um
یک قطعه زمین در استان گیلان شهرستان لاهیجان,فروش,آهندان,۲,۱۴۰۵,بدون اتاق,"‏۹,۰۰۰,۰۰۰,۰۰۰ تومان","‏۱۵,۰۰۰,۰۰۰ تومان",,۲۵ مرداد ۱۴۰۵، ۱۸:۴۱,https://divar.ir/v/gaBGdLNA
طبقه سوم _ فول امکانات _ نزدیک به استخر,فروش,گلستان,۹۲,۱۳۹۶,۲,"‏۱۰,۶۰۰,۰۰۰,۰۰۰ تومان","‏۱۱۵,۲۱۷,۰۰۰ تومان",۳ از ۴,۱۵ مرداد ۱۴۰۵، ۱۷:۴۴,https://divar.ir/v/ga0Z5pE6
واحد ۳ سال ساخت در سردارجنگل,فروش,گلستان,۱۱۶,۱۴۰۲,۳,"‏۱۲,۷۰۰,۰۰۰,۰۰۰ تومان","‏۱۰۹,۴۸۲,۰۰۰ تومان",۳ از ۳,۲۵ مرداد ۱۴۰۵، ۱۷:۵۱,https://divar.ir/v/gaBeMIgO
واحد پیش فروش شقایق 16,فروش,کوی استادان,,,,,,,۸ مرداد ۱۴۰۵، ۱۲:۴۱,https://divar.ir/v/garRh8TS
ویلا,فروش,یوسف آباد,۷۵,۱۴۰۵,۲,"‏۵,۹۰۰,۰۰۰,۰۰۰ تومان","‏۶۰,۲۰۴,۰۰۰ تومان",,۲۵ مرداد ۱۴۰۵، ۱۷:۲۸,https://divar.ir/v/gaB-rGMu
دوواحد شخصی ساز,فروش,شیشه گران,۱۵۶,۱۳۹۹,۳,"‏۶,۸۰۰,۰۰۰,۰۰۰ تومان","‏۶۱,۸۱۸,۰۰۰ تومان",,۲۵ مرداد ۱۴۰۵، ۱۵:۵۶,https://divar.ir/v/gaByaW5a
رهن ۱۳۵ متری_ شیخ زاهد_ زیر قیمت منطقه,رهن کامل,شیخ زاهد,۱۳۵,۱۴۰۴,۲,,,۱ از ۵,۲۵ مرداد ۱۴۰۵، ۱۵:۵۶,https://divar.ir/v/gaByqIXu
اجاره سالانه و ماهانه سوئیت زیبا، دانشگاه آزاد,رهن و اجاره,کوی استادان,۷۵,۱۳۸۴,۲,,,,۲۵ مرداد ۱۴۰۵، ۱۵:۵۴,https://divar.ir/v/gaBuq7mY
رهن ۹۰ متری_ کلید نخورده_ تک واحدی,رهن کامل,گلستان,۹۰,۱۴۰۵,۲,,,۳ از ۳,۲۵ مرداد ۱۴۰۵، ۱۵:۴۴,https://divar.ir/v/gaBmabyp
فروش ویلایی۱۸۰مترزمین بنا۷۰متر ۲ خواب جاده کیاشهر,فروش,طالقانی,۷۰,۱۳۹۰,۲,"‏۲,۶۰۰,۰۰۰,۰۰۰ تومان","‏۱۴,۴۴۴,۰۰۰ تومان",,۲۵ مرداد ۱۴۰۵، ۱۵:۲۸,https://divar.ir/v/ga9VGWhM
۱۰۰۰ متر زمین باغی متری ۵۰۰۰ میلیون,فروش,لیل,,,,"‏۵,۰۰۰,۰۰۰,۰۰۰ تومان","‏۵,۰۰۰,۰۰۰ تومان",,۲۵ مرداد ۱۴۰۵، ۱۵:۲۷,https://divar.ir/v/gaBKJmZ8
رهن ۹۰ متری _ حزین_ تک واحدی_ زیر قیمت,رهن کامل,حزین,۹۰,۱۴۰۲,۲,,,۳ از ۴,۲۵ مرداد ۱۴۰۵، ۱۵:۲۳,https://divar.ir/v/gaBSamLO
اجاره واحدنوساز۷۵م۲خاب شیک فول امکانات پارکینگدار,رهن و اجاره,گلستان,۷۵,۱۳۹۹,۲,,,۲,۲۵ مرداد ۱۴۰۵، ۱۵:۱۵,https://divar.ir/v/gaBKqneX
زمین مسکونی,فروش,لیل,,,,"‏۳,۸۰۰,۰۰۰,۰۰۰ تومان","‏۱۸,۴۴۶,۰۰۰ تومان",,۲۵ مرداد ۱۴۰۵، ۱۵:۱۳,https://divar.ir/v/gaBKKK1G
۶۵متر_طبقه اول_پارکینگ بدون مزاحم_بلواردیلمان وحدت,رهن و اجاره,بوجایه,۶۵,۱۳۹۴,۲,,,۱ از ۲,۲۵ مرداد ۱۴۰۵، ۱۴:۴۳,https://divar.ir/v/gaBuZEB2
پیش فروش آپارتمان ۱۶۵متری نیما۳خوابه,فروش,شیشه گران,۱۶۵,۱۴۰۵,۳,"‏۳۱,۰۰۰,۰۰۰,۰۰۰ تومان","‏۱۸۷,۸۷۸,۰۰۰ تومان",۱ از ۵,۲۵ مرداد ۱۴۰۵، ۱۴:۲۱,https://divar.ir/v/gaBaJHof
زمین بیجاربنه پایین لاهیجان _ 258 متری,فروش,لیالستان,,,,"‏۲,۰۶۴,۰۰۰,۰۰۰ تومان","‏۸,۰۰۰,۰۰۰ تومان",,۷ مرداد ۱۴۰۵، ۱۷:۱۹,https://divar.ir/v/gaqRQ4XH
زمین شالیزار لاهیجان ۱۰۰۰متر,فروش,بازکیاگوراب,,,,"‏۷۰۰,۰۰۰,۰۰۰ تومان","‏۷۰۰,۰۰۰ تومان",,۲۵ مرداد ۱۴۰۵، ۱۳:۵۳,https://divar.ir/v/gaB-Ipu_
۳۵۰ متر زمین تمام مسکونی کتشال,فروش,لیل,,,,"‏۱۳,۰۰۰,۰۰۰,۰۰۰ تومان","‏۳۷,۱۴۲,۰۰۰ تومان",,۲۵ مرداد ۱۴۰۵، ۱۳:۴۹,https://divar.ir/v/gaB6YbUd
مغازه ۲۱متری دارای آب برق، روشویی، لوله کشی گازشده,فروش,یوسف آباد,۲۱,۱۴۰۱,بدون اتاق,"‏۳,۲۵۵,۰۰۰,۰۰۰ تومان","‏۱۵۵,۰۰۰,۰۰۰ تومان",,۲۵ مرداد ۱۴۰۵، ۱۳:۴۵,https://divar.ir/v/gaB2onpB
۸۲ متری ۴۵ متری دانشگاه( فرصت طلایی خرید ),فروش,کوی استادان,۸۲,۱۴۰۵,۲,"‏۹,۳۰۰,۰۰۰,۰۰۰ تومان","‏۱۱۳,۴۱۴,۰۰۰ تومان",۳ از ۴,۲۵ مرداد ۱۴۰۵، ۱۳:۳۵,https://divar.ir/v/gaBm4WeB
فروش آپارتمان ۱۱۵متر با ویو ابدی,فروش,رجایی,۱۱۵,۱۴۰۵,۲,"‏۱۸,۹۰۰,۰۰۰,۰۰۰ تومان","‏۱۶۴,۳۴۷,۰۰۰ تومان",۲ از ۵,۲۵ مرداد ۱۴۰۵، ۱۳:۲۳,https://divar.ir/v/gaB6XAhq
رهن واجاره اپارتمان,رهن و اجاره,کوی زمانی,۸۰,۱۳۹۰,۲,,,۱ از ۳,۲۵ مرداد ۱۴۰۵، ۱۳:۲۲,https://divar.ir/v/gaBOoCGn
فروش دو مغازه ۵۳ و ۲۷ متری بصورت جداگانه,فروش,لیالستان,۸۰,قبل از ۱۳۷۰,۲,"‏۱۴,۴۰۰,۰۰۰,۰۰۰ تومان","‏۱۸۰,۰۰۰,۰۰۰ تومان",,۲۵ مرداد ۱۴۰۵، ۱۳:۱۹,https://divar.ir/v/gaByE4rC
واحد خوش نقشه در آزادگان,فروش,کوی خزر,۸۶,۱۳۹۴,۲,"‏۹,۱۵۰,۰۰۰,۰۰۰ تومان","‏۱۰۶,۳۹۵,۰۰۰ تومان",۲,۲۵ مرداد ۱۴۰۵، ۱۳:۰۲,https://divar.ir/v/gaBanJMl
ویلا دوبلکس در بهترین منطقه با ویو ابدی و زیبا,فروش,لفمجان,۲۰۰,۱۴۰۱,۴,"‏۲۷,۰۰۰,۰۰۰,۰۰۰ تومان","‏۴۴,۲۶۲,۰۰۰ تومان",,۲۵ مرداد ۱۴۰۵، ۱۳:۰۱,https://divar.ir/v/gaBSXxx9
سویت ۶۵م گلستان نوسازمستقل پارکینگ دارفول امکانات,رهن و اجاره,گلستان,۶۵,۱۴۰۴,۱,,,همکف,۱۹ مرداد ۱۴۰۵، ۱۴:۲۶,https://divar.ir/v/ga5xaDjw
زمین مسکونی,فروش,لیالستان,,,,"‏۱۳,۳۴۰,۰۰۰,۰۰۰ تومان","‏۲۳,۰۰۰,۰۰۰ تومان",,۲۵ مرداد ۱۴۰۵، ۱۲:۴۳,https://divar.ir/v/gaB22fRf
فروش زمین روستایی 525متری ویو دار,فروش,لیل,,,,"‏۱۵,۷۵۰,۰۰۰,۰۰۰ تومان","‏۳۰,۰۰۰,۰۰۰ تومان",,۱۵ مرداد ۱۴۰۵، ۰۹:۳۰,https://divar.ir/v/ga0JS4jh
پیش فروش واحدهای100متری فیاض,فروش,فیاض,,,,,,,۱ خرداد ۱۴۰۵، ۰۹:۴۳,https://divar.ir/v/gaPMPuU0
۲۰۷متر زمین مسکونی بیجاربنه پائین,فروش,لیالستان,,,,"‏۴,۳۴۷,۰۰۰,۰۰۰ تومان","‏۲۱,۰۰۰,۰۰۰ تومان",,۲۵ مرداد ۱۴۰۵، ۱۲:۲۳,https://divar.ir/v/gaBantjH
زمین داخل طرح چسبیده به مسکونی,فروش,لیل,,,,"‏۸,۸۰۰,۰۰۰,۰۰۰ تومان","‏۵,۵۰۰,۰۰۰ تومان",,۲۵ مرداد ۱۴۰۵، ۱۲:۱۲,https://divar.ir/v/gaByWHg9
3100 متر زمین کلا مسکونی_کوهپایه ای,فروش,آهندان,,,,"‏۵۵,۸۰۰,۰۰۰,۰۰۰ تومان","‏۱۸,۰۰۰,۰۰۰ تومان",,۲۷ تیر ۱۴۰۵، ۱۷:۰۲,https://divar.ir/v/gabBoYcB
مغازه ۱۵ متری دو بر، پاساژ ارژنگ، مرکز شهر لاهیجان,فروش,انقلاب,۱۵,۱۳۹۶,بدون اتاق,"‏۲,۵۵۰,۰۰۰,۰۰۰ تومان","‏۱۷۰,۰۰۰,۰۰۰ تومان",,۲۵ مرداد ۱۴۰۵، ۱۱:۳۳,https://divar.ir/v/gaBy2Okv
خاص‌پسندان ببینند، ویودار تراس بزرگ و آرامش بینظیر,فروش,کوی استادان,۱۵۵,۱۴۰۵,۳,"‏۲۰,۱۵۰,۰۰۰,۰۰۰ تومان","‏۱۳۰,۰۰۰,۰۰۰ تومان",۴ از ۴,۲۵ مرداد ۱۴۰۵، ۱۱:۱۵,https://divar.ir/v/gaBqWYI3
اجاره مغازه بر اصلی کمربندی با امکانات کامل,رهن کامل,گلستان,۱۹,۱۳۹۳,بدون اتاق,,,,۲۵ مرداد ۱۴۰۵، ۱۱:۰۲,https://divar.ir/v/gaBa2Hl4
آپارتمان ۵۸ متری,فروش,کوی زمانی,۵۸,۱۳۹۰,۱,"‏۵,۰۰۰,۰۰۰,۰۰۰ تومان","‏۸۶,۲۰۶,۰۰۰ تومان",۱ از ۳,۲۵ مرداد ۱۴۰۵، ۱۰:۵۸,https://divar.ir/v/gaBa2dkS
زمین به همراه کاربری مسکونی در روستای مازی کله,فروش,آهندان,,,,"‏۱۶,۰۰۰,۰۰۰,۰۰۰ تومان","‏۱۳,۹۱۳,۰۰۰ تومان",,۲۶ خرداد ۱۴۰۵، ۱۶:۰۶,https://divar.ir/v/gaxMkPEn
اجار و رهن مغازه  بالکن دار  در تربیت معلم,رهن و اجاره,مهرگان,۲۸,۱۳۹۳,بدون اتاق,,,,۲۵ مرداد ۱۴۰۵، ۱۰:۲۱,https://divar.ir/v/gaAG444I
سوییت در بوجاییه ومغازه درتربیت معلم.فروش و تهاتر,فروش,مهرگان,۵۸,۱۳۹۶,۱,"‏۴,۰۰۰,۰۰۰,۰۰۰ تومان","‏۶۸,۹۶۵,۰۰۰ تومان",همکف,۲۵ مرداد ۱۴۰۵، ۱۰:۰۴,https://divar.ir/v/gaBmVHTj
فروش خانه ویلایی,فروش,حاجی آباد,۹۰,۱۳۷۳,۲,"‏۱۰,۶۰۰,۰۰۰,۰۰۰ تومان","‏۵۰,۹۶۱,۰۰۰ تومان",,۲۵ مرداد ۱۴۰۵، ۱۰:۰۰,https://divar.ir/v/gaBiFgxA
زمین مسکونی دوبر,فروش,لیالستان,,,,"‏۴,۷۰۰,۰۰۰,۰۰۰ تومان","‏۱۶,۲۶۲,۰۰۰ تومان",,۲۵ مرداد ۱۴۰۵، ۰۹:۵۲,https://divar.ir/v/gaBe1LBS
رهن واجاره  105 متری ،فول، مستقل در خ خرمشهر,رهن و اجاره,شقایق,۱۰۵,۱۳۹۸,۲,,,۲,۲۰ مرداد ۱۴۰۵، ۱۴:۳۷,https://divar.ir/v/ga7FgiU5
لاهیجان جایی که سرمایه تان باعطرچای رشدمیکند,فروش,قیام,۱۳۰,۱۴۰۰,۲,"‏۷,۹۵۰,۰۰۰,۰۰۰ تومان","‏۴۵,۹۵۳,۰۰۰ تومان",,۲۹ اسفند ۱۴۰۴، ۱۲:۴۲,https://divar.ir/v/Qa8mRe20
فروش سوییت شیک و تمیز,فروش,لیالستان,۵۷,۱۳۹۷,۱,"‏۴,۲۰۰,۰۰۰,۰۰۰ تومان","‏۷۳,۶۸۴,۰۰۰ تومان",همکف,۲۵ مرداد ۱۴۰۵، ۰۹:۲۴,https://divar.ir/v/gaBCFftz
ویلا در  لاهیجان مرادهنده  ویو ابدی,فروش,لیل,۱۰۷,۱۴۰۳,۲,"‏۲۰,۰۰۰,۰۰۰,۰۰۰ تومان","‏۳۶,۶۹۷,۰۰۰ تومان",,۳۰ تیر ۱۴۰۵، ۱۵:۰۵,https://divar.ir/v/gafhFw0-
آپارتمان خوش نقشه فوری,فروش,شهرک جانبازان,۹۰,۱۴۰۵,۲,"‏۱۱,۷۰۰,۰۰۰,۰۰۰ تومان","‏۱۳۰,۰۰۰,۰۰۰ تومان",۱ از ۴,۲۵ مرداد ۱۴۰۵، ۰۷:۳۵,https://divar.ir/v/gaBaT0eo
ملک *واحد و سوییت هردو مستقل *فروش *معاوضه,فروش,مهرگان,۱۱۵,۱۳۹۰,۲,"‏۲۲,۵۰۰,۰۰۰,۰۰۰ تومان","‏۱۹۵,۶۵۲,۰۰۰ تومان",۱ از ۲,۲۵ مرداد ۱۴۰۵، ۰۱:۰۳,https://divar.ir/v/gaAq96Cq
فروش زمین مسکونی,فروش,لیل,,,,"‏۴,۵۰۰,۰۰۰,۰۰۰ تومان","‏۱۵,۰۰۰,۰۰۰ تومان",,۲۵ مرداد ۱۴۰۵، ۰۰:۵۷,https://divar.ir/v/gaAmtyoT
فروش زمین به متراژ هفت هزار متر در لاهیجان,فروش,بازکیاگوراب,,,,"‏۴۵,۵۰۰,۰۰۰,۰۰۰ تومان","‏۶,۵۰۰,۰۰۰ تومان",,۲۵ مرداد ۱۴۰۵، ۰۰:۳۰,https://divar.ir/v/gaAOtQKQ
اجاره واحد۳خوابه اداری تجاری پزشکی فول امکانات,رهن و اجاره,کاروانسرابر,۱۰۰,۱۴۰۴,۳,,,۱,۱۷ مرداد ۱۴۰۵، ۱۳:۳۰,https://divar.ir/v/ga25vRv-
زمین252 متری با سند تک برگ و کاربری مسکونی,فروش,لیل,,,,"‏۷,۳۰۰,۰۰۰,۰۰۰ تومان","‏۲۸,۹۶۸,۰۰۰ تومان",,۲۵ تیر ۱۴۰۵، ۱۸:۵۷,https://divar.ir/v/gaYhPX_b
رهن و اجاره مغازه ۴۰ متری،مرکز شهر،مناسب هر شغلی,رهن و اجاره,کوی آزادگان,۴۰,۱۴۰۰,بدون اتاق,,,,۲۴ مرداد ۱۴۰۵، ۲۲:۵۵,https://divar.ir/v/gaAuLeiU
اجاره بر دوم خ شهدا,رهن کامل,کوی آزادگان,۲۰,۱۴۰۴,بدون اتاق,,,,۲۴ مرداد ۱۴۰۵، ۲۲:۳۰,https://divar.ir/v/gaAeLHeb
آپارتمان خیابان کارگر( زیر قیمت منطقه),فروش,رجایی,۶۵,۱۳۹۰,۱,"‏۸,۲۰۰,۰۰۰,۰۰۰ تومان","‏۱۲۶,۱۵۳,۰۰۰ تومان",۳ از ۳,۱۵ مرداد ۱۴۰۵، ۱۸:۰۸,https://divar.ir/v/ga0xpHCD
آپارتمان خیابان یاس طبقه اول ویو ابدی,فروش,کوی استادان,۱۱۰,۱۳۹۶,۲,"‏۹,۳۵۰,۰۰۰,۰۰۰ تومان","‏۸۵,۰۰۰,۰۰۰ تومان",۱ از ۳,۲۱ مرداد ۱۴۰۵، ۲۱:۰۶,https://divar.ir/v/ga8RK1tZ
اجاره اپارتمان,رهن و اجاره,خمیر کلایه,۱۲۵,۱۳۸۹,۳,,,۲ از ۳,۲۴ مرداد ۱۴۰۵، ۲۲:۱۳,https://divar.ir/v/gaAObM3v
اجاره سوئت مستقل راه جدا,رهن و اجاره,آهندان,۷۰,۱۳۹۷,۱,,,همکف,۲۴ مرداد ۱۴۰۵، ۲۲:۱۱,https://divar.ir/v/gaAKrmde
زمین فروشی لاهیجان,فروش,لیل,,,,"‏۷,۰۰۰,۰۰۰,۰۰۰ تومان","‏۹,۰۷۹,۰۰۰ تومان",,۲۴ مرداد ۱۴۰۵، ۲۱:۱۵,https://divar.ir/v/gaAKl09Q
۲۰۴۸ متر خانه و زمین با کاربری مسکونی,فروش,بازکیاگوراب,,,,"‏۱۹,۰۰۰,۰۰۰,۰۰۰ تومان","‏۹,۲۷۷,۰۰۰ تومان",,۲۴ مرداد ۱۴۰۵، ۲۰:۵۰,https://divar.ir/v/gaA-5w1x
فروش واحد در وحدت زوج,فروش,بوجایه,۸۵,۱۴۰۵,۲,"‏۸,۸۰۰,۰۰۰,۰۰۰ تومان","‏۱۰۳,۵۲۹,۰۰۰ تومان",۲ از ۳,۲۴ مرداد ۱۴۰۵، ۲۰:۰۲,https://divar.ir/v/gaAOJgCV
زمین مسکونی سنددار در لاهیجان,فروش,بازکیاگوراب,,,,"‏۴,۷۰۰,۰۰۰,۰۰۰ تومان","‏۹,۷۵۱,۰۰۰ تومان",,۲۴ مرداد ۱۴۰۵، ۱۹:۴۹,https://divar.ir/v/gaAGZaA7
خانه سنتی و زمین متراژ بالا,فروش,بازکیاگوراب,,,,"‏۱۹,۰۰۰,۰۰۰,۰۰۰ تومان","‏۹,۲۷۷,۰۰۰ تومان",,۲۴ مرداد ۱۴۰۵، ۱۹:۴۳,https://divar.ir/v/gaAq4Z4J
فقط معاوضه با  مشهد اپارتمان راه جدا دوبلکس,فروش,قیام,۱۰۶,۱۳۸۸,۲,"‏۱۴,۵۰۰,۰۰۰,۰۰۰ تومان","‏۱۳۶,۷۹۲,۰۰۰ تومان",۱,۲۴ مرداد ۱۴۰۵، ۱۹:۳۵,https://divar.ir/v/gaA6INGk
فروش زمین (تجاری- مسکونی) 576 متر طلایی,فروش,شیخ زاهد,,,,"‏۱۹,۰۰۰,۰۰۰,۰۰۰ تومان","‏۳۲,۹۸۶,۰۰۰ تومان",,۲۴ مرداد ۱۴۰۵، ۱۹:۳۳,https://divar.ir/v/gaAuoG-e
4800متر زمین داخل طرح هادی,فروش,لفمجان,,,,"‏۱۰,۰۰۰,۰۰۰,۰۰۰ تومان","‏۲,۰۸۳,۰۰۰ تومان",,۲۴ مرداد ۱۴۰۵، ۱۹:۰۸,https://divar.ir/v/gaAy3PBL
رهن آپارتمان چند قدمی استخر,رهن و اجاره,گلستان,۱۰۰,۱۳۹۸,۲,,,۱ از ۴,۲۷ تیر ۱۴۰۵، ۲۰:۴۴,https://divar.ir/v/gabRrFyT
اجاره مغازه در کوه بنه,رهن و اجاره,آهندان,۲۳,۱۳۹۶,بدون اتاق,,,,۱۳ مرداد ۱۴۰۵، ۲۳:۰۲,https://divar.ir/v/gay5TK5h
آپارتمان ۷۵ متری,فروش,لیالستان,۷۵,۱۴۰۳,۲,"‏۵,۶۲۵,۰۰۰,۰۰۰ تومان","‏۷۵,۰۰۰,۰۰۰ تومان",۲,۲۴ مرداد ۱۴۰۵، ۱۸:۴۲,https://divar.ir/v/ga4dBJtA
فروش زمین مسکونی کیاسرا,فروش,لفمجان,,,,"‏۱,۶۰۰,۰۰۰,۰۰۰ تومان","‏۶,۴۰۰,۰۰۰ تومان",,۲۴ مرداد ۱۴۰۵، ۱۸:۳۹,https://divar.ir/v/gaAC4Ic8
زمین مسکونی روستایی,فروش,لیل,,,,"‏۷,۵۸۸,۰۰۰,۰۰۰ تومان","‏۱۴,۰۰۰,۰۰۰ تومان",,۲۴ مرداد ۱۴۰۵، ۱۸:۲۴,https://divar.ir/v/gaA2HBgU
پیش فروش تک واحدی 45متری دانشگاه,فروش,مهرگان,,,,,,,۲۴ مرداد ۱۴۰۵، ۱۸:۱۷,https://divar.ir/v/gaAuHqhD
__ زمین ۸۰۰ متری با ویو ابدی_ لیالستان_لاهیجان,فروش,لیالستان,,,,"‏۵,۳۶۰,۰۰۰,۰۰۰ تومان","‏۶,۷۰۰,۰۰۰ تومان",,۳۰ تیر ۱۴۰۵، ۱۳:۴۲,https://divar.ir/v/gafZ0Bmy
آپارتمان ۱۴۵ متر نوساز شیخ زاهد,رهن کامل,شیخ زاهد,۱۴۵,۱۴۰۵,۳,,,۳,۲۱ تیر ۱۴۰۵، ۱۰:۳۷,https://divar.ir/v/gaTxDvTc
زمین دویست و پنجاه متری با پروانه ساخت کتشال,فروش,لیل,,,,"‏۵,۸۰۰,۰۰۰,۰۰۰ تومان","‏۲۳,۲۰۰,۰۰۰ تومان",,۲۴ مرداد ۱۴۰۵، ۱۷:۵۹,https://divar.ir/v/gaAeXY8m
زمین تمام مسکونی دره جیر در لاهیجان,فروش,کوی خزر,,,,"‏۱۲,۰۰۰,۰۰۰,۰۰۰ تومان","‏۳۴,۷۸۲,۰۰۰ تومان",,۱۲ مرداد ۱۴۰۵، ۱۰:۳۹,https://divar.ir/v/gavxWOUP
زمین ۵۸۰ متری مسکونی بازکیاگوراب کاسبی فوری,فروش,بازکیاگوراب,,,,"‏۳,۵۰۰,۰۰۰,۰۰۰ تومان","‏۶,۰۳۴,۰۰۰ تومان",,۲۴ مرداد ۱۴۰۵، ۱۷:۳۲,https://divar.ir/v/gaAG3Muu
۴۵۸ متر زمین اسید حسینی,فروش,لیل,,,,"‏۷,۷۸۰,۰۰۰,۰۰۰ تومان","‏۱۶,۹۸۶,۰۰۰ تومان",,۲۴ مرداد ۱۴۰۵، ۱۷:۳۱,https://divar.ir/v/gaAGXEgS
ویلایی لیالستان,فروش,لیالستان,۶۵,۱۳۹۵,۱,"‏۷,۵۰۰,۰۰۰,۰۰۰ تومان","‏۴۱,۶۶۶,۰۰۰ تومان",,۲۴ مرداد ۱۴۰۵، ۱۷:۲۹,https://divar.ir/v/gaAC3oVk
۷۲ متر آپارتمان__ تاپ لوکیشن,فروش,شهرک جانبازان,۷۲,۱۳۹۰,۲,"‏۶,۲۰۰,۰۰۰,۰۰۰ تومان","‏۸۶,۱۱۱,۰۰۰ تومان",۳ از ۴,۲۴ مرداد ۱۴۰۵، ۱۷:۲۴,https://divar.ir/v/gaA-GJA2
تک واحدی نوساز و لوکس شقایق,فروش,شقایق,۱۲۷,۱۴۰۴,۳,"‏۲۰,۳۰۰,۰۰۰,۰۰۰ تومان","‏۱۵۹,۸۴۲,۰۰۰ تومان",۴,۲۴ مرداد ۱۴۰۵، ۱۷:۲۴,https://divar.ir/v/gaA-WUGs
۲۵۰زمین با جواز ساخت ۴۰۰متری بنا,فروش,شیشه گران,,,,"‏۱۸,۰۰۰,۰۰۰,۰۰۰ تومان","‏۷۲,۰۰۰,۰۰۰ تومان",,۲۴ مرداد ۱۴۰۵، ۱۷:۱۵,https://divar.ir/v/gaA2WDOG
آپارتمان محدوده گلستان قیمت کاسبی,فروش,گلستان,۶۳,۱۳۹۶,۲,"‏۶,۲۰۰,۰۰۰,۰۰۰ تومان","‏۹۸,۴۱۲,۰۰۰ تومان",۳ از ۳,۲۷ خرداد ۱۴۰۵، ۱۳:۱۶,https://divar.ir/v/gaywG9r9
رهن واحد در گلستان,رهن کامل,گلستان,۹۰,۱۴۰۰,۲,,,۱ از ۴,۲۴ مرداد ۱۴۰۵، ۱۶:۴۴,https://divar.ir/v/gaAWWSqb
فروش زمین شالیزار,فروش,لیالستان,,,,"‏۲۵,۰۰۰,۰۰۰,۰۰۰ تومان","‏۵,۰۰۰,۰۰۰ تومان",,۲۴ مرداد ۱۴۰۵، ۱۶:۳۰,https://divar.ir/v/gaAKG04W
خانه واحد مسکونی در تربیت معلم هدایت,فروش,شهرک جانبازان,۸۶,۱۳۹۴,۲,"‏۸,۱۰۰,۰۰۰,۰۰۰ تومان","‏۹۴,۱۸۶,۰۰۰ تومان",۱,۲۴ مرداد ۱۴۰۵، ۱۵:۵۸,https://divar.ir/v/gaAmyars
پنت هاوس شخصی ساخت تک واحدی   ویو ۳۶۰ درجه ابدی,فروش,مهرگان,۸۷,۱۳۹۰,۱,"‏۱۲,۵۰۰,۰۰۰,۰۰۰ تومان","‏۱۴۳,۶۷۸,۰۰۰ تومان",۴ از ۴,۲۴ مرداد ۱۴۰۵، ۱۵:۴۶,https://divar.ir/v/gaAeFVnc
۱۰۰۰ متر زمین با پروانه ساخت,فروش,لیل,,,,"‏۳,۸۰۰,۰۰۰,۰۰۰ تومان","‏۳,۸۰۰,۰۰۰ تومان",,۱۹ مرداد ۱۴۰۵، ۲۳:۱۳,https://divar.ir/v/ga6lCoYW
اجاره واحد تجاری35 خ شهدا,رهن و اجاره,خمیر کلایه,۳۵,۱۳۹۲,بدون اتاق,,,۱,۲۴ مرداد ۱۴۰۵، ۱۴:۵۱,https://divar.ir/v/ga_Rvow6
اجاره سوئیت ۵۶ متری بر اصلی خیابان خزر,رهن کامل,کوی خزر,۵۶,۱۳۹۵,۱,,,همکف,۲۴ مرداد ۱۴۰۵، ۱۴:۴۰,https://divar.ir/v/gaAm0FCR
پیش فروش آپارتمان در گلستان,فروش,کوی خزر,,,,,,,۲۴ مرداد ۱۴۰۵، ۱۴:۲۹,https://divar.ir/v/gaAaEGgp
۸۰متر دونبش کلید نخورده در میدان هدایت,فروش,یوسف آباد,۸۰,۱۴۰۵,۲,"‏۱۰,۸۰۰,۰۰۰,۰۰۰ تومان","‏۱۳۵,۰۰۰,۰۰۰ تومان",۳ از ۴,۲۴ مرداد ۱۴۰۵، ۱۴:۱۰,https://divar.ir/v/gaAKkBsA
آپارتمان نوساز کلیدنخورده,فروش,گلستان,۸۵,۱۴۰۵,۲,"‏۱۱,۰۰۰,۰۰۰,۰۰۰ تومان","‏۱۲۹,۴۱۱,۰۰۰ تومان",۱ از ۴,۹ تیر ۱۴۰۵، ۱۴:۱۰,https://divar.ir/v/gaDxJ0u_
اجاره زمین,رهن و اجاره,لیالستان,۲۰۰,۱۴۰۵,۱,,,,۱۲ مرداد ۱۴۰۵، ۲۲:۱۱,https://divar.ir/v/gawBeiSJ
فروش زمین مسکونی,فروش,بازکیاگوراب,,,,"‏۸,۳۲۵,۰۰۰,۰۰۰ تومان","‏۹,۰۰۰,۰۰۰ تومان",,۲۴ مرداد ۱۴۰۵، ۱۳:۳۶,https://divar.ir/v/gaAmT_19
زمین روستایی.نزدیک به پاشاکی,فروش,لفمجان,,,,"‏۳,۵۰۰,۰۰۰,۰۰۰ تومان","‏۸,۷۵۰,۰۰۰ تومان",,۲۴ مرداد ۱۴۰۵، ۱۳:۲۷,https://divar.ir/v/gaAeT-qW
فروش ویلای تریبلکس,فروش,لیل,۳۳۰,۱۴۰۵,۳,"‏۱۷,۵۰۰,۰۰۰,۰۰۰ تومان","‏۴۵,۴۵۴,۰۰۰ تومان",,۲۴ مرداد ۱۴۰۵، ۱۳:۱۸,https://divar.ir/v/gaAWzooC
زمین ۸۷۰۰ متری سند تکبرگ منطقه گردشگری دیلمان,فروش,شقایق,,,,"‏۱۷,۰۰۰,۰۰۰,۰۰۰ تومان","‏۱,۹۵۴,۰۰۰ تومان",,۲۴ مرداد ۱۴۰۵، ۱۳:۰۵,https://divar.ir/v/gaAKjz6C
فروش زمین ۴ هکتاری(کوهستانی لاهیجان),فروش,طالقانی,,,,"‏۳۰۰,۰۰۰,۰۰۰,۰۰۰ تومان","‏۷,۵۰۰,۰۰۰ تومان",,۲۴ مرداد ۱۴۰۵، ۱۳:۰۳,https://divar.ir/v/gaAKTOls
اپارتمان مستقل در خزر,فروش,کوی خزر,۵۳,۱۳۹۰,۱,"‏۷,۹۰۰,۰۰۰,۰۰۰ تومان","‏۱۴۹,۰۵۶,۰۰۰ تومان",۱,۲۴ مرداد ۱۴۰۵، ۱۲:۴۰,https://divar.ir/v/gaAyyHWe
خانه ویلایی,فروش,بازکیاگوراب,۷۰,قبل از ۱۳۷۰,۱,"‏۵,۰۰۰,۰۰۰,۰۰۰ تومان","‏۱۸,۱۱۵,۰۰۰ تومان",,۲۴ مرداد ۱۴۰۵، ۱۲:۳۱,https://divar.ir/v/gaAqiL7h
۸۳۰ متر ویلایی  سند تک برک و ششدانگ,فروش,لاشیدان,۸۰,۱۴۰۰,۲,"‏۲۲,۰۰۰,۰۰۰,۰۰۰ تومان","‏۲۷,۵۰۰,۰۰۰ تومان",,۲۴ مرداد ۱۴۰۵، ۱۲:۲۰,https://divar.ir/v/gaAey5ZM
ویلا دوبلکس,فروش,بازکیاگوراب,۲۰۰,۱۴۰۳,۳,"‏۱۴,۵۰۰,۰۰۰,۰۰۰ تومان","‏۴۸,۳۳۳,۰۰۰ تومان",,۲۱ مرداد ۱۴۰۵، ۱۶:۱۰,https://divar.ir/v/ga7ln_ZK
آپارتمان ۹۰ متری_فول امکانات_کاسبی,فروش,کوی زمانی,۹۰,۱۴۰۴,۲,"‏۸,۰۰۰,۰۰۰,۰۰۰ تومان","‏۸۸,۸۸۸,۰۰۰ تومان",۳,۲۴ مرداد ۱۴۰۵، ۱۲:۰۴,https://divar.ir/v/gaAOi7K4
اجاره طبقه اول ورودی مستقل_ نخجیر,رهن و اجاره,لیالستان,۶۳,۱۴۰۱,۲,,,۱,۲۷ تیر ۱۴۰۵، ۱۰:۴۸,https://divar.ir/v/gabhSk1Q
۲۲۰ متر زمین خارج طرح بر اصلی آسفالت_ روستای چوشل,فروش,آهندان,,,,"‏۱,۱۰۰,۰۰۰,۰۰۰ تومان","‏۵,۰۰۰,۰۰۰ تومان",,۲۸ خرداد ۱۴۰۵، ۱۳:۰۱,https://divar.ir/v/gazo7l3f
فروش مستقل خوش نقشه,فروش,فیاض,۷۳,۱۳۹۸,۲,"‏۷,۶۰۰,۰۰۰,۰۰۰ تومان","‏۱۰۴,۱۰۹,۰۰۰ تومان",همکف از ۲,۲۴ مرداد ۱۴۰۵، ۱۱:۵۰,https://divar.ir/v/gaAGyQM-
۲۰۰ متر خونه ویلایی شهری خوش نقشه _ معاوضه و‌فروش,فروش,حاجی آباد,۱۳۰,۱۳۷۱,۲,"‏۱۲,۸۰۰,۰۰۰,۰۰۰ تومان","‏۶۴,۰۰۰,۰۰۰ تومان",,۳۰ فروردین ۱۴۰۵، ۱۳:۱۱,https://divar.ir/v/QakDaJbG
ویلا جنگلی منطقه زیبا ساکت ودنج ویو عالی,فروش,بازکیاگوراب,۱۳۰,۱۴۰۵,۳,"‏۱۴,۰۰۰,۰۰۰,۰۰۰ تومان","‏۱۷,۵۰۰,۰۰۰ تومان",,۲۴ مرداد ۱۴۰۵، ۱۱:۴۵,https://divar.ir/v/gaACiDjx
آپارتمان ۱۰۸ متری تک‌واحدی ویوی جنگل طبقه اول,فروش,شیخ زاهد,۱۰۸,۱۳۹۸,۲,"‏۱۶,۲۰۰,۰۰۰,۰۰۰ تومان","‏۱۵۰,۰۰۰,۰۰۰ تومان",۱,۲۴ مرداد ۱۴۰۵، ۱۱:۳۰,https://divar.ir/v/gaAyRVht
زمین لاهیجان نخجیر کلایه نخجیر 9,فروش,لیالستان,,,,"‏۱۴,۰۰۰,۰۰۰,۰۰۰ تومان","‏۱۶,۷۸۶,۰۰۰ تومان",,۲۴ مرداد ۱۴۰۵، ۱۱:۰۳,https://divar.ir/v/gaAahMHg
اجاره واحد در بهشتی,رهن و اجاره,شیشه گران,۱۲۰,۱۴۰۰,۲,,,۱ از ۴,۲۴ مرداد ۱۴۰۵، ۱۱:۲۵,https://divar.ir/v/gaAqx4kh
15 هزار متر زمین شالیزار مکانیزه متری 295 سنگر,فروش,لفمجان,,,,"‏۴۴,۲۵۰,۰۰۰,۰۰۰ تومان","‏۲,۹۵۰,۰۰۰ تومان",,۲۴ مرداد ۱۴۰۵، ۱۱:۱۹,https://divar.ir/v/gaAmBttg
فروش واحد ۱۷۵متری در شقایق,فروش,مهرگان,۱۷۵,۱۴۰۵,۳,"‏۲۶,۲۵۰,۰۰۰,۰۰۰ تومان","‏۱۵۰,۰۰۰,۰۰۰ تومان",۲ از ۵,۲۴ مرداد ۱۴۰۵، ۱۱:۱۰,https://divar.ir/v/gaAeRnV1
فروش  زمین باغی در لاهیجان,فروش,لیالستان,,,,"‏۱۴,۰۰۰,۰۰۰,۰۰۰ تومان","‏۲۰,۰۰۰,۰۰۰ تومان",,۲۴ مرداد ۱۴۰۵، ۱۱:۰۸,https://divar.ir/v/gaAax6GA
فروش زمین مسکونی در لاشیدان جنب کمربندی لاهیجان,فروش,بازکیاگوراب,,,,"‏۴,۲۰۰,۰۰۰,۰۰۰ تومان","‏۱۵,۰۰۰,۰۰۰ تومان",,۲۳ مرداد ۱۴۰۵، ۱۷:۴۷,https://divar.ir/v/ga_NCZxE
آپارتمان 90 متری _ فول امکانات _ ویو بی نظیر,فروش,شقایق,۹۰,۱۴۰۴,۲,"‏۸,۰۰۰,۰۰۰,۰۰۰ تومان","‏۸۸,۸۸۸,۰۰۰ تومان",۴ از ۶,۱۸ مرداد ۱۴۰۵، ۰۹:۵۴,https://divar.ir/v/ga4xR26T
فروش زمین مسکونی لیالستان_قصاب محله,فروش,لیالستان,,,,"‏۹,۵۰۰,۰۰۰,۰۰۰ تومان","‏۱۸,۰۲۶,۰۰۰ تومان",,۱۴ مرداد ۱۴۰۵، ۱۰:۵۸,https://divar.ir/v/gayVu-V-
لاهیجان،رهن اجاره آپارتمان مستقل 80 متری گلستان,رهن و اجاره,گلستان,۸۰,۱۳۹۰,۲,,,۲ از ۴,۲۴ مرداد ۱۴۰۵، ۱۰:۳۸,https://divar.ir/v/gaAChDZd
ویلا دوبلکس ۱۸۰ متر در لاهیجان,فروش,آهندان,۱۸۰,۱۴۰۵,۲,"‏۱۸,۰۰۰,۰۰۰,۰۰۰ تومان","‏۲۷,۵۶۵,۰۰۰ تومان",,۲۶ تیر ۱۴۰۵، ۱۰:۳۱,https://divar.ir/v/gaZNtKd1
اجاره آپارتمان تکواحدی دو خوابه در ازادگان,رهن و اجاره,کوی آزادگان,۱۲۵,۱۴۰۰,۲,,,۲ از ۲,۱۸ مرداد ۱۴۰۵، ۲۰:۴۱,https://divar.ir/v/ga4R7aoz
۲۵۰ متر زمین تجاری مسکونی کمربندی بیجاربنه,فروش,لیالستان,,,,"‏۵,۵۰۰,۰۰۰,۰۰۰ تومان","‏۲۲,۰۰۰,۰۰۰ تومان",,۲۴ مرداد ۱۴۰۵، ۱۰:۳۳,https://divar.ir/v/gaA6w-X3
زمین باکاربری اداری ومسکونی,فروش,آهندان,,,,"‏۲,۷۵۰,۰۰۰,۰۰۰ تومان","‏۱۰,۰۷۳,۰۰۰ تومان",,۲۴ مرداد ۱۴۰۵، ۱۰:۳۱,https://divar.ir/v/gaA6Qppf
۲۰۰ زمین داخل طرح هادی آزارستانکی,فروش,آهندان,,,,"‏۱,۷۸۰,۰۰۰,۰۰۰ تومان","‏۸,۹۰۰,۰۰۰ تومان",,۲۴ مرداد ۱۴۰۵، ۱۰:۳۰,https://divar.ir/v/ga89ok8d
زمین مسکونی ۲۵۰ متر گلرودبار,فروش,بازکیاگوراب,,,,"‏۳,۰۰۰,۰۰۰,۰۰۰ تومان","‏۱۲,۰۰۰,۰۰۰ تومان",,۱۷ مرداد ۱۴۰۵، ۱۷:۵۰,https://divar.ir/v/ga3lDOia
واحد مستقل دارای پارکینگ مستقل لاهیجان,فروش,لیالستان,۸۵,۱۴۰۰,۲,"‏۷,۱۰۰,۰۰۰,۰۰۰ تومان","‏۵۴,۶۱۵,۰۰۰ تومان",,۱۷ مرداد ۱۴۰۵، ۱۰:۴۵,https://divar.ir/v/ga2ddMoC
فروش واحد ویلایی لاهیجان,فروش,حاجی آباد,۲۵۰,۱۴۰۴,+۴,"‏۸۰,۰۰۰,۰۰۰,۰۰۰ تومان","‏۱۱۴,۲۸۵,۰۰۰ تومان",,۱۷ مرداد ۱۴۰۵، ۱۱:۰۸,https://divar.ir/v/ga2xdvFA
نقلی ۶۵ متر_ دو خواب_ فول امکانات_ ویودار - سعدی,فروش,کوه بیجار,۶۵,۱۳۹۱,۲,"‏۹,۹۰۰,۰۰۰,۰۰۰ تومان","‏۱۵۲,۳۰۷,۰۰۰ تومان",۱,۱۷ مرداد ۱۴۰۵، ۰۸:۳۶,https://divar.ir/v/ga29Qm3r
شمال. سیاهکل زمین مسکونی متری ۵ میلیون,فروش,لفمجان,,,,"‏۱,۰۰۰,۰۰۰,۰۰۰ تومان","‏۵,۰۰۰,۰۰۰ تومان",,۲۶ تیر ۱۴۰۵، ۱۷:۰۲,https://divar.ir/v/gaa5CtC8
فروش زمین روستای مسکونی در روستای انارستان,فروش,بازکیاگوراب,,,,"‏۳,۵۰۰,۰۰۰,۰۰۰ تومان","‏۱۰,۰۰۰,۰۰۰ تومان",,۲۹ تیر ۱۴۰۵، ۱۸:۱۵,https://divar.ir/v/gaeRjRZU
اجاره واحد مستقل 100متری,رهن و اجاره,آهندان,۱۰۰,۱۳۹۵,۲,,,۱,۲۰ مرداد ۱۴۰۵، ۰۹:۵۲,https://divar.ir/v/ga69bfQw
فروش آپارتمان ۸۰متری درلاهیجان خیابان حزین,فروش,شقایق,۸۰,۱۳۸۹,۲,"‏۷,۲۰۰,۰۰۰,۰۰۰ تومان","‏۹۰,۰۰۰,۰۰۰ تومان",۳ از ۶,۲۴ مرداد ۱۴۰۵، ۰۹:۴۸,https://divar.ir/v/gaASANLB
فروش ۳باب مغازه بصورت یکجا مناسب کارگاه,فروش,یوسف آباد,۱۰۴,۱۳۹۸,بدون اتاق,"‏۱۷,۰۰۰,۰۰۰,۰۰۰ تومان","‏۱۶۳,۴۶۱,۰۰۰ تومان",,۲۴ مرداد ۱۴۰۵، ۰۹:۳۹,https://divar.ir/v/gaAKAZOK
فروش ویلای نیمه کاره لاهیجان ویو ابدی,فروش,لیل,۳۴۰,۱۴۰۵,۳,"‏۲۶,۰۰۰,۰۰۰,۰۰۰ تومان","‏۱۰۸,۳۳۳,۰۰۰ تومان",,۱۷ مرداد ۱۴۰۵، ۱۶:۲۹,https://divar.ir/v/ga3diWP1
فروش خانه ویلایی,فروش,انقلاب,۹۰,قبل از ۱۳۷۰,۲,"‏۱۴,۰۰۰,۰۰۰,۰۰۰ تومان","‏۶۶,۹۸۵,۰۰۰ تومان",,۲۴ مرداد ۱۴۰۵، ۰۸:۳۱,https://divar.ir/v/ga_Jva9C
ویلای 450متری در کتشال,فروش,لیل,۲۸۰,۱۴۰۵,۳,"‏۳۳,۰۰۰,۰۰۰,۰۰۰ تومان","‏۷۳,۳۳۳,۰۰۰ تومان",,۲۴ مرداد ۱۴۰۵، ۰۸:۲۶,https://divar.ir/v/ga_F_WFY
اجاره مغازه لاهیجان نزدیک میدان گلستان,رهن و اجاره,گلستان,۱۶,۱۳۹۶,بدون اتاق,,,,۲۴ مرداد ۱۴۰۵، ۰۸:۱۸,https://divar.ir/v/ga_5e7hF
بهترین فرصت خرید قبل از افزایش قیمت ها,فروش,لیل,,,,,,,۲۴ مرداد ۱۴۰۵، ۰۱:۵۰,https://divar.ir/v/ga_RJbU6
رهن آپارتمان نوساز واقع در گلستان ۱۷,رهن کامل,گلستان,۸۷,۱۴۰۵,۲,,,۳,۲۴ مرداد ۱۴۰۵، ۰۰:۴۸,https://divar.ir/v/ga_ZYNm5
زمین,فروش,بازکیاگوراب,,,,"‏۱۰۰,۰۰۰,۰۰۰,۰۰۰ تومان","‏۷,۶۹۲,۰۰۰ تومان",,۲۴ مرداد ۱۴۰۵، ۰۰:۳۵,https://divar.ir/v/ga_NIIxw
زمین مسکونی,فروش,لیل,,,,"‏۳,۰۰۰,۰۰۰,۰۰۰ تومان","‏۱۵,۰۰۰,۰۰۰ تومان",,۲۴ مرداد ۱۴۰۵، ۰۰:۳۱,https://divar.ir/v/ga_JICCC
فروش زمین مسکونی ،باغی،شالیزار با ویو ابدی,فروش,لیل,,,,"‏۱۱۹,۰۰۰,۰۰۰,۰۰۰ تومان","‏۱۹,۴۰۰,۰۰۰ تومان",,۲۴ مرداد ۱۴۰۵، ۰۰:۲۶,https://divar.ir/v/ga_B48Bz
فروش مغازه ۶۶متری با مالکیت، منطقه ی برند,فروش,کوی خزر,۶۶,۱۳۹۶,۱,"‏۲۳,۰۰۰,۰۰۰,۰۰۰ تومان","‏۳۴۸,۴۸۴,۰۰۰ تومان",,۲۳ مرداد ۱۴۰۵، ۲۲:۲۷,https://divar.ir/v/ga_R2yQ8
ویلای دنج با ویو ابدی,فروش,لفمجان,۱۴۲,۱۳۹۸,۲,"‏۱۵,۰۰۰,۰۰۰,۰۰۰ تومان","‏۲۴,۰۰۰,۰۰۰ تومان",,۲۳ مرداد ۱۴۰۵، ۲۲:۱۲,https://divar.ir/v/ga_F2K8o
فروش زمین مسکونی و باغی در منطقه توریستی زمیدان,فروش,لیل,,,,"‏۸,۸۰۰,۰۰۰,۰۰۰ تومان","‏۱۳,۵۳۸,۰۰۰ تومان",,۲۳ مرداد ۱۴۰۵، ۲۲:۰۸,https://divar.ir/v/ga_BGdGW
ماشین میدم خونه اجاره میکنم,رهن و اجاره,لیل,۶۰,۱۳۹۵,۱,,,,۲۳ مرداد ۱۴۰۵، ۲۱:۵۲,https://divar.ir/v/ga_xV1GN
فروش زمین,فروش,لاشیدان,,,,"‏۳,۵۴۰,۰۰۰,۰۰۰ تومان","‏۱۵,۰۰۰,۰۰۰ تومان",,۲۳ مرداد ۱۴۰۵، ۲۱:۳۱,https://divar.ir/v/ga_d12M7
آپارتمان۱۰۰متری_ ۲طبقه دو واحد_گلستان ۳۱_۱,فروش,گلستان,۱۰۰,۱۳۹۵,۲,"‏۱۰,۵۰۰,۰۰۰,۰۰۰ تومان","‏۱۰۵,۰۰۰,۰۰۰ تومان",۲ از ۲,۱۶ مرداد ۱۴۰۵، ۲۰:۴۷,https://divar.ir/v/gazJ3Xbn
فروش زمین,فروش,آهندان,,,,"‏۳,۰۰۰,۰۰۰,۰۰۰ تومان","‏۱۱,۹۰۴,۰۰۰ تومان",,۲۳ مرداد ۱۴۰۵، ۲۱:۰۳,https://divar.ir/v/ga_BVvBw
فروش زمین,فروش,لیل,,,,"‏۴,۸۰۰,۰۰۰,۰۰۰ تومان","‏۱۲,۰۰۰,۰۰۰ تومان",,۲۳ مرداد ۱۴۰۵، ۲۱:۰۲,https://divar.ir/v/ga_9Us3C
اجاره مغازه,رهن و اجاره,کوی آزادگان,۳۰,۱۴۰۱,۱,,,,۲۳ مرداد ۱۴۰۵، ۲۰:۴۳,https://divar.ir/v/ga_xU0Go
اجاره اتاق در مرکز تخصصی مشاوره خانواده,رهن و اجاره,کاروانسرابر,۶۸,۱۳۹۵,۳,,,۳,۱۶ مرداد ۱۴۰۵، ۰۴:۳۹,https://divar.ir/v/ga1BTL5m
فروش زمین,فروش,لاشیدان,,,,"‏۳,۵۴۰,۰۰۰,۰۰۰ تومان","‏۱۵,۰۰۰,۰۰۰ تومان",,۲۳ مرداد ۱۴۰۵، ۱۹:۵۶,https://divar.ir/v/ga_F0xN1
20 متر مغازه نوساز بر اصلی خیابان خزر,رهن و اجاره,کوی خزر,۲۰,۱۴۰۵,بدون اتاق,,,,۲۳ مرداد ۱۴۰۵، ۱۹:۴۴,https://divar.ir/v/ga_5j3B_
اجاره مغازه ، کاشف غربی,رهن و اجاره,پردسر,۳۱,۱۳۹۰,بدون اتاق,,,,۱۸ مرداد ۱۴۰۵، ۱۷:۱۴,https://divar.ir/v/ga4NYRTu
ویلا ۲۰۰ متری ،سند تک برگ ،زمین ۱۰۰۰ متری,فروش,بازکیاگوراب,۲۰۰,۱۴۰۵,۳,"‏۳۰,۰۰۰,۰۰۰,۰۰۰ تومان","‏۳۰,۰۰۰,۰۰۰ تومان",,۲۳ مرداد ۱۴۰۵، ۱۸:۴۴,https://divar.ir/v/ga_9iqmT
باغ‌ ویلا کم‌نظیر خاص 11000متری_ ویو ابدی کوهستان,فروش,آهندان,,,,"‏۳۵,۶۰۰,۰۰۰,۰۰۰ تومان","‏۳,۲۳۶,۰۰۰ تومان",,۲۳ مرداد ۱۴۰۵، ۱۸:۳۹,https://divar.ir/v/ga_9SgLc
فروش زمین (جاده سیاهکل),فروش,لفمجان,,,,"‏۶,۰۰۰,۰۰۰,۰۰۰ تومان","‏۱۵,۰۰۰,۰۰۰ تومان",,۲۳ مرداد ۱۴۰۵، ۱۸:۲۹,https://divar.ir/v/ga_1yPbp
فروش فوری۳۵۰ متر زمین با ساختمان لاهیجان,فروش,بازکیاگوراب,,,,"‏۵,۷۰۰,۰۰۰,۰۰۰ تومان","‏۱۶,۲۸۵,۰۰۰ تومان",,۷ تیر ۱۴۰۵، ۲۲:۳۴,https://divar.ir/v/gaBBnEfx
زمین ۵۰۰۰ متری طلایی داخل طرح _ ۵ دقیقه تا لاهیجان,فروش,لیالستان,,,,"‏۵۰,۰۰۰,۰۰۰,۰۰۰ تومان","‏۱۰,۰۰۰,۰۰۰ تومان",,۲۶ خرداد ۱۴۰۵، ۱۵:۲۰,https://divar.ir/v/gaxgTgYA
تک‌ واحدی لوکس ۳ خواب_ ویو ابدی استخر_ بهشتی,فروش,شیشه گران,۱۳۸,۱۴۰۵,۳,"‏۲۸,۸۵۰,۰۰۰,۰۰۰ تومان","‏۲۰۹,۰۵۷,۰۰۰ تومان",۴ از ۵,۲۷ آذر ۱۴۰۴، ۱۷:۴۴,https://divar.ir/v/QaDRv5vX
زمین مسکونی 124متر_مجوز ساخت 2طبقه_سند تک‌برگ,فروش,گلستان,,,,"‏۴,۵۰۰,۰۰۰,۰۰۰ تومان","‏۳۶,۲۹۰,۰۰۰ تومان",,۲۵ تیر ۱۴۰۵، ۱۹:۴۰,https://divar.ir/v/gaZBwz8E
زمین خاص3هکتاری_ایده‌آل گردشگری_مجموعه‌های تفریحی,فروش,آهندان,,,,"‏۱۵۵,۰۰۰,۰۰۰,۰۰۰ تومان","‏۵,۰۰۰,۰۰۰ تومان",,۲۳ مرداد ۱۴۰۵، ۱۷:۲۳,https://divar.ir/v/ga_1x1Ja
۲ واحد و سوئیت مستقل_۳سندتک‌برگ_۵دقیقه تا لاهیجان,فروش,لیالستان,۱۶۰,۱۳۹۵,۲,"‏۳۰,۰۰۰,۰۰۰,۰۰۰ تومان","‏۵۸,۷۰۸,۰۰۰ تومان",,۲۳ مرداد ۱۴۰۵، ۱۷:۲۲,https://divar.ir/v/ga_1RmVF
زمین خاص یک نیم هکتاری_گردشگری_شهرک سازی_هتل,فروش,آهندان,,,,"‏۸۸,۵۰۰,۰۰۰,۰۰۰ تومان","‏۶,۱۰۳,۰۰۰ تومان",,۲۳ مرداد ۱۴۰۵، ۱۷:۲۱,https://divar.ir/v/ga_1BVoR
فروش دوبلکس بی نظیر درشیخ زاهد۱۸۰متر,فروش,شیخ زاهد,۱۸۰,۱۴۰۵,۳,"‏۳۲,۰۰۰,۰۰۰,۰۰۰ تومان","‏۱۷۷,۷۷۷,۰۰۰ تومان",۴ از ۴,۲۳ مرداد ۱۴۰۵، ۱۷:۲۰,https://divar.ir/v/ga_xh9wE
فروش زمین مسکونی و باغی   در زمیدان - گردکرف,فروش,لیل,,,,"‏۸,۸۰۰,۰۰۰,۰۰۰ تومان","‏۱۳,۵۳۸,۰۰۰ تومان",,۹ تیر ۱۴۰۵، ۱۲:۰۲,https://divar.ir/v/gaD5n8Wf
۸۲ متر مهرگان مستقل,فروش,مهرگان,۸۲,۱۳۸۵,۲,"‏۹,۷۲۰,۰۰۰,۰۰۰ تومان","‏۱۱۸,۵۳۶,۰۰۰ تومان",۲,۲۳ مرداد ۱۴۰۵، ۱۶:۴۷,https://divar.ir/v/ga_VBR17
فروش زمین لاهیجان خ سعدی  بیجار باغ مسکونی,فروش,لیل,,,,"‏۱۳,۵۰۰,۰۰۰,۰۰۰ تومان","‏۲۴,۵۴۵,۰۰۰ تومان",,۲۳ مرداد ۱۴۰۵، ۱۶:۳۲,https://divar.ir/v/ga_FBx99
زمین 180متری در آهندان,فروش,آهندان,,,,"‏۸۵۰,۰۰۰,۰۰۰ تومان","‏۴,۷۲۲,۰۰۰ تومان",,۲۳ مرداد ۱۴۰۵، ۱۶:۱۴,https://divar.ir/v/ga_1wbiA
اجاره آپارتمان,رهن و اجاره,آهندان,۸۰,۱۴۰۲,۲,,,۱,۲۳ مرداد ۱۴۰۵، ۱۵:۴۳,https://divar.ir/v/ga_VAjmg
اجاره سالیانه خانه ویلایی,رهن و اجاره,بازکیاگوراب,۷۰,۱۴۰۰,۲,,,,۱۷ مرداد ۱۴۰۵، ۲۰:۲۵,https://divar.ir/v/ga39FhTx
فروش فوری ۱۲۰ متر ۳خواب نوساز_ شیشه گران_ زیر قیمت,فروش,شیشه گران,۱۲۰,۱۴۰۵,۳,"‏۱۸,۰۰۰,۰۰۰,۰۰۰ تومان","‏۱۵۰,۰۰۰,۰۰۰ تومان",۲ از ۴,۲۳ مرداد ۱۴۰۵، ۱۵:۱۱,https://divar.ir/v/ga-5vokV
فروش زمین در روستای کوشال,فروش,لیالستان,,,,"‏۶,۰۰۰,۰۰۰,۰۰۰ تومان","‏۷,۰۵۸,۰۰۰ تومان",,۲۳ مرداد ۱۴۰۵، ۱۴:۱۸,https://divar.ir/v/ga-BvVtW
زمین باغی ۱۰۰۰ متری روستای شاده  نزدیک خیابان اصلی,فروش,لفمجان,,,,"‏۳,۹۰۰,۰۰۰,۰۰۰ تومان","‏۳,۹۰۰,۰۰۰ تومان",,۲۳ مرداد ۱۴۰۵، ۱۳:۲۸,https://divar.ir/v/ga-VO_b1
خرید زمین بدون واسطه خودم مالکم,فروش,آهندان,,,,"‏۳,۰۰۰,۰۰۰,۰۰۰ تومان","‏۱۰,۹۴۸,۰۰۰ تومان",,۲۳ مرداد ۱۴۰۵، ۱۱:۴۷,https://divar.ir/v/ga-9cDd9
زمین ۲۶۸ متری در صومعه سرا,فروش,قیام,,,,"‏۵,۰۰۰,۰۰۰,۰۰۰ تومان","‏۱۸,۶۵۶,۰۰۰ تومان",,۲۳ مرداد ۱۴۰۵، ۱۱:۳۵,https://divar.ir/v/ga-xsKdP
رهن اجاره آپارتمان خرمشهر ۹۱ متر ۴ سال ساخت,رهن و اجاره,شقایق,۹۱,۱۴۰۰,۲,,,۳,۲۳ مرداد ۱۴۰۵، ۱۱:۲۳,https://divar.ir/v/ga-h8aA3
فروش یک واحد در خیابان یحیا اباد,فروش,یحی آباد,۹۶,۱۴۰۴,۲,"‏۹,۶۰۰,۰۰۰,۰۰۰ تومان","‏۱۰۰,۰۰۰,۰۰۰ تومان",۱ از ۳,۲۳ مرداد ۱۴۰۵، ۱۱:۱۲,https://divar.ir/v/ga-ZMBGI
فروش خانه مشتمل بر محوطه ۹۱۸ متر زمین,فروش,لفمجان,,,,"‏۶,۵۰۰,۰۰۰,۰۰۰ تومان","‏۷,۰۸۰,۰۰۰ تومان",,۲۳ مرداد ۱۴۰۵، ۱۱:۰۷,https://divar.ir/v/ga-Vctcd
فروش ویلای ۲ طبقه مستقل در کتشال لاهیجان,فروش,لیل,۲۱۰,۱۴۰۰,+۴,"‏۵۰,۰۰۰,۰۰۰,۰۰۰ تومان","‏۵۰,۰۰۰,۰۰۰ تومان",,۲۳ تیر ۱۴۰۵، ۱۳:۳۴,https://divar.ir/v/gaWlQYx8
زمین ۳۳۰۰ متری,فروش,شقایق,,,,"‏۱۰,۵۰۰,۰۰۰,۰۰۰ تومان","‏۳,۱۸۱,۰۰۰ تومان",,۲۵ اردیبهشت ۱۴۰۵، ۱۳:۵۳,https://divar.ir/v/gaGg-u6M
فروش زمین داخل طرح با موقعیت عالی,فروش,لفمجان,,,,"‏۵,۰۰۰,۰۰۰,۰۰۰ تومان","‏۱,۴۲۸,۰۰۰ تومان",,۲۳ مرداد ۱۴۰۵، ۱۰:۴۵,https://divar.ir/v/ga-BMRjR
واحد ۶۴ متری دو خوابه طبقه ۲ از دو,فروش,شهرک فرهنگیان,۶۴,۱۳۹۱,۲,"‏۴,۷۰۰,۰۰۰,۰۰۰ تومان","‏۷۳,۴۳۷,۰۰۰ تومان",۲ از ۲,۲۳ مرداد ۱۴۰۵، ۰۹:۱۰,https://divar.ir/v/ga-larjg
فروش زمین ۸۴۵ مترمربع درروستای چلک .لوکیشن عالی,فروش,مهرگان,,,,"‏۳۲,۶۰۰,۰۰۰,۰۰۰ تومان","‏۳۸,۵۷۹,۰۰۰ تومان",,۲۵ تیر ۱۴۰۵، ۲۲:۰۸,https://divar.ir/v/gaZVyIYe
فروش زمین و خانه کلنگی,فروش,شهرک سلمان فارسی,,,,"‏۱۱,۲۲۰,۰۰۰,۰۰۰ تومان","‏۶۰,۰۰۰,۰۰۰ تومان",,۲۲ مرداد ۱۴۰۵، ۲۳:۳۲,https://divar.ir/v/ga-JyGq2
فروش دو خانه باهم 7800,فروش,طالقانی,۱۱۰,۱۳۸۸,۲,"‏۷,۸۰۰,۰۰۰,۰۰۰ تومان","‏۷۰,۹۰۹,۰۰۰ تومان",۱,۲۲ مرداد ۱۴۰۵، ۲۳:۲۸,https://divar.ir/v/ga-FiblN
واحد مستقل ۶۸متری یاسر ۶,فروش,لیالستان,۶۸,۱۳۹۴,۲,"‏۵,۵۰۰,۰۰۰,۰۰۰ تومان","‏۸۰,۸۸۲,۰۰۰ تومان",۱,۲۲ مرداد ۱۴۰۵، ۲۳:۱۷,https://divar.ir/v/ga-5xLnV
اجاره ویلا روستایی,اجاره,لفمجان,۹۰,۱۳۹۹,۲,,,,۲۲ مرداد ۱۴۰۵، ۲۲:۵۲,https://divar.ir/v/ga-hRwIj
۷۵ متر نوساز کلید نخورده _ لوکیشن وحدت ۱۸,فروش,بوجایه,۷۵,۱۴۰۵,۲,"‏۷,۹۰۰,۰۰۰,۰۰۰ تومان","‏۱۰۵,۳۳۳,۰۰۰ تومان",۱ از ۲,۱۹ خرداد ۱۴۰۵، ۱۱:۵۷,https://divar.ir/v/gan0c9BE
مغازه ۹۷ متری در بازارچه بوجایه لاهیجان,فروش,آهندان,۹۷,۱۳۹۲,۳,"‏۸,۵۰۰,۰۰۰,۰۰۰ تومان","‏۸۷,۶۲۸,۰۰۰ تومان",,۲۲ مرداد ۱۴۰۵، ۲۱:۵۰,https://divar.ir/v/ga-pAaoZ
فروش واحد ۵۷ متری در بهترین نقطه شهید بهشتی,فروش,قیام,۵۷,۱۳۸۸,۲,"‏۱۰,۶۰۰,۰۰۰,۰۰۰ تومان","‏۱۸۵,۹۶۴,۰۰۰ تومان",۱ از ۳,۲۲ مرداد ۱۴۰۵، ۲۱:۴۶,https://divar.ir/v/ga-lw17j
فروش تک واحدی_طبقه اول_خیابان هدایت,فروش,یوسف آباد,۸۰,۱۳۹۶,۲,"‏۹,۵۰۰,۰۰۰,۰۰۰ تومان","‏۱۱۸,۷۵۰,۰۰۰ تومان",۱ از ۳,۲۲ مرداد ۱۴۰۵، ۲۱:۰۸,https://divar.ir/v/ga-Bwsiu
آپارتمان 115متری خیابان اصلی بعثت,فروش,کوی خزر,۱۱۵,۱۴۰۵,۲,"‏۱۵,۹۵۰,۰۰۰,۰۰۰ تومان","‏۱۳۸,۶۹۵,۰۰۰ تومان",۱,۲۲ مرداد ۱۴۰۵، ۲۱:۰۴,https://divar.ir/v/ga-BQCm3
فروش واحد مستقل ۷۰ متری_خ نیما,فروش,رجایی,۷۰,۱۳۹۴,۲,"‏۱۱,۰۰۰,۰۰۰,۰۰۰ تومان","‏۱۵۷,۱۴۲,۰۰۰ تومان",۱,۲۲ مرداد ۱۴۰۵، ۲۰:۵۶,https://divar.ir/v/ga91_-iG
زمین مسکونی ۲۹۴ خوش قیمت,فروش,بازکیاگوراب,,,,"‏۳,۳۰۰,۰۰۰,۰۰۰ تومان","‏۱۱,۲۲۴,۰۰۰ تومان",,۲۴ تیر ۱۴۰۵، ۱۲:۴۱,https://divar.ir/v/gaX5kvcD
فروش واحد ۷۰ متر _ اوایل وحدت _ پارکینگ اختصاصی,فروش,کوی زمانی,۷۰,۱۴۰۰,۲,"‏۵,۸۰۰,۰۰۰,۰۰۰ تومان","‏۸۲,۸۵۷,۰۰۰ تومان",۱ از ۲,۲۸ تیر ۱۴۰۵، ۱۳:۱۲,https://divar.ir/v/gactppML
واحد ۱۱۱ متری با ورودی مستقل ، پارکینگ ،حیاط خلوت,فروش,گلستان,۱۱۱,۱۳۹۳,۲,"‏۹,۰۰۰,۰۰۰,۰۰۰ تومان","‏۸۱,۰۸۱,۰۰۰ تومان",همکف,۲۲ مرداد ۱۴۰۵، ۲۰:۰۹,https://divar.ir/v/ga9Jfk7D
۲ واحد ۱۰۰ متری مجزا,فروش,لیالستان,۲۰۰,۱۴۰۵,۴,"‏۱۵,۰۰۰,۰۰۰,۰۰۰ تومان","‏۶۵,۲۱۷,۰۰۰ تومان",,۲۲ مرداد ۱۴۰۵، ۱۹:۴۵,https://divar.ir/v/ga91ean9
آپارتمان ۱۱۵ متری کوی زمانی خ شهید جعفری,رهن کامل,کوی زمانی,۱۱۵,۱۳۹۴,۲,,,۲,۲۲ مرداد ۱۴۰۵، ۱۹:۲۱,https://divar.ir/v/ga9dOvIn
ویلا لاکچری لاهیجان,فروش,آهندان,۵۸۰,۱۴۰۰,+۴,"‏۲۵,۰۰۰,۰۰۰,۰۰۰ تومان","‏۲۰,۸۳۳,۰۰۰ تومان",,۲۰ مرداد ۱۴۰۵، ۱۱:۵۹,https://divar.ir/v/ga61NMOF
فروش دو  واحد ویلا وهر واحد دو خوابه مبله کامل,فروش,بازکیاگوراب,۲۰۰,۱۳۹۰,۴,"‏۱۶,۰۰۰,۰۰۰,۰۰۰ تومان","‏۲۹,۰۹۰,۰۰۰ تومان",,۲۲ مرداد ۱۴۰۵، ۱۸:۵۴,https://divar.ir/v/ga9FOijc
فروش یه زمین خوشگل و خوش موقعیت توی گلرودبار,فروش,بازکیاگوراب,,,,"‏۸,۸۲۰,۰۰۰,۰۰۰ تومان","‏۱۵,۰۰۰,۰۰۰ تومان",,۲۲ مرداد ۱۴۰۵، ۱۸:۵۳,https://divar.ir/v/ga9FOdKy
اجاره اپارتمان,رهن و اجاره,یوسف آباد,۶۰,۱۳۹۳,۱,,,۳ از ۳,۲۲ مرداد ۱۴۰۵، ۱۸:۳۳,https://divar.ir/v/ga9xNqHr
ویلا ۲۳۰ متر نخجیر,فروش,لیالستان,۲۰۰,۱۴۰۵,۳,"‏۲۳,۰۰۰,۰۰۰,۰۰۰ تومان","‏۱۰۰,۰۰۰,۰۰۰ تومان",,۲۲ مرداد ۱۴۰۵، ۱۸:۳۱,https://divar.ir/v/ga9xtCns
۷۵مترآپارتمان     ۲خواب      خ شهدا,رهن و اجاره,کوی آزادگان,۷۵,۱۴۰۰,۲,,,۲ از ۲,۲۲ مرداد ۱۴۰۵، ۱۸:۲۰,https://divar.ir/v/ga9ltt5j
اجاره سوییت مسکونی,رهن و اجاره,بازکیاگوراب,۳۰,۱۴۰۴,بدون اتاق,,,,۲۲ مرداد ۱۴۰۵، ۱۸:۱۷,https://divar.ir/v/ga9h97JN
ویلا سوئیت,رهن و اجاره,بازکیاگوراب,۲۰۰,۱۳۹۰,۴,,,,۲۲ مرداد ۱۴۰۵، ۱۸:۱۵,https://divar.ir/v/ga9htVr9
شالیزار چسبیده به مسکونی,فروش,لیالستان,,,,"‏۱,۵۰۰,۰۰۰,۰۰۰ تومان","‏۱,۲۵۰,۰۰۰ تومان",,۲۲ مرداد ۱۴۰۵، ۱۸:۰۰,https://divar.ir/v/ga9Rd5Bt
ویلا نوساز سندار,فروش,لفمجان,۱۳۰,۱۴۰۴,۲,"‏۱۳,۰۰۰,۰۰۰,۰۰۰ تومان","‏۲۴,۵۲۸,۰۰۰ تومان",,۲۲ مرداد ۱۴۰۵، ۱۷:۵۳,https://divar.ir/v/ga9NNUDD
200متر زمین مسکونی با پروانه و سند  بازکیاگوراب,فروش,بازکیاگوراب,,,,"‏۲,۹۰۰,۰۰۰,۰۰۰ تومان","‏۱۴,۵۰۰,۰۰۰ تومان",,۲۲ مرداد ۱۴۰۵، ۱۷:۴۱,https://divar.ir/v/ga9BdG5F
اجاره ۱۴۰ متری_ مستقل_ گلستان ۱۱_ فول بازسازی,رهن کامل,گلستان,۱۴۰,۱۳۹۳,۲,,,۱ از ۲,۱۲ مرداد ۱۴۰۵، ۱۸:۱۴,https://divar.ir/v/gawlaC2l
رهن و اجاره ۸۵ متری ۲ خواب_ کارگر_ قیمت استثنایی,رهن کامل,رجایی,۸۵,۱۳۹۸,۲,,,۱ از ۴,۸ مرداد ۱۴۰۵، ۱۵:۵۲,https://divar.ir/v/garFEyKg
فروش مغازه ۳۰ متری,فروش,امیرشهید,۳۰,۱۳۸۴,بدون اتاق,"‏۱۱,۰۰۰,۰۰۰,۰۰۰ تومان","‏۳۶۶,۶۶۶,۰۰۰ تومان",,۲۴ تیر ۱۴۰۵، ۱۰:۱۰,https://divar.ir/v/gaXtCcM9
اجاره فوری ۱۱۰ متری_ فول امکانات_ شیشه گران,رهن و اجاره,شیشه گران,۱۱۰,۱۳۹۸,۲,,,۲ از ۴,۷ مرداد ۱۴۰۵، ۰۹:۵۹,https://divar.ir/v/gap15jIH
فروش ویلای هوشمند دوبلکس، ویو ابدی در لاهیجان,فروش,لیل,۱۸۳,۱۴۰۴,۳,"‏۲۵,۰۰۰,۰۰۰,۰۰۰ تومان","‏۸۳,۳۳۳,۰۰۰ تومان",,۲۲ مرداد ۱۴۰۵، ۱۶:۳۱,https://divar.ir/v/ga9BcGyI
زمین مسکونی حاجی آباد,فروش,حاجی آباد,,,,"‏۸,۰۰۰,۰۰۰,۰۰۰ تومان","‏۳۸,۴۶۱,۰۰۰ تومان",,۲۲ مرداد ۱۴۰۵، ۱۶:۱۵,https://divar.ir/v/ga9xrda_
فروش وتهاترسرقفلی یکباب مغازه۱۹متری پاساژ ابریشمی,فروش,خمیر کلایه,۱۹,۱۴۰۰,بدون اتاق,"‏۴,۸۰۰,۰۰۰,۰۰۰ تومان","‏۲۵۲,۶۳۱,۰۰۰ تومان",,۲۲ مرداد ۱۴۰۵، ۱۵:۴۰,https://divar.ir/v/ga9R7DOv
فروش زمین مسکونی لاهیجان,فروش,آهندان,,,,"‏۶,۸۰۰,۰۰۰,۰۰۰ تومان","‏۱۲,۱۴۲,۰۰۰ تومان",,۱۹ مرداد ۱۴۰۵، ۱۲:۲۲,https://divar.ir/v/ga5FJDbh
اجاره واحدمستقل ۸۵م۲خاب گلستان شیک تمیزفول امکانات,رهن و اجاره,گلستان,۸۵,۱۳۹۷,۲,,,۱,۲۲ مرداد ۱۴۰۵، ۱۵:۳۴,https://divar.ir/v/ga9JbhVC
فروش ویلای۳۰۰متری+۸۰۰متر محوطه+ ۳خواب,فروش,لیل,۳۰۰,۱۴۰۵,۳,"‏۳۰,۰۰۰,۰۰۰,۰۰۰ تومان","‏۳۷,۵۰۰,۰۰۰ تومان",,۲۳ تیر ۱۴۰۵، ۱۰:۵۶,https://divar.ir/v/gaVRul-c
فروش زمین ۴۵۰متری کامل مسکونی با جواز ساخت,فروش,قیام,,,,"‏۶,۶۰۰,۰۰۰,۰۰۰ تومان","‏۱۴,۶۶۶,۰۰۰ تومان",,۲۳ تیر ۱۴۰۵، ۱۰:۵۶,https://divar.ir/v/gaVFeyfO
فروش ملک ویلایی شهری لاهیجان_مناسب ساخت_سکونت,فروش,یحی آباد,۱۱۴,۱۳۷۲,۲,"‏۲۵,۳۰۰,۰۰۰,۰۰۰ تومان","‏۹۴,۷۵۶,۰۰۰ تومان",,۲۲ مرداد ۱۴۰۵، ۱۵:۰۴,https://divar.ir/v/ga9pa-hj
زمین  لاهیجان منطقه لیالستان بیجاربسته سر,فروش,لیالستان,,,,"‏۳,۵۰۰,۰۰۰,۰۰۰ تومان","‏۱۴,۰۰۰,۰۰۰ تومان",,۲۵ تیر ۱۴۰۵، ۱۶:۲۹,https://divar.ir/v/gaYV9YAY
رهن سوئیت ،شیخ زاهد 32,رهن کامل,لیالستان,۵۰,۱۳۹۰,۱,,,,۲۲ مرداد ۱۴۰۵، ۱۴:۴۲,https://divar.ir/v/ga9ZKn9g
فروش زمین مسکونی در سوستان با نامه بنیاد مسکن,فروش,لیل,,,,"‏۱۴,۸۲۰,۰۰۰,۰۰۰ تومان","‏۳۸,۰۰۰,۰۰۰ تومان",,۲۲ مرداد ۱۴۰۵، ۱۴:۴۰,https://divar.ir/v/ga9VKtMK
زمین کلنگی,فروش,لیالستان,,,,"‏۱,۲۰۰,۰۰۰,۰۰۰ تومان","‏۱۰,۰۰۰,۰۰۰ تومان",,۲۲ مرداد ۱۴۰۵، ۱۴:۴۰,https://divar.ir/v/ga9VqyqH
زمین مسکونی,فروش,لفمجان,,,,"‏۲,۱۰۰,۰۰۰,۰۰۰ تومان","‏۵,۷۵۳,۰۰۰ تومان",,۲۲ مرداد ۱۴۰۵، ۱۴:۳۵,https://divar.ir/v/ga9VaAOY
فروش واحد حدودا ۶۰ متر کوی زمانی،قیمت مناسب,فروش,کوی زمانی,۶۰,۱۳۹۶,۱,"‏۴,۷۰۰,۰۰۰,۰۰۰ تومان","‏۷۸,۳۳۳,۰۰۰ تومان",۱ از ۲,۲۲ مرداد ۱۴۰۵، ۱۴:۳۲,https://divar.ir/v/ga9RKEhq
زمین باغی,فروش,لیل,,,,"‏۲,۱۰۰,۰۰۰,۰۰۰ تومان","‏۱,۰۵۰,۰۰۰ تومان",,۲۲ مرداد ۱۴۰۵، ۱۴:۲۸,https://divar.ir/v/ga9N6EFw
واحد ویو دار ۱۱۸ متری_در بهترین لوکیشن لاهیجان,فروش,شیخ زاهد,۱۱۸,۱۴۰۲,۲,"‏۱۳,۵۰۰,۰۰۰,۰۰۰ تومان","‏۱۱۴,۴۰۶,۰۰۰ تومان",۱ از ۲,۲۲ مرداد ۱۴۰۵، ۱۴:۰۳,https://divar.ir/v/ga915P-a
فروش تکواحدی ۱۴۳ متری _بر دوم شیخ زاهد,فروش,شیخ زاهد,۱۴۳,۱۴۰۴,۳,"‏۲۸,۶۰۰,۰۰۰,۰۰۰ تومان","‏۲۰۰,۰۰۰,۰۰۰ تومان",۲ از ۵,۲۲ مرداد ۱۴۰۵، ۱۳:۴۷,https://divar.ir/v/ga9lJs4l
تعویض ویلا درلاهیجان ۷۳۴ متری با خانه درتهران,فروش,بازکیاگوراب,۱۰۰,۱۳۸۴,۲,"‏۲۰,۰۰۰,۰۰۰,۰۰۰ تومان","‏۲۷,۲۴۷,۰۰۰ تومان",,۲۲ مرداد ۱۴۰۵، ۱۳:۴۴,https://divar.ir/v/ga9d58Zh
زمین مسکونی به متراژ 200 متر,فروش,گلستان,,,,"‏۱,۵۵۰,۰۰۰,۰۰۰ تومان","‏۷,۷۵۰,۰۰۰ تومان",,۲۰ مرداد ۱۴۰۵، ۱۵:۵۴,https://divar.ir/v/ga7Nx-yC
فروش زمین در لاهیجان خیابان سعدی,فروش,کوه بیجار,,,,"‏۲۹,۰۰۰,۰۰۰,۰۰۰ تومان","‏۵۹,۷۹۳,۰۰۰ تومان",,۲۲ مرداد ۱۴۰۵، ۱۳:۴۲,https://divar.ir/v/ga9d5CIl
زمین باغی,فروش,لیل,,,,"‏۲,۱۰۰,۰۰۰,۰۰۰ تومان","‏۱,۰۵۰,۰۰۰ تومان",,۱۰ مرداد ۱۴۰۵، ۲۰:۳۳,https://divar.ir/v/gauZSrAR
فیاض طبقه اول مستقل 100 متر نوساز فول 1400_20,رهن و اجاره,فیاض,۱۰۰,۱۴۰۴,۲,,,۱,۲۲ مرداد ۱۴۰۵، ۱۳:۳۹,https://divar.ir/v/ga9dZa9a
زمین باغی,فروش,لیل,,,,"‏۲,۱۰۰,۰۰۰,۰۰۰ تومان","‏۱,۰۵۰,۰۰۰ تومان",,۱۰ مرداد ۱۴۰۵، ۲۱:۲۰,https://divar.ir/v/gauFDvpH
واحد لوکس نوساز نزدیک استخر,فروش,کوی خزر,۱۵۰,۱۴۰۵,۳,"‏۲۲,۵۰۰,۰۰۰,۰۰۰ تومان","‏۱۵۰,۰۰۰,۰۰۰ تومان",۱ از ۵,۲۰ تیر ۱۴۰۵، ۱۹:۰۴,https://divar.ir/v/gaSF2-nC
زمین باغی در گیلان . لاهیجان,فروش,لیالستان,,,,"‏۱۴,۰۰۰,۰۰۰,۰۰۰ تومان","‏۲۰,۰۰۰,۰۰۰ تومان",,۲۲ مرداد ۱۴۰۵، ۱۳:۱۹,https://divar.ir/v/ga9FZNC2
فروش ویلا لاهیجان میدان شیخ زاهد نخجیر,فروش,لیالستان,۱۴۰,۱۳۹۵,۳,"‏۱۳,۰۰۰,۰۰۰,۰۰۰ تومان","‏۵۹,۰۹۰,۰۰۰ تومان",,۲۲ مرداد ۱۴۰۵، ۱۳:۱۷,https://divar.ir/v/ga9JJVC3
انباری 35 متری,رهن و اجاره,کوی زمانی,۳۵,۱۴۰۰,بدون اتاق,,,,۲۲ مرداد ۱۴۰۵، ۱۳:۱۷,https://divar.ir/v/ga85Ldaq
فروش ویلا سه خواب در طبیعت لاهیجان,فروش,لفمجان,۹۰,۱۴۰۴,۳,"‏۱۰,۰۰۰,۰۰۰,۰۰۰ تومان","‏۲۲,۲۲۲,۰۰۰ تومان",,۲۲ مرداد ۱۴۰۵، ۱۲:۵۵,https://divar.ir/v/ga91IdFv
فرصت ساخت ویلای لوکس_پروانه ساخت_ویو ابدی _نخجیر,فروش,لیالستان,,,,"‏۹,۶۵۰,۰۰۰,۰۰۰ تومان","‏۲۰,۶۶۳,۰۰۰ تومان",,۲۵ آبان ۱۴۰۴، ۰۷:۲۳,https://divar.ir/v/QaZkE7J3
باغ‌ویلا لوکس8500متری بدون مشابه_ پنج خواب مستر,فروش,شیخ زاهد,۷۰۰,۱۳۹۰,+۴,"‏۳۵۰,۰۰۰,۰۰۰,۰۰۰ تومان","‏۴۱,۱۷۶,۰۰۰ تومان",,۲۳ تیر ۱۴۰۵، ۰۷:۳۷,https://divar.ir/v/gaVVL93i
برج ساحلی لوکس 32 واحدی رامسر _ پلاک اول دریا,فروش,شیخ زاهد,۵۰۰۰,۱۴۰۴,۳,"‏۷۵۰,۰۰۰,۰۰۰,۰۰۰ تومان","‏۱۵۰,۰۰۰,۰۰۰ تومان",۱۰ از ۸,۲۲ مرداد ۱۴۰۵، ۱۲:۵۵,https://divar.ir/v/ga914Xru
پیش فروش یه واحد ۶۵ متری طبقه اول گلستان,فروش,گلستان,,,,,,,۲۲ مرداد ۱۴۰۵، ۱۲:۵۰,https://divar.ir/v/ga9pYyQw
فروش اپارتمان نوساز در کاشف شرقی,فروش,شیشه گران,۱۰۱,۱۴۰۴,۲,"‏۱۶,۰۰۰,۰۰۰,۰۰۰ تومان","‏۱۵۸,۴۱۵,۰۰۰ تومان",۱,۲۲ مرداد ۱۴۰۵، ۱۲:۴۵,https://divar.ir/v/ga9toBQf
زمین مسکونی شهری,فروش,کوی استادان,,,,"‏۱۹,۵۰۰,۰۰۰,۰۰۰ تومان","‏۱۰۴,۲۷۸,۰۰۰ تومان",,۲۲ مرداد ۱۴۰۵، ۱۲:۴۲,https://divar.ir/v/ga9pIXgU
یه قطعه زمین باغی به مساحت 515,فروش,لیالستان,,,,"‏۵,۰۰۰,۰۰۰,۰۰۰ تومان","‏۹,۷۰۸,۰۰۰ تومان",,۲۲ مرداد ۱۴۰۵، ۱۲:۳۰,https://divar.ir/v/ga9dYI13
فروش واحد 82 متری با ویو کوه,فروش,یوسف آباد,۸۲,۱۳۹۸,۲,"‏۱۱,۰۰۰,۰۰۰,۰۰۰ تومان","‏۱۳۴,۱۴۶,۰۰۰ تومان",۶,۲۲ مرداد ۱۴۰۵، ۱۲:۲۴,https://divar.ir/v/ga9VI9lg
فروش آپارتمان,فروش,کوی خزر,۸۱,۱۳۸۶,۲,"‏۹,۰۰۰,۰۰۰,۰۰۰ تومان","‏۱۱۱,۱۱۱,۰۰۰ تومان",۳ از ۴,۲۲ مرداد ۱۴۰۵، ۱۲:۰۰,https://divar.ir/v/ga9Bonz5
فروش ویلای دوبلکس لوکس در بیجارباغ لاهیجان,فروش,لیل,۲۰۰,۱۴۰۳,۲,"‏۵۰,۰۰۰,۰۰۰,۰۰۰ تومان","‏۷۶,۹۲۳,۰۰۰ تومان",,۸ مرداد ۱۴۰۵، ۱۲:۱۴,https://divar.ir/v/gartwLlL
فروش خانه باغ دنج و زیبا,فروش,آهندان,۱۲۶,۱۳۸۰,۲,"‏۳۲,۰۰۰,۰۰۰,۰۰۰ تومان","‏۳۱,۲۱۹,۰۰۰ تومان",,۲۲ مرداد ۱۴۰۵، ۱۱:۵۳,https://divar.ir/v/ga95Hd-L
فروش ویلایی 116 متری رسالت,فروش,لیالستان,۷۰,۱۳۹۰,۲,"‏۱۳,۰۰۰,۰۰۰,۰۰۰ تومان","‏۱۱۲,۰۶۸,۰۰۰ تومان",,۲۲ مرداد ۱۴۰۵، ۱۱:۴۰,https://divar.ir/v/ga9tn8Sk
لاهیجان ویلایی ۵۰۰ متر ویو جنگل سند دار,فروش,لیالستان,۱۲۰,۱۳۹۰,۲,"‏۱۰,۰۰۰,۰۰۰,۰۰۰ تومان","‏۲۰,۰۰۰,۰۰۰ تومان",,۱۶ تیر ۱۴۰۵، ۱۹:۵۶,https://divar.ir/v/gaNhSa4F
لاهیجان فروش آپارتمان مستقل 90 متری در رزمندگان,فروش,کوی زمانی,۹۰,۱۳۹۰,۲,"‏۷,۰۰۰,۰۰۰,۰۰۰ تومان","‏۷۷,۷۷۷,۰۰۰ تومان",۱ از ۲,۲۲ مرداد ۱۴۰۵، ۱۱:۳۳,https://divar.ir/v/ga9ZXALd
فروش ویلای ۴۶۴ متری بابر ۲۰و یه بنای ۱۰۰ متری شیک,فروش,بازکیاگوراب,۱۰۰,۱۳۹۵,۲,"‏۶,۵۰۰,۰۰۰,۰۰۰ تومان","‏۱۴,۰۰۸,۰۰۰ تومان",,۲۲ مرداد ۱۴۰۵، ۱۱:۲۷,https://divar.ir/v/ga9h3SE5
زمین مسکونی,فروش,آهندان,,,,"‏۳,۰۰۰,۰۰۰,۰۰۰ تومان","‏۱۲,۴۴۸,۰۰۰ تومان",,۲۲ مرداد ۱۴۰۵، ۱۱:۲۰,https://divar.ir/v/ga9dnAFS
آپارتمان ۱۳۶ متری ۲ خواب فول بازسازی بر اصلی شهدا,فروش,خمیر کلایه,۱۳۶,۱۳۸۲,۲,"‏۱۱,۰۰۰,۰۰۰,۰۰۰ تومان","‏۸۰,۸۸۲,۰۰۰ تومان",۱ از ۳,۲۲ مرداد ۱۴۰۵، ۱۰:۵۱,https://divar.ir/v/ga9BXWSH
فروش زمین ۱۸۵ متر سند دار لاهیجان,فروش,شهرک فرهنگیان,,,,"‏۸,۰۰۰,۰۰۰,۰۰۰ تومان","‏۴۳,۲۴۳,۰۰۰ تومان",,۲۴ تیر ۱۴۰۵، ۱۵:۰۵,https://divar.ir/v/gaXBXPI-
پیش فروش واحد ۱۱۵ متری براصلی شقایق,فروش,مهرگان,۱۱۵,۱۴۰۴,۲,"‏۱۶,۵۰۰,۰۰۰,۰۰۰ تومان","‏۱۴۳,۴۷۸,۰۰۰ تومان",۳ از ۶,۲۲ مرداد ۱۴۰۵، ۱۰:۳۹,https://divar.ir/v/ga91Wj7A
ویلایی زیبا و دل نشین,فروش,آهندان,۸۰,۱۳۹۵,۲,"‏۹,۰۰۰,۰۰۰,۰۰۰ تومان","‏۱۹,۲۳۰,۰۰۰ تومان",,۲۲ مرداد ۱۴۰۵، ۱۰:۳۸,https://divar.ir/v/ga912LrG
زمین برجاده داخل بافت مسکونی,فروش,لیل,,,,"‏۴,۰۰۰,۰۰۰,۰۰۰ تومان","‏۱۰,۰۰۰,۰۰۰ تومان",,۲۲ مرداد ۱۴۰۵، ۱۰:۱۹,https://divar.ir/v/ga9hmrHp
زمین مسکونی همراه جواز ساخت در لاهیجان,فروش,لیل,,,,"‏۴,۵۰۰,۰۰۰,۰۰۰ تومان","‏۱۰,۴۶۵,۰۰۰ تومان",,۲۲ مرداد ۱۴۰۵، ۱۰:۱۵,https://divar.ir/v/ga9dW7SW
آپارتمان,فروش,بوجایه,۷۲,۱۳۹۷,۲,"‏۷,۳۰۰,۰۰۰,۰۰۰ تومان","‏۱۰۱,۳۸۸,۰۰۰ تومان",۱,۲۲ مرداد ۱۴۰۵، ۰۹:۴۳,https://divar.ir/v/ga9BWYrb
لاهیجان-فروش خونه ویلایی 270 متری در شیشه گران,فروش,رجایی,,,,"‏۵۸,۰۰۰,۰۰۰,۰۰۰ تومان","‏۲۱۴,۸۱۴,۰۰۰ تومان",,۲۲ مرداد ۱۴۰۵، ۰۹:۳۵,https://divar.ir/v/ga95FfTp
آپارتمان تک واحدی 110 متری نوساز,فروش,گلستان,۱۱۰,۱۳۹۵,۲,"‏۱۷,۷۰۰,۰۰۰,۰۰۰ تومان","‏۱۶۰,۹۰۹,۰۰۰ تومان",۳ از ۳,۲۷ خرداد ۱۴۰۵، ۰۹:۵۲,https://divar.ir/v/gaywz7ii
آپارتمان بر بلوار امام رضا متراژ ۱۴۰ متر,فروش,گلستان,۱۴۰,۱۴۰۵,۳,"‏۲۷,۵۰۰,۰۰۰,۰۰۰ تومان","‏۱۹۶,۴۲۸,۰۰۰ تومان",۶,۲۲ مرداد ۱۴۰۵، ۰۸:۱۸,https://divar.ir/v/ga9x0cOz
فروش  خانه  ویلایی,فروش,بازکیاگوراب,۸۰,۱۳۹۰,۲,"‏۲۰,۰۰۰,۰۰۰,۰۰۰ تومان","‏۸۰,۰۰۰,۰۰۰ تومان",,۲۲ مرداد ۱۴۰۵، ۰۷:۵۷,https://divar.ir/v/ga9dkwi2
زمین مسکونی با پروانه در کتشال,فروش,لیل,,,,"‏۹,۰۰۰,۰۰۰,۰۰۰ تومان","‏۳۰,۰۰۰,۰۰۰ تومان",,۲۲ مرداد ۱۴۰۵، ۰۰:۴۰,https://divar.ir/v/ga8Bu5BH
اجاره سالیانه آپارتمان,رهن و اجاره,آهندان,۸۰,۱۴۰۱,۲,,,۱,۲۲ مرداد ۱۴۰۵، ۰۰:۱۹,https://divar.ir/v/ga8x9PXt
زمین مسکونی وباغی،دومسیره،خیابان نخجیر،نبش بهارهفت,فروش,طالقانی,,,,"‏۲۲,۰۰۰,۰۰۰,۰۰۰ تومان","‏۱۳,۷۵۰,۰۰۰ تومان",,۲۱ مرداد ۱۴۰۵، ۲۲:۴۷,https://divar.ir/v/ga8ZMr57
فروش ویلا,فروش,آهندان,۱۱۷,۱۳۹۵,۲,"‏۹,۲۰۰,۰۰۰,۰۰۰ تومان","‏۳۱,۱۸۶,۰۰۰ تومان",,۲۱ مرداد ۱۴۰۵، ۲۲:۴۶,https://divar.ir/v/ga8VclnQ
زمین مسکونی و باغی,فروش,لیالستان,,,,"‏۸,۵۰۰,۰۰۰,۰۰۰ تومان","‏۷,۲۶۴,۰۰۰ تومان",,۲۱ مرداد ۱۴۰۵، ۲۲:۴۳,https://divar.ir/v/ga8Vsziq
اجاره واحد ۹۰متری,رهن و اجاره,آهندان,۹۰,۱۴۰۰,۱,,,,۲۱ مرداد ۱۴۰۵، ۲۲:۳۶,https://divar.ir/v/ga8RMRIj
همکف ۶۵ متری,فروش,کوی آزادگان,۶۵,۱۳۸۰,۲,"‏۶,۰۰۰,۰۰۰,۰۰۰ تومان","‏۹۲,۳۰۷,۰۰۰ تومان",همکف,۲۱ مرداد ۱۴۰۵، ۲۲:۰۲,https://divar.ir/v/ga8t70P0
باغ چای 4500 متر,فروش,لیالستان,,,,"‏۱,۸۰۰,۰۰۰,۰۰۰ تومان","‏۴,۰۰۰,۰۰۰ تومان",,۲۱ مرداد ۱۴۰۵، ۲۱:۳۲,https://divar.ir/v/ga8RrvZx
فروش یک قطعه زمین مسکونی,فروش,لیالستان,,,,"‏۳,۰۰۰,۰۰۰,۰۰۰ تومان","‏۱۳,۶۳۶,۰۰۰ تومان",,۷ مرداد ۱۴۰۵، ۱۴:۳۴,https://divar.ir/v/gapxtnX7
فروش واحد ۷۰متری,فروش,بوجایه,۷۰,۱۳۹۵,۲,"‏۶,۸۰۰,۰۰۰,۰۰۰ تومان","‏۹۷,۱۴۲,۰۰۰ تومان",۲,۲۱ مرداد ۱۴۰۵، ۲۱:۱۸,https://divar.ir/v/ga8F7y8k
زمین شالیکاری,فروش,آهندان,,,,"‏۵۰,۰۰۰,۰۰۰,۰۰۰ تومان","‏۳,۳۳۳,۰۰۰ تومان",,۲۱ مرداد ۱۴۰۵، ۲۰:۴۶,https://divar.ir/v/ga8pqQaU
زمین نقلی رودبنه، نزدیک لاهیجان، آماده ساخت ویلا,فروش,انقلاب,,,,"‏۱,۲۸۰,۰۰۰,۰۰۰ تومان","‏۱۲,۹۲۹,۰۰۰ تومان",,۲۵ تیر ۱۴۰۵، ۲۲:۵۲,https://divar.ir/v/gaZ9yV_v
پیش فروش واحد ۸۲متری در دانش,فروش,کوی آزادگان,,,,,,,۲۱ مرداد ۱۴۰۵، ۲۰:۲۲,https://divar.ir/v/ga8Rqu-C
آپارتمان دونبش طبقه اول,فروش,کوی خزر,۱۰۸,۱۳۷۶,۲,"‏۱۰,۰۰۰,۰۰۰,۰۰۰ تومان","‏۹۲,۵۹۲,۰۰۰ تومان",۱ از ۳,۲۱ مرداد ۱۴۰۵، ۲۰:۱۴,https://divar.ir/v/ga8FqQZk
زمین با سند تک برگ و کاربری مسکونی,فروش,بازکیاگوراب,,,,"‏۴,۱۲۵,۰۰۰,۰۰۰ تومان","‏۱۵,۰۰۰,۰۰۰ تومان",,۱۴ مرداد ۱۴۰۵، ۱۷:۳۸,https://divar.ir/v/gaspVI58
۴۵۰مترزمین مسکونی و بنای ۱۳۰متری,فروش,لفمجان,۱۳۰,۱۳۸۲,۳,"‏۴,۹۵۰,۰۰۰,۰۰۰ تومان","‏۱۱,۰۰۰,۰۰۰ تومان",,۲۱ مرداد ۱۴۰۵، ۱۹:۴۰,https://divar.ir/v/ga8p5dJU
فروش زمین لاهیجان,فروش,آهندان,,,,"‏۲,۸۰۰,۰۰۰,۰۰۰ تومان","‏۷,۰۰۰,۰۰۰ تومان",,۲۱ مرداد ۱۴۰۵، ۱۹:۰۱,https://divar.ir/v/ga8FZ4w6
رهن و اجاره محل مجهز به قالیشویی,رهن و اجاره,طالقانی,۹۰۰,۱۳۸۷,۱,,,,۲۱ مرداد ۱۴۰۵، ۱۸:۴۸,https://divar.ir/v/ga85o3Zb
۲۷۳ متر زمین مسکونی گیلان لاهیجان سیاهکل,فروش,لفمجان,,,,"‏۲,۳۰۰,۰۰۰,۰۰۰ تومان","‏۸,۴۲۴,۰۰۰ تومان",,۲۱ مرداد ۱۴۰۵، ۱۸:۲۴,https://divar.ir/v/ga8lXBPp
رهن و اجاره ۱۰۰متر  طبقه دوم,رهن و اجاره,کوی خزر,۱۰۰,۱۳۹۲,۲,,,۱,۲۱ مرداد ۱۴۰۵، ۱۸:۱۹,https://divar.ir/v/ga8d4jly
خانه ویلایی تجاری,فروش,فیاض,۱۳۵,۱۳۸۲,+۴,"‏۴۵,۰۰۰,۰۰۰,۰۰۰ تومان","‏۲۱۵,۳۱۱,۰۰۰ تومان",,۲۱ مرداد ۱۴۰۵، ۱۷:۵۳,https://divar.ir/v/ga8F4Tnx
دو واحد مسکونی لاهیجان،بیجاربنه,فروش,لیالستان,۹۸,۱۳۹۱,۲,"‏۳۰,۰۰۰,۰۰۰,۰۰۰ تومان","‏۵۸,۷۰۸,۰۰۰ تومان",,۲۱ مرداد ۱۴۰۵، ۱۷:۳۶,https://divar.ir/v/ga81nEDg
ویلا نوساز ۲۰۸ متری لاهیجان,فروش,شیخ زاهد,۱۱۴,۱۴۰۴,۲,"‏۷,۷۵۰,۰۰۰,۰۰۰ تومان","‏۳۷,۲۵۹,۰۰۰ تومان",,۸ تیر ۱۴۰۵، ۱۱:۴۱,https://divar.ir/v/gaCZy3F6
لاهیجان- فروش زمین مسکونی 3000 متری دره جیر,فروش,آهندان,,,,"‏۳۳,۰۰۰,۰۰۰,۰۰۰ تومان","‏۱۱,۰۰۰,۰۰۰ تومان",,۲۱ مرداد ۱۴۰۵، ۱۷:۱۱,https://divar.ir/v/ga8dX1p7
سویت ۷۰متری پارکینگ دار.سند دار,فروش,آهندان,۷۰,۱۴۰۲,۱,"‏۴,۷۰۰,۰۰۰,۰۰۰ تومان","‏۵۵,۲۹۴,۰۰۰ تومان",,۲۱ مرداد ۱۴۰۵، ۱۷:۱۰,https://divar.ir/v/ga8d3cyv
لاهیجان- فروش زمین مسکونی 640 متری کوره بر,فروش,آهندان,,,,"‏۸,۳۵۰,۰۰۰,۰۰۰ تومان","‏۱۳,۰۴۶,۰۰۰ تومان",,۲۱ مرداد ۱۴۰۵، ۱۷:۰۸,https://divar.ir/v/ga8dHJI6
لاهیجان،رهن اجاره خونه ویلایی 280متری در شیشه گران,رهن کامل,رجایی,۱۲۰,۱۳۸۰,۲,,,,۲۱ مرداد ۱۴۰۵، ۱۷:۰۶,https://divar.ir/v/ga8ZHwvd
فروش ویلای دوبلکس نیمه کاره لاهیجان ابتدای لاشیدان,فروش,بازکیاگوراب,۱۹۹,۱۴۰۵,+۴,"‏۷,۵۰۰,۰۰۰,۰۰۰ تومان","‏۲۶,۷۸۵,۰۰۰ تومان",,۲۱ مرداد ۱۴۰۵، ۱۶:۴۲,https://divar.ir/v/ga8FXIcF
فروش ویلا,فروش,لیل,۲۴۰,۱۴۰۴,۳,"‏۴۵,۰۰۰,۰۰۰,۰۰۰ تومان","‏۱۶۶,۶۶۶,۰۰۰ تومان",,۱۰ مرداد ۱۴۰۵، ۱۶:۳۲,https://divar.ir/v/gat1-Lwf
واگذاری باغ رستوران با قرارداد 5ساله 250ملیون رهن,رهن کامل,گلستان,۵۰۰,۱۴۰۵,۱,,,,۲۰ مرداد ۱۴۰۵، ۱۵:۴۸,https://divar.ir/v/ga7JhuJ4
پیش فروش ۱۰۵ متری,فروش,کاروانسرابر,,,,,,,۲۳ خرداد ۱۴۰۵، ۱۶:۴۹,https://divar.ir/v/gatgVYE4
فروش ویلایی بازکیاگوراب,فروش,بازکیاگوراب,۱۱۵,۱۳۹۲,۲,"‏۸,۰۰۰,۰۰۰,۰۰۰ تومان","‏۳۳,۰۵۷,۰۰۰ تومان",,۲۱ مرداد ۱۴۰۵، ۱۵:۳۱,https://divar.ir/v/ga8BmeXk
فروش یا معاوضه ویلایی,فروش,شقایق,۱۲۰,۱۳۸۰,۳,"‏۱۵,۰۰۰,۰۰۰,۰۰۰ تومان","‏۵۰,۰۰۰,۰۰۰ تومان",,۲۱ مرداد ۱۴۰۵، ۱۴:۲۸,https://divar.ir/v/ga8B13Zg
اجاره آپارتمان ۱۲۵ متری تکواحد دو خوابه در ازادگان,رهن و اجاره,کوی آزادگان,۱۲۵,۱۴۰۱,۲,,,۲ از ۳,۲۱ مرداد ۱۴۰۵، ۱۴:۲۲,https://divar.ir/v/ga8BlXcd
زمین باغی,فروش,لیل,,,,"‏۱,۲۰۰,۰۰۰,۰۰۰ تومان","‏۵,۲۱۷,۰۰۰ تومان",,۲۱ مرداد ۱۴۰۵، ۱۴:۱۵,https://divar.ir/v/ga85UvWi
فروش  یا معاوضه زمین در اول ازادراه سیاهکل رشت,فروش,لفمجان,,,,"‏۶,۰۰۰,۰۰۰,۰۰۰ تومان","‏۱۳,۹۸۶,۰۰۰ تومان",,۲۱ مرداد ۱۴۰۵، ۱۴:۰۲,https://divar.ir/v/ga8tUY33
خانه ویلایی در یکی. از روستای لاهیجان,فروش,لیالستان,۱۲۰,۱۳۸۶,۲,"‏۲۲,۰۰۰,۰۰۰,۰۰۰ تومان","‏۲۰,۵۶۰,۰۰۰ تومان",,۲۱ مرداد ۱۴۰۵، ۱۳:۵۸,https://divar.ir/v/ga8p02xO
ویلا در روستای لفمجان ...لاهیجان,فروش,لفمجان,۱۴۰,۱۴۰۵,۲,"‏۱۰,۲۰۰,۰۰۰,۰۰۰ تومان","‏۴۰,۸۰۰,۰۰۰ تومان",,۲۱ مرداد ۱۴۰۵، ۱۳:۵۵,https://divar.ir/v/ga8pkFDy
زمین مسکونی لاهیجان خورتای,فروش,آهندان,,,,"‏۸,۰۰۰,۰۰۰,۰۰۰ تومان","‏۱۳,۶۷۵,۰۰۰ تومان",,۲۱ مرداد ۱۴۰۵، ۱۳:۴۲,https://divar.ir/v/ga8Zkhf0
منزل کلنگی بافت شهری کاورانسرابر سند تک برگ,فروش,کاروانسرابر,,,,"‏۱۹,۵۶۰,۰۰۰,۰۰۰ تومان","‏۶۰,۰۰۰,۰۰۰ تومان",,۲۴ خرداد ۱۴۰۵، ۲۱:۱۱,https://divar.ir/v/gaucOpQR
زمین فروش زمین مسکونی ۲۵۰ متری در لاهیجان-لفمجان,فروش,لفمجان,,,,"‏۲,۰۰۰,۰۰۰,۰۰۰ تومان","‏۸,۰۰۰,۰۰۰ تومان",,۱۳ مرداد ۱۴۰۵، ۱۳:۲۱,https://divar.ir/v/gaxZbJTV
فروش زمین مسکونی,فروش,بازکیاگوراب,,,,"‏۵,۸۰۰,۰۰۰,۰۰۰ تومان","‏۱۲,۴۴۶,۰۰۰ تومان",,۱۳ مرداد ۱۴۰۵، ۱۱:۴۵,https://divar.ir/v/gax9pMXf
۲۰۰مترزمین منطقه چهل‌ستون لاهیجان_مناسب ساخت کلبه,فروش,آهندان,,,,"‏۱,۲۰۰,۰۰۰,۰۰۰ تومان","‏۶,۰۰۰,۰۰۰ تومان",,۲۱ مرداد ۱۴۰۵، ۱۲:۰۶,https://divar.ir/v/ga8Bzi8a
زمین 256 متری در لاهیجان، ویو کوه,فروش,آهندان,,,,"‏۳,۱۰۰,۰۰۰,۰۰۰ تومان","‏۱۲,۱۰۹,۰۰۰ تومان",,۲۲ تیر ۱۴۰۵، ۲۲:۳۱,https://divar.ir/v/gaVVjgsm
فروش زمین ۲۷۵ متری در یاس,فروش,لیل,,,,"‏۸,۷۰۰,۰۰۰,۰۰۰ تومان","‏۳۱,۶۳۶,۰۰۰ تومان",,۲۱ مرداد ۱۴۰۵، ۱۱:۳۱,https://divar.ir/v/ga8hSCg8
آپارتمان۷۸متری,فروش,کاروانسرابر,۷۸,۱۳۹۰,۲,"‏۶,۰۰۰,۰۰۰,۰۰۰ تومان","‏۷۶,۹۲۳,۰۰۰ تومان",۱ از ۲,۹ تیر ۱۴۰۵، ۱۸:۴۶,https://divar.ir/v/gaD1dXD9
۲۵۰ متر زمین مسکونی,فروش,بازکیاگوراب,,,,"‏۳,۷۵۰,۰۰۰,۰۰۰ تومان","‏۱۵,۰۰۰,۰۰۰ تومان",,۲۱ مرداد ۱۴۰۵، ۱۱:۰۰,https://divar.ir/v/ga8Bi0lN
زمین باغی داخل طرح ،سنددار,فروش,آهندان,,,,"‏۴,۵۰۰,۰۰۰,۰۰۰ تومان","‏۱۲,۵۰۰,۰۰۰ تومان",,۲۱ مرداد ۱۴۰۵، ۱۰:۵۸,https://divar.ir/v/ga8BSUiI
فروش ۲واحد ۹۰ متری + مغازه ۶۰متری,فروش,کوی خزر,۹۰,۱۳۹۰,۲,"‏۳۷,۰۰۰,۰۰۰,۰۰۰ تومان","‏۴۱۱,۱۱۱,۰۰۰ تومان",۱,۲۱ مرداد ۱۴۰۵، ۱۰:۴۶,https://divar.ir/v/ga8xBcym
قطعه زمین 250متری با کاربری مسکونی,فروش,بازکیاگوراب,,,,"‏۲,۵۰۰,۰۰۰,۰۰۰ تومان","‏۱۰,۰۰۰,۰۰۰ تومان",,۲۱ مرداد ۱۴۰۵، ۱۰:۲۸,https://divar.ir/v/ga8lRR1l
اجاره واحد نوساز در شیخ زاهد,رهن و اجاره,گلستان,۸۰,۱۴۰۵,۲,,,۱,۲۱ مرداد ۱۴۰۵، ۱۰:۲۴,https://divar.ir/v/ga8Zhyuk
۱۸۶۰ متر زمین مسکونی,فروش,لیالستان,,,,"‏۷,۸۱۲,۰۰۰,۰۰۰ تومان","‏۴,۲۰۰,۰۰۰ تومان",,۲۴ تیر ۱۴۰۵، ۰۷:۱۹,https://divar.ir/v/gaXJABL_
زمین شهری پشت دادگستری لاهیجان,فروش,حاجی آباد,,,,"‏۵,۸۰۰,۰۰۰,۰۰۰ تومان","‏۲۹,۰۰۰,۰۰۰ تومان",,۲۱ مرداد ۱۴۰۵، ۰۹:۲۰,https://divar.ir/v/ga8lgivB
فروش آپارتمان ۹۲ متری در گلستان,فروش,گلستان,۹۲,۱۴۰۴,۲,"‏۱۳,۵۰۰,۰۰۰,۰۰۰ تومان","‏۱۴۶,۷۳۹,۰۰۰ تومان",۲,۲۱ مرداد ۱۴۰۵، ۰۸:۵۵,https://divar.ir/v/ga8JQ3MP
یک قطعه زمین در سوستان کوهپایه ۱۲,فروش,لیل,,,,"‏۱۲,۰۰۰,۰۰۰,۰۰۰ تومان","‏۳۸,۳۳۸,۰۰۰ تومان",,۲۱ مرداد ۱۴۰۵، ۰۸:۱۲,https://divar.ir/v/ga7l_qYI
زمین 375 متری مسکونی,فروش,لیالستان,,,,"‏۳,۱۸۷,۰۰۰,۰۰۰ تومان","‏۸,۴۹۸,۰۰۰ تومان",,۲۱ مرداد ۱۴۰۵، ۰۲:۴۰,https://divar.ir/v/ga7tqa0S
مغازه,فروش,بازکیاگوراب,۳۰,۱۴۰۳,بدون اتاق,"‏۴,۰۰۰,۰۰۰,۰۰۰ تومان","‏۱۳۳,۳۳۳,۰۰۰ تومان",,۲۱ مرداد ۱۴۰۵، ۰۱:۴۲,https://divar.ir/v/ga75ZNuQ
250مترزمین دربافت روستا داخل طرح هادی,فروش,قیام,,,,"‏۴۱۰,۰۰۰,۰۰۰ تومان","‏۱,۶۴۰,۰۰۰ تومان",,۲۱ مرداد ۱۴۰۵، ۰۰:۵۷,https://divar.ir/v/ga7NJdal
آپارتمان درب مستقل,فروش,شهرک سلمان فارسی,۱۰۱,۱۴۰۳,۲,"‏۱۶,۰۰۰,۰۰۰,۰۰۰ تومان","‏۱۵۸,۴۱۵,۰۰۰ تومان",۱ از ۲,۲۱ مرداد ۱۴۰۵، ۰۰:۵۰,https://divar.ir/v/ga7JpC3W
فروش زمین باغی,فروش,لیالستان,,,بدون اتاق,"‏۳,۲۰۰,۰۰۰,۰۰۰ تومان","‏۱۶,۰۰۰,۰۰۰ تومان",,۲۰ مرداد ۱۴۰۵، ۲۳:۲۴,https://divar.ir/v/ga71H_7y
فروش ویلا دوبلکس لاهیجان نخجیر,فروش,لیالستان,۲۰۰,۱۴۰۴,۳,"‏۳۰,۰۰۰,۰۰۰,۰۰۰ تومان","‏۱۵۰,۰۰۰,۰۰۰ تومان",,۲۰ مرداد ۱۴۰۵، ۲۲:۳۶,https://divar.ir/v/ga7JnkDb
زمین مسکونی ۴۰۰ متری زمیدان,فروش,لیل,,,,"‏۸,۵۰۰,۰۰۰,۰۰۰ تومان","‏۲۱,۲۵۰,۰۰۰ تومان",,۲۰ مرداد ۱۴۰۵، ۲۲:۱۷,https://divar.ir/v/ga7122nl
زمین بهر جاده جای دنج فوری فروش قابل معاوضه,فروش,آهندان,,,,"‏۲,۲۰۰,۰۰۰,۰۰۰ تومان","‏۵,۴۸۶,۰۰۰ تومان",,۲۰ مرداد ۱۴۰۵، ۲۲:۱۶,https://divar.ir/v/ga0pVpGX
زمین ویو بسیار عالی لاهیجان زیر قیمت معاوضه خودرو,فروش,آهندان,,,,"‏۶۳۰,۰۰۰,۰۰۰ تومان","‏۳,۱۵۰,۰۰۰ تومان",,۲۰ مرداد ۱۴۰۵، ۲۲:۱۴,https://divar.ir/v/ga2NU158
خانه ویلایی,فروش,خالو باغ,۹۵,۱۳۹۰,۱,"‏۴,۰۰۰,۰۰۰,۰۰۰ تومان","‏۳۰,۰۷۵,۰۰۰ تومان",,۲۰ مرداد ۱۴۰۵، ۲۱:۵۹,https://divar.ir/v/ga7l29dD
۳۶۰ مترزمین روستای توریستی کوشال لاهیجان,فروش,لیالستان,,,,"‏۲,۱۵۰,۰۰۰,۰۰۰ تومان","‏۵,۹۷۲,۰۰۰ تومان",,۱۱ مرداد ۱۴۰۵، ۰۰:۵۶,https://divar.ir/v/gauRWeXJ
فروش آپارتمان طبقه اول ۹۲ متری در کاشف شرقی,فروش,قیام,۹۲,۱۳۹۵,۲,"‏۱۲,۵۰۰,۰۰۰,۰۰۰ تومان","‏۱۳۵,۸۶۹,۰۰۰ تومان",۱,۲۰ مرداد ۱۴۰۵، ۲۱:۵۲,https://divar.ir/v/ga7dW1MJ
زمین مسکونی،گلرودبار,فروش,بازکیاگوراب,,,,"‏۳,۶۰۰,۰۰۰,۰۰۰ تومان","‏۱۰,۵۸۸,۰۰۰ تومان",,۲۰ مرداد ۱۴۰۵، ۲۱:۳۳,https://divar.ir/v/ga7BWwT1
فروش ویلا ۱۰۵۰ متری سند تک برگ ۶ دانگ کامل مسکونی,فروش,لیالستان,۲۰۰,۱۳۹۵,۲,"‏۱۲,۰۰۰,۰۰۰,۰۰۰ تومان","‏۱۱,۴۲۸,۰۰۰ تومان",,۲۱ تیر ۱۴۰۵، ۱۰:۱۵,https://divar.ir/v/gaTdzsRN
۱۲۲۰ متر زمین باغی در ارتفاعات سوستان,فروش,لیل,,,,"‏۹۰۰,۰۰۰,۰۰۰ تومان","‏۷۳۷,۰۰۰ تومان",,۲۰ مرداد ۱۴۰۵، ۲۱:۳۰,https://divar.ir/v/ga7NGOpb
اجاره آپارتمان فول ۱۰۰ متری در لوکیشن خوب شقایق,رهن و اجاره,شقایق,۱۰۰,۱۴۰۱,۲,,,۳ از ۴,۷ مرداد ۱۴۰۵، ۱۷:۱۰,https://divar.ir/v/gaqJAaeL
زمین فروشی لیالمان,فروش,آهندان,,,,"‏۷,۲۰۰,۰۰۰,۰۰۰ تومان","‏۱۳,۱۱۴,۰۰۰ تومان",,۲۰ مرداد ۱۴۰۵، ۲۱:۲۵,https://divar.ir/v/ga7FW7NH
اجاره اپارتمان,رهن و اجاره,لیل,۸۵,۱۳۹۹,۲,,,۳ از ۳,۲۰ مرداد ۱۴۰۵، ۱۹:۴۹,https://divar.ir/v/ga7tEkTv
فروش واحد ۱۰۱ متری راه جدا کلید نخورده,فروش,رجایی,۱۰۱,۱۳۹۹,۲,"‏۲۲,۷۰۰,۰۰۰,۰۰۰ تومان","‏۲۲۴,۷۵۲,۰۰۰ تومان",۱,۲۰ مرداد ۱۴۰۵، ۱۹:۴۴,https://divar.ir/v/ga7pENtO
ویلا 170متری,فروش,بازکیاگوراب,۱۸۰,۱۳۹۸,+۴,"‏۱۴,۰۰۰,۰۰۰,۰۰۰ تومان","‏۱۵,۹۰۹,۰۰۰ تومان",,۹ مرداد ۱۴۰۵، ۱۶:۲۵,https://divar.ir/v/gastZLLl
اجاره واحد روبه روی استخر,رهن کامل,گلستان,۹۰,۱۳۹۴,۲,,,۱,۲۰ مرداد ۱۴۰۵، ۱۸:۵۹,https://divar.ir/v/ga75jgUz
یک قطعه زمین ۲۶۲ متر لاشیدان تک برگ سند مسکونی,فروش,لاشیدان,,,,"‏۱۷,۰۰۰,۰۰۰ تومان","‏۶۴,۰۰۰ تومان",,۲۰ مرداد ۱۴۰۵، ۱۸:۵۸,https://divar.ir/v/ga79DfOU
زمین 17000متر زیرقیمت,فروش,لفمجان,,,,"‏۲۵,۰۰۰,۰۰۰,۰۰۰ تومان","‏۱,۴۷۰,۰۰۰ تومان",,۹ مرداد ۱۴۰۵، ۱۶:۰۸,https://divar.ir/v/gasZp28Q
مسکونی ویلایی سنتی - بتنی,فروش,کوی زمانی,۹۵,۱۳۹۰,۳,"‏۴,۳۰۰,۰۰۰,۰۰۰ تومان","‏۱۵,۷۵۰,۰۰۰ تومان",,۲۰ مرداد ۱۴۰۵، ۱۸:۵۷,https://divar.ir/v/ga79jGGX
زمین مسکونی ۱۰۰۰متر,فروش,لفمجان,,,,"‏۶,۵۰۰,۰۰۰,۰۰۰ تومان","‏۶,۵۰۰,۰۰۰ تومان",,۱۲ تیر ۱۴۰۵، ۱۱:۵۶,https://divar.ir/v/gaHF3_Z-
رهن آپارتمان فیاض لاهیجان,رهن کامل,فیاض,۱۰۰,۱۴۰۵,۲,,,۲,۲۰ مرداد ۱۴۰۵، ۱۸:۴۹,https://divar.ir/v/ga71jJRq
فروش واحد ۷۰ متری فول_متریال در حد شیخ زاهد,فروش,کوی زمانی,۷۰,۱۴۰۵,۲,"‏۸,۴۰۰,۰۰۰,۰۰۰ تومان","‏۱۲۰,۰۰۰,۰۰۰ تومان",۲,۲۰ مرداد ۱۴۰۵، ۱۸:۲۴,https://divar.ir/v/ga7djVZI
زمین شهری مسکونی3_500میلیاردی لاهیجان سند تک برگ,فروش,کوی آزادگان,,,,"‏۳,۵۰۰,۰۰۰,۰۰۰ تومان","‏۲۳,۳۳۳,۰۰۰ تومان",,۲۵ تیر ۱۴۰۵، ۱۲:۴۲,https://divar.ir/v/gaYBaViZ
آپارتمان 154 متری نزدیک استخر,فروش,گلستان,۱۵۴,۱۴۰۵,۳,"‏۲۷,۰۰۰,۰۰۰,۰۰۰ تومان","‏۱۷۵,۳۲۴,۰۰۰ تومان",۵ از ۶,۲۰ مرداد ۱۴۰۵، ۱۸:۱۸,https://divar.ir/v/ga0tSGde
تک واحدی نوساز کلید نخورده 130متری شیخ زاهد,فروش,شیخ زاهد,۱۳۰,۱۴۰۵,۲,"‏۲۶,۰۰۰,۰۰۰,۰۰۰ تومان","‏۲۰۰,۰۰۰,۰۰۰ تومان",۲ از ۵,۲۷ تیر ۱۴۰۵، ۱۷:۲۳,https://divar.ir/v/gabV4LZS
واحد مستقل راه جدا گلستان,رهن و اجاره,گلستان,۸۰,۱۳۹۰,۲,,,۲ از ۲,۲۰ مرداد ۱۴۰۵، ۱۸:۱۴,https://divar.ir/v/ga7VTFiP
زمین تمام مسکونی دوبر,فروش,آهندان,,,,"‏۲,۲۰۰,۰۰۰,۰۰۰ تومان","‏۸,۳۶۵,۰۰۰ تومان",,۲۰ مرداد ۱۴۰۵، ۱۷:۵۵,https://divar.ir/v/ga7Bznlv
اپارتمان ۹۵ متری دو خواب کلید نخورده,فروش,پردسر,۹۵,۱۴۰۵,۲,"‏۱۱,۵۰۰,۰۰۰,۰۰۰ تومان","‏۱۲۱,۰۵۲,۰۰۰ تومان",۲ از ۳,۱۱ مرداد ۱۴۰۵، ۱۹:۳۷,https://divar.ir/v/gavpWjtw
566متر زمین در محیطی آرام وزیبا,فروش,آهندان,,,,"‏۱۱,۳۲۰,۰۰۰,۰۰۰ تومان","‏۲۰,۰۰۰,۰۰۰ تومان",,۲۰ مرداد ۱۴۰۵، ۱۷:۳۹,https://divar.ir/v/ga7xi3hl
فروش زمین مسکونی ۲۵۰ متر با نامه بنیاد مسکن,فروش,لفمجان,,,,"‏۱,۸۰۰,۰۰۰,۰۰۰ تومان","‏۷,۲۰۰,۰۰۰ تومان",,۲۰ مرداد ۱۴۰۵، ۱۷:۳۹,https://divar.ir/v/ga7xSfMB
اجاره آپارتمان روبروی استخر,رهن کامل,کوی خزر,۱۳۰,۱۴۰۳,۲,,,۲,۲۰ مرداد ۱۴۰۵، ۱۷:۳۳,https://divar.ir/v/ga7tiUqv
اجاره ویلایی کاشف شرقی فرد,رهن کامل,انقلاب,۷۰,۱۴۰۴,۲,,,,۲۰ مرداد ۱۴۰۵، ۱۷:۰۳,https://divar.ir/v/ga7RCt4Y
187مترزمین داخل طرح هادی,فروش,آهندان,,,,"‏۱,۰۰۰,۰۰۰,۰۰۰ تومان","‏۵,۳۴۷,۰۰۰ تومان",,۲۰ مرداد ۱۴۰۵، ۱۶:۵۲,https://divar.ir/v/ga7FSuHp
واحد نوسازکلیدنخورده طبقه اول ۸۴متری وحدت۶,فروش,کوی زمانی,۸۴,۱۴۰۵,۲,"‏۱,۰۰۰,۰۰۰,۰۰۰ تومان","‏۱۱,۹۰۴,۰۰۰ تومان",۱ از ۳,۲۰ مرداد ۱۴۰۵، ۱۶:۴۶,https://divar.ir/v/ga75xsBn
فروش  شالیزار,فروش,فیاض,,,بدون اتاق,"‏۱,۰۰۰,۰۰۰,۰۰۰ تومان","‏۲,۰۰۰,۰۰۰ تومان",,۲۰ مرداد ۱۴۰۵، ۱۶:۳۰,https://divar.ir/v/ga7xhhkF
فروش زمین باغی روستای کوره بر,فروش,آهندان,,,,"‏۲,۱۴۰,۰۰۰,۰۰۰ تومان","‏۱۰,۰۰۰,۰۰۰ تومان",,۱۹ مرداد ۱۴۰۵، ۱۱:۵۷,https://divar.ir/v/ga5lYVzc
۲۱۳متر زمین ۸۵متر بناواقع در یوسف اباد,فروش,لیل,,,,"‏۳,۸۰۰,۰۰۰,۰۰۰ تومان","‏۱۷,۸۴۰,۰۰۰ تومان",,۲۰ مرداد ۱۴۰۵، ۱۶:۰۱,https://divar.ir/v/ga6JNBaY
مسکونی با پروانه بافت ویلایی فروش مستقیم از مالک,فروش,بازکیاگوراب,,,,"‏۶,۰۰۰,۰۰۰,۰۰۰ تومان","‏۱۵,۰۰۰,۰۰۰ تومان",,۲۰ مرداد ۱۴۰۵، ۱۵:۲۱,https://divar.ir/v/ga7xQMkq
400 متر زمین کامل مسکونی  کوره بر دره جیر کتشال,فروش,رجایی,,,,"‏۱۵,۸۰۰,۰۰۰,۰۰۰ تومان","‏۳۹,۵۰۰,۰۰۰ تومان",,۲۰ مرداد ۱۴۰۵، ۱۴:۵۳,https://divar.ir/v/ga7Vg7tR
اجاره آپارتمان میدان خزر,رهن کامل,کوی خزر,۱۳۰,۱۴۰۴,۲,,,۲,۲۰ مرداد ۱۴۰۵، ۱۴:۴۴,https://divar.ir/v/ga7RQBua
ویلا شخصی,فروش,لیالستان,۱۲۰,۱۴۰۴,۲,"‏۹,۵۰۰,۰۰۰,۰۰۰ تومان","‏۴۳,۱۸۱,۰۰۰ تومان",,۲۰ مرداد ۱۴۰۵، ۱۴:۳۰,https://divar.ir/v/ga7Bwoyp
فروش زمین,فروش,بازکیاگوراب,,,,"‏۸۰۰,۰۰۰,۰۰۰ تومان","‏۵,۳۳۳,۰۰۰ تومان",,۲۰ مرداد ۱۴۰۵، ۱۴:۰۳,https://divar.ir/v/ga6lPs9e
واحد نوساز ۱۳۰ متر میدان خزر روبرو استخر,رهن کامل,کوی خزر,۱۳۰,۱۴۰۴,۲,,,۲,۲۰ مرداد ۱۴۰۵، ۱۳:۴۶,https://divar.ir/v/ga6V-8Bl
دوقطعه زمین مسکونی,فروش,آهندان,,,,"‏۲,۰۰۰,۰۰۰,۰۰۰ تومان","‏۸,۶۹۵,۰۰۰ تومان",,۲۰ مرداد ۱۴۰۵، ۱۳:۴۲,https://divar.ir/v/ga6RPrRH
نیاز به اجاره و رهن مغازه,رهن و اجاره,کاروانسرابر,۴۰,۱۳۸۸,بدون اتاق,,,,۲۰ مرداد ۱۴۰۵، ۱۳:۳۸,https://divar.ir/v/ga6R_l2t
آپارتمان یوسف آباد بلوار دانشگاه,رهن کامل,یوسف آباد,۸۰,۱۳۹۹,۲,,,۳,۲۰ مرداد ۱۴۰۵، ۱۳:۰۴,https://divar.ir/v/ga6xucFJ
فروش استثنایی در کارگرفرد,فروش,رجایی,۶۶,۱۳۹۲,۱,"‏۸,۶۰۰,۰۰۰,۰۰۰ تومان","‏۱۳۰,۳۰۳,۰۰۰ تومان",۲ از ۳,۲۰ مرداد ۱۴۰۵، ۱۳:۰۰,https://divar.ir/v/ga6tuNQX
واحد 80 متر سویت45 متر یکجا به فروش می‌رسد,فروش,خالو باغ,۱۲۵,۱۴۰۴,۲,"‏۶,۱۰۰,۰۰۰,۰۰۰ تومان","‏۴۸,۸۰۰,۰۰۰ تومان",۱,۲۰ مرداد ۱۴۰۵، ۱۲:۵۹,https://divar.ir/v/ga6teNlb
متقاضی زمین های شما در لاهیجان هستیم فقط بایک تماس,فروش,حزین,,,,"‏۱,۰۰۰,۰۰۰,۰۰۰ تومان","‏۵,۰۰۰,۰۰۰ تومان",,۱۷ مرداد ۱۴۰۵، ۱۶:۴۹,https://divar.ir/v/ga3xC0N5
زمین 345 داخل طرح هادی,فروش,آهندان,,,,"‏۱,۷۳۰,۰۰۰,۰۰۰ تومان","‏۵,۰۱۴,۰۰۰ تومان",,۲۰ مرداد ۱۴۰۵، ۱۲:۴۴,https://divar.ir/v/ga6d-GAg
خوش قیمت ترین زمین شهری دونبش_سوددهی در ساخت,فروش,شقایق,,,,"‏۷,۴۰۰,۰۰۰,۰۰۰ تومان","‏۳۷,۰۰۰,۰۰۰ تومان",,۲۰ مرداد ۱۴۰۵، ۱۲:۴۳,https://divar.ir/v/ga3x1tab
آپارتمان نقلی تراس دار,فروش,حاجی آباد,۵۷,۱۴۰۰,۱,"‏۵,۰۰۰,۰۰۰,۰۰۰ تومان","‏۸۷,۷۱۹,۰۰۰ تومان",۳,۲۰ مرداد ۱۴۰۵، ۱۲:۴۱,https://divar.ir/v/ga4pci0S
واحد ویلایی کاشف شرقی ۱۱,رهن کامل,انقلاب,۷۰,۱۴۰۴,۲,,,,۲۰ مرداد ۱۴۰۵، ۱۲:۳۷,https://divar.ir/v/ga6ZOOi1
زمین ۴۵ متری ، بلوار دانشگاه,فروش,کوی استادان,,,,"‏۶,۰۰۰,۰۰۰,۰۰۰ تومان","‏۱۸,۷۵۰,۰۰۰ تومان",,۲۰ مرداد ۱۴۰۵، ۱۲:۲۲,https://divar.ir/v/ga65tEu5
940متر زمین درروستای زیبای زمیدان,فروش,لیل,,,,"‏۴,۰۰۰,۰۰۰,۰۰۰ تومان","‏۴,۲۵۵,۰۰۰ تومان",,۲۰ مرداد ۱۴۰۵، ۱۲:۱۸,https://divar.ir/v/ga6Fumae
۲ قطعه ۲۵۰ متری مسکونی مناسب ساخت _ دهسر لاهیجان,فروش,آهندان,,,,"‏۴,۵۰۰,۰۰۰,۰۰۰ تومان","‏۱۸,۰۰۰,۰۰۰ تومان",,۲۴ خرداد ۱۴۰۵، ۱۲:۴۲,https://divar.ir/v/gauA3SEE
زمین1006متری تمام مسکونی,فروش,آهندان,,,,"‏۱۵,۰۰۰,۰۰۰,۰۰۰ تومان","‏۱۴,۹۱۰,۰۰۰ تومان",,۲۰ مرداد ۱۴۰۵، ۱۲:۰۴,https://divar.ir/v/ga65tRq3
فروش  مغازه ۲۰متری در مرکز شهر  لاهیجان,فروش,انقلاب,۲۰,۱۳۹۸,بدون اتاق,"‏۸,۱۵۰,۰۰۰,۰۰۰ تومان","‏۴۰۷,۵۰۰,۰۰۰ تومان",,۲۰ مرداد ۱۴۰۵، ۱۱:۵۸,https://divar.ir/v/ga619GGm
اجاره آپارتمان گلستان ۱۱,رهن کامل,گلستان,۹۰,۱۳۹۷,۲,,,۱ از ۴,۲۰ مرداد ۱۴۰۵، ۱۱:۵۵,https://divar.ir/v/ga6x9Rjr
فروش زمین شهری  میدان جانبازان,فروش,شیشه گران,,,,"‏۲۷,۰۰۰,۰۰۰,۰۰۰ تومان","‏۱۱۲,۵۰۰,۰۰۰ تومان",,۱۲ مرداد ۱۴۰۵، ۱۹:۵۵,https://divar.ir/v/gawBc46Y
۳۰ هزلر متر زمین با سند,فروش,لفمجان,,,,"‏۱۵۰,۰۰۰,۰۰۰,۰۰۰ تومان","‏۵,۰۰۰,۰۰۰ تومان",,۲۰ مرداد ۱۴۰۵، ۱۱:۴۹,https://divar.ir/v/ga6l9imY
اجاره مغازه_خیابان آزادگان,رهن و اجاره,کوی خزر,۲۰,۱۳۹۹,بدون اتاق,,,,۱۸ مرداد ۱۴۰۵، ۱۷:۴۴,https://divar.ir/v/ga4po9kG
ویلا باغ بزرگ با قیمت استثنایی,فروش,لیالستان,۱۰۰,۱۳۹۷,۲,"‏۶,۸۰۰,۰۰۰,۰۰۰ تومان","‏۸,۰۰۰,۰۰۰ تومان",,۸ مرداد ۱۴۰۵، ۲۰:۲۹,https://divar.ir/v/garJIso4
اپارتمان ۷۸متری,فروش,شقایق,۷۸,۱۳۹۸,۲,"‏۸,۱۰۰,۰۰۰,۰۰۰ تومان","‏۱۰۳,۸۴۶,۰۰۰ تومان",۳,۱۷ تیر ۱۴۰۵، ۲۳:۳۶,https://divar.ir/v/gaHlZe-k
زمین مسکونی با استعلام به روز,فروش,بازکیاگوراب,,,,"‏۱,۵۰۰,۰۰۰,۰۰۰ تومان","‏۷,۵۰۰,۰۰۰ تومان",,۱۰ تیر ۱۴۰۵، ۱۹:۲۳,https://divar.ir/v/gaFZToVd
لاهیجان فروش آپارتمان 150 متری در کارگر,فروش,رجایی,۱۵۰,۱۳۹۷,۳,"‏۲۴,۷۵۰,۰۰۰,۰۰۰ تومان","‏۱۶۵,۰۰۰,۰۰۰ تومان",۱ از ۵,۲۰ مرداد ۱۴۰۵، ۱۱:۰۱,https://divar.ir/v/ga6l8hpO
واحد ۸۲متری نوساز  گلستان نزدیک استخر,فروش,گلستان,۸۲,۱۴۰۵,۲,"‏۱۲,۰۰۰,۰۰۰,۰۰۰ تومان","‏۱۴۶,۳۴۱,۰۰۰ تومان",۱ از ۳,۱۴ تیر ۱۴۰۵، ۱۸:۰۷,https://divar.ir/v/gaKxGGN5
واحد ۱۰۹متری مستقل چسبیده به استخر,فروش,گلستان,۱۰۹,۱۳۹۰,۲,"‏۱۷,۵۰۰,۰۰۰,۰۰۰ تومان","‏۱۶۰,۵۵۰,۰۰۰ تومان",۱ از ۳,۱۷ مرداد ۱۴۰۵، ۰۹:۵۷,https://divar.ir/v/ga2xMEbs
زمین مسکونی,فروش,بازکیاگوراب,,,,"‏۶,۴۵۰,۰۰۰,۰۰۰ تومان","‏۳۰,۰۰۰,۰۰۰ تومان",,۲۰ مرداد ۱۴۰۵، ۱۰:۴۲,https://divar.ir/v/ga6tcOwA
اجاره مغازه گلستان۳۱,رهن کامل,گلستان,۲۱,۱۳۹۶,بدون اتاق,,,,۲۰ مرداد ۱۴۰۵، ۱۰:۳۷,https://divar.ir/v/ga6p8Geu
فروش زمین‌۳۸۰متری در‌کوهبنه ویو دار,فروش,آهندان,,,,"‏۳,۷۵۰,۰۰۰,۰۰۰ تومان","‏۹,۸۶۸,۰۰۰ تومان",,۲۰ مرداد ۱۴۰۵، ۱۰:۳۲,https://divar.ir/v/ga6h80Ov
آپارتمان ۸۲ متری,فروش,شهرک سلمان فارسی,۸۲,۱۳۹۴,۲,"‏۷,۵۰۰,۰۰۰,۰۰۰ تومان","‏۹۱,۴۶۳,۰۰۰ تومان",۳ از ۳,۲۰ مرداد ۱۴۰۵، ۱۰:۲۹,https://divar.ir/v/ga6h8Bum
باغ چای,فروش,امیرشهید,,,بدون اتاق,"‏۱,۰۰۰,۰۰۰ تومان",‏۰ تومان,,۲۰ مرداد ۱۴۰۵، ۱۰:۰۸,https://divar.ir/v/ga6J8q9m
زمین مسکونی,فروش,لیالستان,,,,"‏۲,۵۰۰,۰۰۰,۰۰۰ تومان","‏۱۸,۹۳۹,۰۰۰ تومان",,۲۰ مرداد ۱۴۰۵، ۰۹:۵۸,https://divar.ir/v/ga6Bc5f2
زمین ۲۲۴ متری_میدان چای,فروش,حاجی آباد,,,,"‏۷,۹۰۰,۰۰۰,۰۰۰ تومان","‏۳۵,۲۶۷,۰۰۰ تومان",,۲۰ مرداد ۱۴۰۵، ۰۹:۴۵,https://divar.ir/v/ga61bg7G
خانه ویلایی در حد,فروش,خالو باغ,۷۵,۱۳۹۲,۲,"‏۵,۳۰۰,۰۰۰,۰۰۰ تومان","‏۳۸,۹۷۰,۰۰۰ تومان",,۲۰ مرداد ۱۴۰۵، ۰۹:۳۶,https://divar.ir/v/ga6t7lnU
رهن مغازه ۷۰متری رسالت,رهن کامل,لیالستان,۷۰,۱۴۰۰,بدون اتاق,,,,۲۰ مرداد ۱۴۰۵، ۰۹:۱۲,https://divar.ir/v/ga6Z7J8N
زمین مسکونی با ویو بی نظیر در ذاکله بر,فروش,آهندان,,,,"‏۱۱,۵۰۰,۰۰۰,۰۰۰ تومان","‏۲۱,۹۴۶,۰۰۰ تومان",,۲۰ مرداد ۱۴۰۵، ۰۲:۳۸,https://divar.ir/v/ga6lF3lP
آپارتمان در لاهیجان,فروش,رجایی,۸۴,۱۳۸۸,۲,"‏۱۲,۳۰۰,۰۰۰,۰۰۰ تومان","‏۱۴۶,۴۲۸,۰۰۰ تومان",۲ از ۳,۲۰ مرداد ۱۴۰۵، ۰۲:۳۵,https://divar.ir/v/ga6llINl
آپارتمان طبقه اول ۸۶ متر گلستان زوج,فروش,گلستان,۸۶,۱۳۹۰,۲,"‏۹,۰۳۰,۰۰۰,۰۰۰ تومان","‏۱۰۵,۰۰۰,۰۰۰ تومان",۱ از ۴,۲۰ مرداد ۱۴۰۵، ۰۲:۱۵,https://divar.ir/v/ga6RVjhg
اجاره روزانه ویلا,رهن و اجاره,حاجی آباد,۸۵,۱۴۰۵,۲,,,,۲۲ خرداد ۱۴۰۵، ۱۹:۱۵,https://divar.ir/v/gasgCu2r
اجاره مغازه میدان چهار پادشاه,رهن کامل,انقلاب,۵۰,۱۳۹۷,بدون اتاق,,,,۱۹ مرداد ۱۴۰۵، ۲۳:۳۷,https://divar.ir/v/ga59vndD
اجاره آپارتمان مهرگان ۳,رهن و اجاره,مهرگان,۷۵,۱۳۹۵,۱,,,۳,۱۹ مرداد ۱۴۰۵، ۲۳:۲۱,https://divar.ir/v/ga6tSpZF
اجاره آپارتمان خ کارگر سوم,رهن کامل,رجایی,۸۵,۱۳۹۸,۲,,,۱ از ۴,۱۹ مرداد ۱۴۰۵، ۲۳:۱۴,https://divar.ir/v/ga55uvzJ
اجاره آپارتمان کارگر ۱۹,رهن و اجاره,رجایی,۸۵,۱۳۹۰,۲,,,۲ از ۳,۱۹ مرداد ۱۴۰۵، ۲۳:۰۵,https://divar.ir/v/ga6ZCo2T
رزمندگان هفتم,رهن کامل,کوی زمانی,۵۰,۱۴۰۴,۱,,,همکف,۱۹ مرداد ۱۴۰۵، ۲۳:۰۴,https://divar.ir/v/ga5duwMj
خانه ویلایی در لاهیحان,فروش,پردسر,۱۶۰,قبل از ۱۳۷۰,۲,"‏۲۵,۰۰۰,۰۰۰,۰۰۰ تومان","‏۱۰۴,۱۶۶,۰۰۰ تومان",,۱۹ مرداد ۱۴۰۵، ۲۲:۲۸,https://divar.ir/v/ga65x-qM
فروش بی واسطه  ویلایی نوساز,فروش,لفمجان,۱۰۰,۱۴۰۵,۲,"‏۸,۷۰۰,۰۰۰,۰۰۰ تومان","‏۴۱,۴۲۸,۰۰۰ تومان",,۱۹ مرداد ۱۴۰۵، ۲۲:۲۵,https://divar.ir/v/ga65xphy
مغازه با امتیاز فول,رهن و اجاره,فیاض,۴۵,۱۴۰۱,بدون اتاق,,,,۱۹ مرداد ۱۴۰۵، ۲۱:۴۳,https://divar.ir/v/ga6RhyeO
زمین ۳۳۰متری در۵کیلومتری لاهیجان روستای سوخته کوه,فروش,آهندان,,,,"‏۵,۵۰۰,۰۰۰,۰۰۰ تومان","‏۱۶,۶۶۶,۰۰۰ تومان",,۱۹ مرداد ۱۴۰۵، ۲۱:۳۸,https://divar.ir/v/ga6JBr1G
فروش خانه فوری,فروش,جمهوری,۷۱,۱۳۹۷,۲,"‏۷,۰۰۰,۰۰۰,۰۰۰ تومان","‏۹۸,۵۹۱,۰۰۰ تومان",,۱۹ مرداد ۱۴۰۵، ۲۱:۱۳,https://divar.ir/v/ga61gkYJ
زمین مسکونی 427متری_ویو ابدی_سندتک‌برگ_دیزبن,فروش,لیالستان,,,,"‏۹,۶۰۰,۰۰۰,۰۰۰ تومان","‏۲۲,۴۸۲,۰۰۰ تومان",,۲۱ خرداد ۱۴۰۵، ۰۵:۵۱,https://divar.ir/v/gaqsBptU
1600متری مسکونی ابدی کوه و تالاب_ساخت 3 ویلا لوکس,فروش,لیل,,,,"‏۳۲,۰۰۰,۰۰۰,۰۰۰ تومان","‏۲۰,۰۰۰,۰۰۰ تومان",,۲۳ آبان ۱۴۰۴، ۱۷:۴۰,https://divar.ir/v/QaXgTPwE
خانه ویلایی,فروش,بازکیاگوراب,۷۰,۱۳۹۰,۱,"‏۳,۵۰۰,۰۰۰,۰۰۰ تومان","‏۲۳,۶۴۸,۰۰۰ تومان",,۱۹ مرداد ۱۴۰۵، ۲۱:۰۱,https://divar.ir/v/ga6tQA9i
اجاره کارگاه بتن آماده صنعتی واقع درلاهیجان,رهن و اجاره,آهندان,۲۰۰۰,۱۴۰۱,+۴,,,,۱۹ مرداد ۱۴۰۵، ۲۰:۲۵,https://divar.ir/v/ga6JwbJJ
فروش زمین در لاهیجان,فروش,کوه بیجار,,,,"‏۱۶,۰۰۰,۰۰۰,۰۰۰ تومان","‏۲۵,۰۷۸,۰۰۰ تومان",,۱۹ مرداد ۱۴۰۵، ۲۰:۲۴,https://divar.ir/v/ga6Bghn_
زمین آماده ساخت با کاربری و سند ۶ دانگ,فروش,لیالستان,,,,"‏۹,۶۰۰,۰۰۰,۰۰۰ تومان","‏۲۰,۸۶۹,۰۰۰ تومان",,۱۹ مرداد ۱۴۰۵، ۲۰:۲۳,https://divar.ir/v/ga6Fw8Oo
فروش زمین در میان محله گلرودبار ۴۰۰متر,فروش,بازکیاگوراب,,,,"‏۵,۲۰۰,۰۰۰,۰۰۰ تومان","‏۱۳,۰۰۰,۰۰۰ تومان",,۱۹ مرداد ۱۴۰۵، ۲۰:۲۰,https://divar.ir/v/ga6BAy28
فروش آپارتمان 108متری در بهترین جای لاهیجان,فروش,کوی خزر,۱۰۸,۱۳۷۵,۲,"‏۱۰,۰۰۰,۰۰۰,۰۰۰ تومان","‏۹۲,۵۹۲,۰۰۰ تومان",۱,۱۹ مرداد ۱۴۰۵، ۲۰:۱۱,https://divar.ir/v/ga55_ycE
خونه تالاری درلاهیجان,فروش,بازکیاگوراب,,,,"‏۴,۵۰۰,۰۰۰,۰۰۰ تومان","‏۱۵,۰۰۰,۰۰۰ تومان",,۱۹ مرداد ۱۴۰۵، ۲۰:۰۴,https://divar.ir/v/ga51PieE
یک قطعه زمین 226مترمسکونی. لاهیجان ویو ابدی,فروش,بازکیاگوراب,,,,"‏۲,۸۲۵,۰۰۰,۰۰۰ تومان","‏۱۲,۵۰۰,۰۰۰ تومان",,۷ مرداد ۱۴۰۵، ۰۹:۳۰,https://divar.ir/v/gapZ5vA2
زمین مسکونی کوهستانی,فروش,آهندان,,,,"‏۵,۵۰۰,۰۰۰,۰۰۰ تومان","‏۱۱,۰۰۰,۰۰۰ تومان",,۱۹ مرداد ۱۴۰۵، ۱۹:۳۷,https://divar.ir/v/ga5d_SJ_
فروش باغ چایی از ۱۰۰۰متر تا ۲۰۰۰۰متر,فروش,لیل,,,,"‏۲,۰۰۰,۰۰۰,۰۰۰ تومان","‏۲,۰۰۰,۰۰۰ تومان",,۱۹ مرداد ۱۴۰۵، ۱۹:۳۷,https://divar.ir/v/ga5dfQej
فروش زمین مسکونی لیالستان  (سندمادر),فروش,لیالستان,,,,"‏۵,۵۸۰,۰۰۰,۰۰۰ تومان","‏۱۸,۰۰۰,۰۰۰ تومان",,۱۹ مرداد ۱۴۰۵، ۱۹:۳۵,https://divar.ir/v/ga5Zvsp5
بهترین گزینه برای ساخت ویلایی نقلی,فروش,بازکیاگوراب,,,,"‏۳,۶۰۰,۰۰۰,۰۰۰ تومان","‏۱۳,۸۴۶,۰۰۰ تومان",,۱۹ مرداد ۱۴۰۵، ۱۹:۱۳,https://divar.ir/v/ga5BPxfC
فروش ویلایی سند تک برگ,فروش,بازکیاگوراب,۸۵,۱۴۰۵,۲,"‏۸,۰۰۰,۰۰۰,۰۰۰ تومان","‏۵۱,۶۱۲,۰۰۰ تومان",,۱۹ مرداد ۱۴۰۵، ۱۸:۳۲,https://divar.ir/v/ga5ZuuTL
اجاره واحد اداری ۷۰ مترپنت برشیشگران و ویوی استخر,رهن و اجاره,شیشه گران,۷۰,۱۴۰۵,۲,,,۸,۲۱ تیر ۱۴۰۵، ۰۰:۲۸,https://divar.ir/v/gaS5Kf9T
بهترین واحدو زمین های شهری برای ساخت وسرمایه گذاری,فروش,کوی خزر,,,,"‏۴۶,۰۰۰,۰۰۰,۰۰۰ تومان","‏۱۸۴,۰۰۰,۰۰۰ تومان",,۱۹ مرداد ۱۴۰۵، ۱۸:۰۷,https://divar.ir/v/ga5FOSwV
واحد۱۸۰متری لوکس,فروش,گلستان,۱۸۰,۱۴۰۰,۳,"‏۲۵,۲۰۰,۰۰۰,۰۰۰ تومان","‏۱۴۰,۰۰۰,۰۰۰ تومان",۴,۱۹ مرداد ۱۴۰۵، ۱۸:۰۱,https://divar.ir/v/ga5BurNh
فروش ساختمان در حال ساخت,فروش,آهندان,,,,"‏۷,۵۰۰,۰۰۰,۰۰۰ تومان","‏۳۰,۸۶۴,۰۰۰ تومان",,۱۹ مرداد ۱۴۰۵، ۱۵:۵۲,https://divar.ir/v/ga51bPJL
فروش واحد مستقل  _طبقه 1 _گلستان,فروش,گلستان,۱۱۵,۱۳۹۴,۳,"‏۱۵,۳۰۰,۰۰۰,۰۰۰ تومان","‏۱۳۳,۰۴۳,۰۰۰ تومان",۱,۱۷ مرداد ۱۴۰۵، ۱۰:۰۴,https://divar.ir/v/ga21sxfY
سوستان ،دو قطعه زمین مسکونی ، سنددار,فروش,لیل,,,,"‏۱۰,۵۰۰,۰۰۰,۰۰۰ تومان","‏۴۰,۶۹۷,۰۰۰ تومان",,۱۹ مرداد ۱۴۰۵، ۱۷:۳۸,https://divar.ir/v/ga5tdZKE
فروش واحد مستقل و راه جدا,فروش,لیالستان,۷۶,۱۳۹۸,۲,"‏۵,۹۵۰,۰۰۰,۰۰۰ تومان","‏۷۸,۲۸۹,۰۰۰ تومان",۱,۱۹ مرداد ۱۴۰۵، ۱۷:۰۴,https://divar.ir/v/ga5NdNJ5
ادرس  زمین مسکونی وویلا دروستای دستک محسن اباد,فروش,کوی خزر,,,,"‏۷,۴۹۷,۰۰۰,۰۰۰ تومان","‏۴,۲۵۹,۰۰۰ تومان",,۱۹ مرداد ۱۴۰۵، ۱۶:۵۶,https://divar.ir/v/ga5F9X68
فروش خانه ویلایی کتشال دوخوابه با ویو ابدی,فروش,لیل,۷۵,۱۳۹۷,۲,"‏۶,۵۰۰,۰۰۰,۰۰۰ تومان","‏۳۸,۴۶۱,۰۰۰ تومان",,۱۹ مرداد ۱۴۰۵، ۱۶:۵۱,https://divar.ir/v/ga598KYN
ویلای بهشتی در قلب لاهیجان,فروش,خالو باغ,۱۰۵,۱۳۹۷,۲,"‏۱۱,۸۰۰,۰۰۰,۰۰۰ تومان","‏۶۹,۸۲۲,۰۰۰ تومان",,۱۹ مرداد ۱۴۰۵، ۱۶:۴۴,https://divar.ir/v/ga558krS
فروش واحد طبقه ۲  در نور بخش,فروش,کوی خزر,۷۰,۱۳۹۰,۲,"‏۶,۷۰۰,۰۰۰,۰۰۰ تومان","‏۹۵,۷۱۴,۰۰۰ تومان",۲,۱۹ مرداد ۱۴۰۵، ۱۶:۳۶,https://divar.ir/v/ga5x8RlJ
فروش زمین مسکونی کاشف غربی,فروش,کاروانسرابر,,,,"‏۴,۶۰۰,۰۰۰,۰۰۰ تومان","‏۲۰,۲۶۴,۰۰۰ تومان",,۱۹ مرداد ۱۴۰۵، ۱۶:۱۴,https://divar.ir/v/ga5dsqX-
فروش فوری ۱۲۱ متری_شهید بهشتی_شرایط پرداخت کم نظیر,فروش,شیشه گران,۱۲۱,۱۴۰۵,۳,"‏۳۰,۲۵۰,۰۰۰,۰۰۰ تومان","‏۲۵۰,۰۰۰,۰۰۰ تومان",۲ از ۵,۱۹ مرداد ۱۴۰۵، ۱۵:۴۶,https://divar.ir/v/ga5Bch32
زمین ۲۰۰ متری ویو ابدی بالای تپه,فروش,آهندان,,,,"‏۲,۲۰۰,۰۰۰,۰۰۰ تومان","‏۱۱,۰۰۰,۰۰۰ تومان",,۱۹ مرداد ۱۴۰۵، ۱۵:۲۴,https://divar.ir/v/ga5dr2g8
زمین مسکونی ویلایی لاهیجان کته شال,فروش,کوه بیجار,,,,"‏۱۳,۰۰۰,۰۰۰,۰۰۰ تومان","‏۳۰,۹۵۲,۰۰۰ تومان",,۱۹ مرداد ۱۴۰۵، ۱۵:۲۲,https://divar.ir/v/ga5hLrTy
زمین مسکونی در روستای چفل,فروش,بازکیاگوراب,,,,"‏۴,۵۰۰,۰۰۰,۰۰۰ تومان","‏۸,۷۰۴,۰۰۰ تومان",,۱۹ مرداد ۱۴۰۵، ۱۵:۲۱,https://divar.ir/v/ga5dLf5P
۱۲۷ متر آپارتمان نوساز لاهیجان گلستان زوج,فروش,گلستان,۱۲۷,۱۴۰۵,۲,"‏۱۸,۴۰۰,۰۰۰,۰۰۰ تومان","‏۱۴۴,۸۸۱,۰۰۰ تومان",۱ از ۵,۱۹ مرداد ۱۴۰۵، ۱۴:۴۳,https://divar.ir/v/ga5BLd67
زمین باغی در شیخ زاهد,فروش,گلستان,,,,"‏۲۰,۰۰۰,۰۰۰,۰۰۰ تومان","‏۹,۵۲۳,۰۰۰ تومان",,۱۹ مرداد ۱۴۰۵، ۱۴:۳۴,https://divar.ir/v/ga55qXZy
خانه ویلایی,اجاره,بازکیاگوراب,۸۰,۱۳۸۰,۲,,,,۱۹ مرداد ۱۴۰۵، ۱۴:۱۵,https://divar.ir/v/ga5l6uBX
زمین مسکونی بیجار بنه پایین,فروش,گلستان,,,,"‏۲,۶۵۰,۰۰۰,۰۰۰ تومان","‏۱۷,۴۳۴,۰۰۰ تومان",,۱۹ مرداد ۱۴۰۵، ۱۳:۴۸,https://divar.ir/v/ga5R6fkb
مغازه 12 متری بر اصلی قیام,فروش,قیام,۱۲,۱۳۹۰,بدون اتاق,"‏۹,۳۵۰,۰۰۰,۰۰۰ تومان","‏۷۷۹,۱۶۶,۰۰۰ تومان",,۱۹ مرداد ۱۴۰۵، ۱۳:۱۸,https://divar.ir/v/ga51pvWH
فروش اپارتمان گلستان ۳۱,فروش,گلستان,۷۰,۱۳۹۲,۲,"‏۷,۳۵۰,۰۰۰,۰۰۰ تومان","‏۱۰۵,۰۰۰,۰۰۰ تومان",۱,۱۹ مرداد ۱۴۰۵، ۱۲:۵۹,https://divar.ir/v/ga5lJq_h
تک واحدی اکازیون_کارگر_۳خوابه,فروش,رجایی,۱۵۰,۱۳۹۷,۳,"‏۲۵,۳۰۰,۰۰۰,۰۰۰ تومان","‏۱۶۸,۶۶۶,۰۰۰ تومان",۱,۱۹ مرداد ۱۴۰۵، ۱۲:۴۸,https://divar.ir/v/ga5dpAhg
۴۰۰متر زمین مسکونی در روستای کلشتاجان,فروش,بازکیاگوراب,,,,"‏۳,۰۰۰,۰۰۰,۰۰۰ تومان","‏۷,۵۰۰,۰۰۰ تومان",,۱۹ مرداد ۱۴۰۵، ۱۲:۳۳,https://divar.ir/v/ga5NptWt
واحد ۹۴ متری کارگر غیر اوقاف پارکینگ,فروش,رجایی,۹۴,۱۳۸۵,۲,"‏۱۲,۰۰۰,۰۰۰,۰۰۰ تومان","‏۱۲۷,۶۵۹,۰۰۰ تومان",۱ از ۳,۱۹ مرداد ۱۴۰۵، ۱۲:۲۰,https://divar.ir/v/ga55YMsS
پیش فروش واحد ۱۱۵ متری سعدی,فروش,گلستان,,,,,,,۱۹ مرداد ۱۴۰۵، ۱۲:۲۰,https://divar.ir/v/ga5BpjsW
ویلا ۳۰۰متر، سنددار، فروش مستقیم,فروش,لفمجان,۱۰۰,۱۴۰۴,۲,"‏۷,۷۰۰,۰۰۰,۰۰۰ تومان","‏۲۵,۶۶۶,۰۰۰ تومان",,۱۹ مرداد ۱۴۰۵، ۱۲:۱۳,https://divar.ir/v/ga59oF9X
زمین شهری ۲۸۷ متر زیر قیمت بهترین فرصت,فروش,شیشه گران,,,,"‏۴,۳۰۰,۰۰۰,۰۰۰ تومان","‏۱۴,۹۸۲,۰۰۰ تومان",,۲۰ تیر ۱۴۰۵، ۱۵:۰۸,https://divar.ir/v/gaSpC896
۵۹متر سوییت راه جدا در سردارجنگل,فروش,پردسر,۵۹,۱۳۸۸,۱,"‏۵,۲۰۰,۰۰۰,۰۰۰ تومان","‏۸۸,۱۳۵,۰۰۰ تومان",همکف,۱۹ مرداد ۱۴۰۵، ۱۲:۰۰,https://divar.ir/v/ga5tY57S
آپارتمان ۷۰ متر راه جدا مستقل,فروش,کوی آزادگان,۷۰,۱۳۹۶,۲,"‏۷,۲۰۰,۰۰۰,۰۰۰ تومان","‏۱۰۲,۸۵۷,۰۰۰ تومان",۲,۲۰ خرداد ۱۴۰۵، ۱۶:۵۱,https://divar.ir/v/gapQWojC
دو قطعه زمین روستایی با کاربری مسکونی,فروش,بازکیاگوراب,,,,"‏۱,۷۸۰,۰۰۰,۰۰۰ تومان","‏۷,۱۲۰,۰۰۰ تومان",,۱۹ مرداد ۱۴۰۵، ۱۱:۴۲,https://divar.ir/v/ga5ZY9oO
ویلای لوکس لاهیجان,فروش,لیالستان,۴۳۰,۱۴۰۴,۴,"‏۷۰,۰۰۰,۰۰۰,۰۰۰ تومان","‏۱۱۰,۹۳۵,۰۰۰ تومان",,۱۹ مرداد ۱۴۰۵، ۰۳:۳۳,https://divar.ir/v/ga5VRSXJ
زمین شالیزار برنج,فروش,کوی آزادگان,,,,"‏۴۳۰,۰۰۰,۰۰۰ تومان","‏۴۴۳,۰۰۰ تومان",,۱۹ مرداد ۱۴۰۵، ۱۱:۲۵,https://divar.ir/v/ga5NY_AF
فروش باغ چای ۱۰۰۰متری با جاده,فروش,آهندان,,,,"‏۱,۷۰۰,۰۰۰,۰۰۰ تومان","‏۱,۷۰۰,۰۰۰ تومان",,۱۹ مرداد ۱۴۰۵، ۱۱:۰۳,https://divar.ir/v/ga55XYbN
فروش ساختمان تجاری دوبر کمربندی لاهیجان به استانه,فروش,گلستان,۵۷۰,۱۳۹۶,۴,"‏۱۵۰,۰۰۰,۰۰۰,۰۰۰ تومان","‏۲۶۳,۱۵۷,۰۰۰ تومان",,۱۹ مرداد ۱۴۰۵، ۱۰:۴۷,https://divar.ir/v/ga1tN041
اجاره مغازه گلستان دهم,رهن و اجاره,گلستان,۱۵,۱۳۹۷,بدون اتاق,,,,۸ مرداد ۱۴۰۵، ۱۶:۵۶,https://divar.ir/v/garBl3lb
سویت راه جدا 57 متری سند تک برگ گلستان۷نزدیک استخر,فروش,گلستان,۵۷,۱۳۸۷,۱,"‏۷,۱۰۰,۰۰۰,۰۰۰ تومان","‏۱۲۴,۵۶۱,۰۰۰ تومان",۱ از ۳,۲۱ تیر ۱۴۰۵، ۱۹:۰۴,https://divar.ir/v/gaTNr-WX
اجاره مغازه میدان عاقلیه,رهن و اجاره,پردسر,۱۰۰,۱۴۰۰,بدون اتاق,,,,۲۲ خرداد ۱۴۰۵، ۱۸:۲۷,https://divar.ir/v/gas4hV8Y
منزل مسکونی گیلان .لاهیجان. انارستان.فول امکانات,فروش,بازکیاگوراب,۱۷۰,۱۴۰۳,۳,"‏۱۷,۵۰۰,۰۰۰,۰۰۰ تومان","‏۵۴,۶۸۷,۰۰۰ تومان",,۱۹ مرداد ۱۴۰۵، ۰۹:۰۵,https://divar.ir/v/ga5Jm10e
اجاره مغازه در بالامحله سوستان,رهن کامل,لیل,۳۵,۱۴۰۱,بدون اتاق,,,,۱۹ مرداد ۱۴۰۵، ۰۰:۰۷,https://divar.ir/v/ga4R-3c3
ویلا دوبلکس لاکچری با ۲۰ نوع درخت میوه,فروش,لیالستان,۱۶۰,۱۴۰۴,۳,"‏۱۵,۰۰۰,۰۰۰,۰۰۰ تومان","‏۴۲,۸۵۷,۰۰۰ تومان",,۱۸ مرداد ۱۴۰۵، ۲۳:۴۴,https://divar.ir/v/ga49tIL9
200متر زمین باغی,فروش,لیالستان,,,,"‏۱,۲۰۰,۰۰۰,۰۰۰ تومان","‏۶,۰۰۰,۰۰۰ تومان",,۱۸ مرداد ۱۴۰۵، ۲۳:۰۹,https://divar.ir/v/ga4dNGxc
فروش اپارتمان,فروش,شهرک فرهنگیان,۸۳,۱۳۸۶,۲,"‏۷,۱۳۸,۰۰۰,۰۰۰ تومان","‏۸۶,۰۰۰,۰۰۰ تومان",۲ از ۳,۱۸ مرداد ۱۴۰۵، ۲۳:۰۱,https://divar.ir/v/ga49M1p7
فروش,فروش,لیل,۸۲,۱۴۰۵,۲,"‏۹,۵۰۰,۰۰۰,۰۰۰ تومان","‏۱۱۵,۸۵۳,۰۰۰ تومان",۱ از ۲,۱۸ مرداد ۱۴۰۵، ۲۲:۱۶,https://divar.ir/v/ga4tcFpF
اجاره مغازه ۲۲ متری,رهن و اجاره,فیاض,۲۲,۱۴۰۵,بدون اتاق,,,,۱۸ مرداد ۱۴۰۵، ۲۱:۲۷,https://divar.ir/v/ga49La43
زمین 300متری  بر آسفالت طرح هادی,فروش,آهندان,,,,"‏۱,۷۰۰,۰۰۰,۰۰۰ تومان","‏۵,۶۶۶,۰۰۰ تومان",,۱۸ مرداد ۱۴۰۵، ۲۱:۱۸,https://divar.ir/v/ga4xr-IX
فروش مغازه دور میدان سلمان,فروش,شهرک سلمان فارسی,۱۳,۱۳۹۳,بدون اتاق,"‏۹,۰۰۰,۰۰۰,۰۰۰ تومان","‏۶۹۲,۳۰۷,۰۰۰ تومان",,۱۸ مرداد ۱۴۰۵، ۲۱:۰۸,https://divar.ir/v/ga4t7Bbj
فروش فوری خانه ویلایی ۷۰متری باسندتک برگ,فروش,بازکیاگوراب,۷۰,۱۴۰۲,۱,"‏۵,۹۰۰,۰۰۰,۰۰۰ تومان","‏۴۰,۹۷۲,۰۰۰ تومان",,۱۸ مرداد ۱۴۰۵، ۲۰:۲۸,https://divar.ir/v/ga4JqK2L
فروش یک باب خانه پیش ساخته در روستای دره جیر,فروش,آهندان,,,,"‏۳,۹۵۰,۰۰۰,۰۰۰ تومان","‏۱۳,۹۵۷,۰۰۰ تومان",,۱۸ مرداد ۱۴۰۵، ۲۰:۰۴,https://divar.ir/v/ga4ta83j
اجاره فروشگاه در مهرگان,رهن و اجاره,مهرگان,۱۶,۱۳۹۳,بدون اتاق,,,,۱۸ مرداد ۱۴۰۵، ۱۹:۵۲,https://divar.ir/v/ga4lKLcg
فروش زمین کاسبی ونقلی در روستای بکر وزیبای گمل,فروش,کوی زمانی,,,,"‏۸۰۰,۰۰۰,۰۰۰ تومان","‏۶,۱۵۳,۰۰۰ تومان",,۱۶ تیر ۱۴۰۵، ۱۹:۰۰,https://divar.ir/v/gaLtlg-G
فروش مغازه در لاهیجان,فروش,انقلاب,۱۲,۱۳۷۷,بدون اتاق,"‏۸۵۰,۰۰۰,۰۰۰ تومان","‏۷۰,۸۳۳,۰۰۰ تومان",,۱۸ مرداد ۱۴۰۵، ۱۹:۴۷,https://divar.ir/v/ga4h6Cev
۹۲متر گلستان ۱۱,فروش,گلستان,۹۲,۱۳۹۷,۲,"‏۱۱,۵۰۰,۰۰۰,۰۰۰ تومان","‏۱۲۵,۰۰۰,۰۰۰ تومان",۳,۱۸ مرداد ۱۴۰۵، ۱۹:۳۴,https://divar.ir/v/ga4V6C81
زمین ۱۱۵۰ متری مسکونی-باغی در صالح‌بر لاهیجان,فروش,آهندان,,,,"‏۱۷,۲۵۰,۰۰۰,۰۰۰ تومان","‏۱۵,۰۰۰,۰۰۰ تومان",,۱۸ مرداد ۱۴۰۵، ۱۹:۳۴,https://divar.ir/v/ga4RqtFG
زمین ۸۰۰۰ متری گردشگری _ ۵۰۰ متر تا ساحل رامسر,فروش,شیخ زاهد,,,,"‏۱۷۵,۰۰۰,۰۰۰,۰۰۰ تومان","‏۲۱,۸۷۵,۰۰۰ تومان",,۲۱ خرداد ۱۴۰۵، ۰۵:۳۸,https://divar.ir/v/gaqgRoC3
باغ ویلایی ۳بَر_پروانه تریبلکس ۶۲۸متری_سند تک‌برگ,فروش,لیالستان,,,,"‏۱۲,۸۵۰,۰۰۰,۰۰۰ تومان","‏۲۶,۷۱۵,۰۰۰ تومان",,۲۱ خرداد ۱۴۰۵، ۰۵:۴۹,https://divar.ir/v/gaqsxLZj
ویلا تریبلکس استخردار شهرک لوکس ساحلی,فروش,شیشه گران,۴۷۰,۱۴۰۳,۴,"‏۴۷,۰۰۰,۰۰۰,۰۰۰ تومان","‏۱۵۶,۶۶۶,۰۰۰ تومان",,۱۵ مرداد ۱۴۰۵، ۱۹:۰۸,https://divar.ir/v/ga0paTNr
ویلایی عرصه و اعیان نزدیک استخر گلستان۳۳ مالکم,فروش,گلستان,۹۰,۱۳۸۰,۲,"‏۱۴,۰۰۰,۰۰۰,۰۰۰ تومان","‏۱۵۵,۵۵۵,۰۰۰ تومان",,۱۰ مرداد ۱۴۰۵، ۱۲:۴۹,https://divar.ir/v/gatl75aQ
بهترین گزینه برای سرمایه گذاری باسند تک برگ,فروش,بازکیاگوراب,,,,"‏۳,۳۰۰,۰۰۰,۰۰۰ تومان","‏۹,۱۶۶,۰۰۰ تومان",,۱۸ مرداد ۱۴۰۵، ۱۹:۱۸,https://divar.ir/v/ga4FaKBN
پیش فروش آپارتمان تکواحدی _ دو قدمی استخر لاهیجان,فروش,کوی خزر,,,,,,,۲۴ تیر ۱۴۰۵، ۱۳:۲۰,https://divar.ir/v/gaXd1y4p
اجاره خانه ویلایی 270 متری در رسالت لاهیجان,رهن و اجاره,لیالستان,۸۰,۱۳۷۵,۲,,,,۱۸ مرداد ۱۴۰۵، ۱۹:۰۶,https://divar.ir/v/ga455NvF
خانه ویلایی 400متر سند دار مبله کامل فول,فروش,لفمجان,۱۰۰,۱۴۰۵,۲,"‏۹,۵۰۰,۰۰۰,۰۰۰ تومان","‏۲۳,۷۵۰,۰۰۰ تومان",,۲۱ تیر ۱۴۰۵، ۱۴:۵۰,https://divar.ir/v/gaThXY7u
سوییت ۶۰متری با پارکینگ,فروش,لیالستان,۶۰,۱۳۹۶,۲,"‏۴,۲۰۰,۰۰۰,۰۰۰ تومان","‏۷۰,۰۰۰,۰۰۰ تومان",همکف,۱۸ مرداد ۱۴۰۵، ۱۸:۳۹,https://divar.ir/v/ga4hpHoB
لاهیجان پیش فروش آپارتمان 95 متری در سعدی زوج,فروش,کوه بیجار,۹۵,۱۴۰۵,۲,"‏۱۰,۴۵۰,۰۰۰,۰۰۰ تومان","‏۱۱۰,۰۰۰,۰۰۰ تومان",۱ از ۵,۱۸ مرداد ۱۴۰۵، ۱۸:۳۳,https://divar.ir/v/ga4Z5Pr4
اجاره مغازه تجاری,رهن و اجاره,انقلاب,۲۵,قبل از ۱۳۷۰,۱,,,,۲۱ تیر ۱۴۰۵، ۱۸:۱۱,https://divar.ir/v/gaTd6bLe
22متری آزادگان .شهدا.شیشه گران,رهن و اجاره,کوی آزادگان,۲۲,۱۴۰۵,بدون اتاق,,,,۱۸ مرداد ۱۴۰۵، ۱۷:۵۲,https://divar.ir/v/ga4tYXRk
فروش زمین دوبر شیخ زاهد,فروش,گلستان,,,,"‏۶۰,۰۰۰,۰۰۰,۰۰۰ تومان","‏۳۰۰,۰۰۰,۰۰۰ تومان",,۱۸ مرداد ۱۴۰۵، ۱۷:۴۶,https://divar.ir/v/ga4t4vne
زمین ب متراژ۱۲۰۰ مسکونی,فروش,آهندان,,,,"‏۲۵,۰۰۰,۰۰۰,۰۰۰ تومان","‏۲۰,۸۳۳,۰۰۰ تومان",,۱۸ مرداد ۱۴۰۵، ۱۷:۴۵,https://divar.ir/v/ga4pY1Pl
فروش آپارتمان نوساز خوش نقشه گلستان فرد,فروش,گلستان,۱۹۰,۱۴۰۵,۳,"‏۲۴,۷۰۰,۰۰۰,۰۰۰ تومان","‏۱۳۰,۰۰۰,۰۰۰ تومان",۳,۱۸ مرداد ۱۴۰۵، ۱۷:۴۱,https://divar.ir/v/ga4pocdJ
رهن اجاره,رهن و اجاره,آهندان,۶۰,۱۳۹۰,۱,,,,۱۸ مرداد ۱۴۰۵، ۱۷:۳۵,https://divar.ir/v/ga4lIDbt
مغازه گاراژ,رهن و اجاره,طالقانی,۴۰۰,۱۴۰۲,بدون اتاق,,,,۱۸ مرداد ۱۴۰۵، ۱۷:۲۹,https://divar.ir/v/ga4dYdJK
فروش آپارتمان طبقه پنجم ۱۴۴متری فیاض ۷,فروش,فیاض,۱۴۴,۱۴۰۱,۳,"‏۲۱,۵۰۰,۰۰۰,۰۰۰ تومان","‏۱۴۹,۳۰۵,۰۰۰ تومان",۵,۱۸ مرداد ۱۴۰۵، ۱۷:۲۰,https://divar.ir/v/ga4VYhHU
خانه کلنگی با زمین,فروش,گلستان,,,,"‏۴,۱۲۵,۰۰۰,۰۰۰ تومان","‏۲۵,۰۰۰,۰۰۰ تومان",,۱۸ مرداد ۱۴۰۵، ۱۷:۱۲,https://divar.ir/v/ga3lB4UN
آپارتمان طبقه اول ۱۴۰ متری,رهن و اجاره,کاروانسرابر,۱۴۰,۱۳۸۵,۲,,,۱,۱۸ مرداد ۱۴۰۵، ۱۷:۰۵,https://divar.ir/v/ga4FoF9c
فروش زمین در بیجاربنه لاهیجان,فروش,لیالستان,,,,"‏۵,۰۰۰,۰۰۰,۰۰۰ تومان","‏۱۶,۲۸۶,۰۰۰ تومان",,۱۸ مرداد ۱۴۰۵، ۱۶:۴۹,https://divar.ir/v/ga45nbzu
فروش آپارتمان ۸۲متری خیابان سبحان,فروش,شهرک جانبازان,۸۲,۱۴۰۱,۲,"‏۸,۴۰۰,۰۰۰,۰۰۰ تومان","‏۱۰۲,۴۳۹,۰۰۰ تومان",۴,۱۸ مرداد ۱۴۰۵، ۱۶:۴۴,https://divar.ir/v/ga4xX38f
زمین باغی دورچین در اطراف لاهیجان,فروش,بازکیاگوراب,,,,"‏۱,۰۵۰,۰۰۰,۰۰۰ تومان","‏۵,۲۵۰,۰۰۰ تومان",,۱۸ مرداد ۱۴۰۵، ۱۶:۲۳,https://divar.ir/v/ga4hnBSD
173 متر طبقه سه کلید نخورده ادب,فروش,کوی خزر,۱۷۳,۱۴۰۲,۳,"‏۲۶,۰۰۰,۰۰۰,۰۰۰ تومان","‏۱۵۰,۲۸۹,۰۰۰ تومان",۳ از ۵,۱۸ مرداد ۱۴۰۵، ۱۶:۲۲,https://divar.ir/v/ga4dHxzk
زمینی به متراژ ۴۰۱ مترمربع,فروش,آهندان,,,,"‏۸,۸۲۲,۰۰۰,۰۰۰ تومان","‏۲۲,۰۰۰,۰۰۰ تومان",,۱۸ مرداد ۱۴۰۵، ۱۶:۰۸,https://divar.ir/v/ga4RXdUL
ویلای نوساز وکلید نخورده .,فروش,آهندان,,,,"‏۱۱,۵۰۰,۰۰۰,۰۰۰ تومان","‏۵۲,۲۷۲,۰۰۰ تومان",,۱۸ مرداد ۱۴۰۵، ۱۵:۴۱,https://divar.ir/v/ga4xGi2W
527 متر زمین تمام مسکونی,فروش,آهندان,,,,"‏۶,۴۰۰,۰۰۰,۰۰۰ تومان","‏۱۲,۱۴۴,۰۰۰ تومان",,۱۸ مرداد ۱۴۰۵، ۱۵:۳۷,https://divar.ir/v/ga41mXKC
رهن و اجاره مغازه پاساژ ارژنگ لاهیجان,رهن و اجاره,انقلاب,۱۲,۱۴۰۰,بدون اتاق,,,,۱۸ مرداد ۱۴۰۵، ۱۵:۳۴,https://divar.ir/v/ga4x2l5U
380متر زمین تمام مسکونی,فروش,آهندان,,,,"‏۴,۳۷۰,۰۰۰,۰۰۰ تومان","‏۱۱,۵۰۰,۰۰۰ تومان",,۱۸ مرداد ۱۴۰۵، ۱۵:۳۳,https://divar.ir/v/ga4lWwkl
فروش ویلای لاکچری فول فرنیش,فروش,لیل,۱۳۰,۱۴۰۳,۲,"‏۳۵,۰۰۰,۰۰۰,۰۰۰ تومان","‏۴۶,۶۶۶,۰۰۰ تومان",,۱۵ مرداد ۱۴۰۵، ۰۹:۴۱,https://divar.ir/v/ga0VSa5z
زمین لاهیجان سرچشمه,فروش,لیل,,,,"‏۲,۱۰۰,۰۰۰,۰۰۰ تومان","‏۷,۰۰۰,۰۰۰ تومان",,۱۸ مرداد ۱۴۰۵، ۱۵:۲۱,https://divar.ir/v/ga4Jml-_
فروش یک مغازه11 متری در میدان شهدا,فروش,امیرشهید,۱۱,۱۳۹۰,بدون اتاق,"‏۱,۸۵۰,۰۰۰,۰۰۰ تومان","‏۱۶۸,۱۸۱,۰۰۰ تومان",,۱۸ مرداد ۱۴۰۵، ۱۵:۱۴,https://divar.ir/v/ga3pELm5
فروش زمین کوهپایه ای با ویو ابدی مسکونی,فروش,آهندان,,,,"‏۲۱,۰۰۰,۰۰۰,۰۰۰ تومان","‏۱۴,۸۸۳,۰۰۰ تومان",,۱۸ مرداد ۱۴۰۵، ۱۴:۲۷,https://divar.ir/v/ga4tVUS4
فروش آپارتمان فول امکانات,فروش,شهرک جانبازان,۱۱۴,۱۴۰۵,۲,"‏۱۲,۲۰۰,۰۰۰,۰۰۰ تومان","‏۱۰۷,۰۱۷,۰۰۰ تومان",۳,۱۸ مرداد ۱۴۰۵، ۱۴:۱۹,https://divar.ir/v/ga4t1Nva
دو قطعه زمین مسکونی در روستای سرشکه,فروش,بازکیاگوراب,,,,"‏۱,۶۰۰,۰۰۰,۰۰۰ تومان","‏۶,۰۶۰,۰۰۰ تومان",,۱۸ مرداد ۱۴۰۵، ۱۲:۵۳,https://divar.ir/v/ga4Zk5pl
زمین باغی داخل طرح,فروش,آهندان,,,,"‏۴۴,۸۰۰,۰۰۰,۰۰۰ تومان","‏۷,۰۰۰,۰۰۰ تومان",,۱۸ مرداد ۱۴۰۵، ۱۲:۵۲,https://divar.ir/v/ga4ZEqhs
اپارتمان شیک با موقییت استثنایی در نیما۵,رهن و اجاره,شیشه گران,۱۰۳,۱۳۹۵,۲,,,۱,۱۸ مرداد ۱۴۰۵، ۱۲:۵۰,https://divar.ir/v/ga4NEwPx
کارخانه تولید و بسته بندی مواد غذایی,فروش,آهندان,,,۴,"‏۲۱,۰۰۰,۰۰۰,۰۰۰ تومان","‏۱۳,۱۲۵,۰۰۰ تومان",,۱۸ مرداد ۱۴۰۵، ۱۲:۳۷,https://divar.ir/v/ga4N0BHg
فروش زمین  مستثنیات,فروش,لیل,,,,"‏۵,۲۶۰,۰۰۰,۰۰۰ تومان","‏۸,۹۹۱,۰۰۰ تومان",,۱۶ مرداد ۱۴۰۵، ۱۵:۵۲,https://divar.ir/v/ga118dUF
زمین داخل طرح هادی,فروش,لیالستان,,,,"‏۲,۵۰۰,۰۰۰,۰۰۰ تومان","‏۱۲,۵۰۰,۰۰۰ تومان",,۱۸ مرداد ۱۴۰۵، ۱۲:۳۱,https://divar.ir/v/ga4FkuAt
یک‌قطعه زمین مسکونی در تموشل,فروش,آهندان,,,,"‏۵,۵۰۰,۰۰۰,۰۰۰ تومان","‏۱۸,۰۳۲,۰۰۰ تومان",,۱۸ مرداد ۱۴۰۵، ۱۲:۲۹,https://divar.ir/v/ga4Fkfi0
زمین ویوو دار,فروش,لیل,,,,"‏۴,۰۰۰,۰۰۰,۰۰۰ تومان","‏۶,۹۹۳,۰۰۰ تومان",,۱۸ مرداد ۱۴۰۵، ۱۲:۱۹,https://divar.ir/v/ga49zDuB
زمین فروشی گیلان,فروش,لفمجان,,,,"‏۴,۵۰۰,۰۰۰,۰۰۰ تومان","‏۴,۵۰۰,۰۰۰ تومان",,۱۸ مرداد ۱۴۰۵، ۱۲:۱۵,https://divar.ir/v/ga45TNyf
فروش یاتهاترآپارتمان ۷۷متری لوکس,فروش,شهرک سلمان فارسی,۷۷,۱۴۰۱,۲,"‏۷,۷۰۰,۰۰۰,۰۰۰ تومان","‏۱۰۰,۰۰۰,۰۰۰ تومان",۳ از ۳,۱۸ مرداد ۱۴۰۵، ۱۲:۰۹,https://divar.ir/v/ga4JAkRm
۱۱۳ متر واحد خوش نقشه با ویو عالی کلید نخورده,فروش,گلستان,۱۱۳,۱۴۰۵,۲,"‏۱۴,۷۰۰,۰۰۰,۰۰۰ تومان","‏۱۳۰,۰۸۸,۰۰۰ تومان",۳ از ۴,۱۸ مرداد ۱۴۰۵، ۱۱:۵۶,https://divar.ir/v/ga4lzavL
پیش فروش (( سازنده بسیار معتبر)),فروش,مهرگان,,,,,,,۱۸ مرداد ۱۴۰۵، ۱۱:۳۳,https://divar.ir/v/ga4RDBi6
پیش‌فروش آپارتمان ۶۷ متری دوخوابه گلستان فرد,فروش,گلستان,,,,,,,۱۸ مرداد ۱۴۰۵، ۱۱:۳۱,https://divar.ir/v/ga4JjixI
مستقل ۱۰۵ متر طبقه اول-آزادگان،براصلی ادب نبش کوچه,فروش,کوی خزر,۱۰۵,۱۳۸۰,۲,"‏۱۶,۰۰۰,۰۰۰,۰۰۰ تومان","‏۱۵۲,۳۸۰,۰۰۰ تومان",۱ از ۲,۱۸ مرداد ۱۴۰۵، ۱۱:۲۸,https://divar.ir/v/ga4JT_Bh
اجاره.یک.واحدآپارتمان.درگلستان,رهن و اجاره,گلستان,۱۰۶,۱۳۹۸,۳,,,,۱۸ مرداد ۱۴۰۵، ۱۱:۰۷,https://divar.ir/v/ga41CulH
زمینی در لاهیجان,فروش,بازکیاگوراب,,,,"‏۹,۵۴۰,۰۰۰,۰۰۰ تومان","‏۶,۰۰۰,۰۰۰ تومان",,۱۸ مرداد ۱۴۰۵، ۱۰:۵۷,https://divar.ir/v/ga4tC15Q
لاهیجان- فروش تهاتر زمین مسکونی 750 متری گلرودبار,فروش,بازکیاگوراب,,,,"‏۵,۹۰۰,۰۰۰,۰۰۰ تومان","‏۷,۸۶۶,۰۰۰ تومان",,۱۸ مرداد ۱۴۰۵، ۱۰:۵۳,https://divar.ir/v/ga4pyoG8
فروش واحد ۱۰۳متر در لاهیجان خ ازادگان,فروش,کوی خزر,۱۰۳,۱۳۹۵,۲,"‏۹,۱۰۰,۰۰۰,۰۰۰ تومان","‏۸۸,۳۴۹,۰۰۰ تومان",۲ از ۲,۱۸ مرداد ۱۴۰۵، ۱۰:۳۳,https://divar.ir/v/ga4VSGML
فروش مستقل راه جدا  ۷۸ متری (گلستان فرد),فروش,گلستان,۷۸,۱۳۹۰,۲,"‏۹,۰۰۰,۰۰۰,۰۰۰ تومان","‏۱۱۵,۳۸۴,۰۰۰ تومان",۱,۲۴ تیر ۱۴۰۵، ۱۲:۱۴,https://divar.ir/v/gaXhkXeb
لاهیجان-فروش خونه ویلایی 155 متری در شیشه گران,فروش,شیشه گران,,,,"‏۳۰,۰۰۰,۰۰۰,۰۰۰ تومان","‏۱۹۳,۵۴۸,۰۰۰ تومان",,۱۸ مرداد ۱۴۰۵، ۱۰:۲۰,https://divar.ir/v/ga4JC9I4
منزل بسیار عالی,فروش,لیالستان,۷۴,۱۳۹۳,۲,"‏۵,۶۰۰,۰۰۰,۰۰۰ تومان","‏۷۵,۶۷۵,۰۰۰ تومان",همکف,۱۸ مرداد ۱۴۰۵، ۱۰:۱۵,https://divar.ir/v/ga4FC-yq
لاهیجان رهن کامل آپارتمان 60 متری در کارگر,رهن کامل,رجایی,۶۰,۱۳۹۰,۱,,,۵ از ۳,۱۸ مرداد ۱۴۰۵، ۱۰:۱۰,https://divar.ir/v/gayxsn0r
ویلای شهری در لاهیجان,فروش,حاجی آباد,۸۰,۱۳۹۶,۲,"‏۶,۱۰۰,۰۰۰,۰۰۰ تومان","‏۴۰,۶۶۶,۰۰۰ تومان",,۱۵ مرداد ۱۴۰۵، ۱۷:۵۵,https://divar.ir/v/ga0lJMLq
زمین مرکز شهر لاهیجان,فروش,یحی آباد,,,,"‏۱۳,۵۰۰,۰۰۰,۰۰۰ تومان","‏۹۰,۰۰۰,۰۰۰ تومان",,۱۸ تیر ۱۴۰۵، ۱۳:۵۶,https://divar.ir/v/gaPdHEi3
۵۰۰ متر زمین کامل مسکونی محدوده آرام و ممتاز,فروش,آهندان,,,,"‏۱۹,۵۰۰,۰۰۰,۰۰۰ تومان","‏۳۹,۰۰۰,۰۰۰ تومان",,۸ مرداد ۱۴۰۵، ۱۸:۵۹,https://divar.ir/v/gar1Gxax
اجاره واحد۹۵متری مستقل,رهن و اجاره,کوی آزادگان,۹۵,۱۳۸۲,۲,,,همکف از ۲,۱۸ مرداد ۱۴۰۵، ۰۷:۵۸,https://divar.ir/v/ga4FQOTr
فروش واحد ۸۰ متری در پرده سر,فروش,یوسف آباد,۸۰,۱۳۹۷,۲,"‏۷,۵۰۰,۰۰۰,۰۰۰ تومان","‏۹۳,۷۵۰,۰۰۰ تومان",۱,۱۸ مرداد ۱۴۰۵، ۰۷:۴۳,https://divar.ir/v/ga31_7S0
زمین حاجی آباد,فروش,حاجی آباد,,,,"‏۷,۴۰۰,۰۰۰,۰۰۰ تومان","‏۴۰,۶۵۹,۰۰۰ تومان",,۱۸ مرداد ۱۴۰۵، ۰۷:۱۳,https://divar.ir/v/ga3dPQ1q
زمین مسکونی باغی600متری محصور گردکوه,فروش,آهندان,,,,"‏۴,۸۰۰,۰۰۰,۰۰۰ تومان","‏۸,۰۰۰,۰۰۰ تومان",,۱۸ مرداد ۱۴۰۵، ۰۰:۳۰,https://divar.ir/v/ga3h5rM5
زمین ۱۷۰ متری مسکونی در بازکیاگوراب لاهیجان,فروش,بازکیاگوراب,,,,"‏۱,۲۰۰,۰۰۰,۰۰۰ تومان","‏۷,۰۵۸,۰۰۰ تومان",,۱۷ مرداد ۱۴۰۵، ۲۳:۰۲,https://divar.ir/v/ga3RYDbN
فروش زمین   تمام مسکونی    ویو دار   سوخته کوه,فروش,آهندان,,,,"‏۷,۵۰۰,۰۰۰,۰۰۰ تومان","‏۱۸,۷۵۰,۰۰۰ تومان",,۱۷ مرداد ۱۴۰۵، ۲۲:۵۲,https://divar.ir/v/ga3Fo0rc
فروش آپارتمان  ۷۶ متری همکف در خیابان مهر کوهبنه,فروش,آهندان,۷۶,۱۳۹۳,۱,"‏۶,۰۸۰,۰۰۰,۰۰۰ تومان","‏۸۰,۰۰۰,۰۰۰ تومان",همکف,۱۷ مرداد ۱۴۰۵، ۲۲:۴۸,https://divar.ir/v/ga3B4_VG
ویلا,فروش,لفمجان,۱۴۰,۱۴۰۵,۲,"‏۱۰,۰۰۰,۰۰۰,۰۰۰ تومان","‏۴۰,۰۰۰,۰۰۰ تومان",,۱۷ مرداد ۱۴۰۵، ۲۲:۳۰,https://divar.ir/v/ga3xH1hP
فروش زمین لاهیجان,فروش,گلستان,,,,"‏۸,۵۰۰,۰۰۰,۰۰۰ تومان","‏۳۴,۹۷۹,۰۰۰ تومان",,۱۷ مرداد ۱۴۰۵، ۲۱:۵۹,https://divar.ir/v/ga3VHYGr
رهن و اجاره در بهترین منطقه لاهیجان,رهن و اجاره,رجایی,۱۸۰,۱۴۰۱,۳,,,۲ از ۴,۱۵ مرداد ۱۴۰۵، ۱۸:۳۴,https://divar.ir/v/ga0JaRQg
ویلا نوساز در بهترین نقطه لفمجان,فروش,لفمجان,۱۴۵,۱۴۰۵,۲,"‏۱۰,۰۰۰,۰۰۰,۰۰۰ تومان","‏۴۰,۰۰۰,۰۰۰ تومان",,۱۷ مرداد ۱۴۰۵، ۲۱:۱۶,https://divar.ir/v/ga3pmbgS
باغ چای,فروش,لیل,,,,"‏۱,۵۰۰,۰۰۰,۰۰۰ تومان","‏۱,۵۰۰,۰۰۰ تومان",,۱۷ مرداد ۱۴۰۵، ۲۱:۱۲,https://divar.ir/v/ga3pGjZk
اجاره مغازه ۲۵ متری بر اصلی خیابان منظریه,رهن و اجاره,شهید آوینی,۲۵,۱۴۰۰,بدون اتاق,,,,۱۷ مرداد ۱۴۰۵، ۲۱:۰۹,https://divar.ir/v/ga3dmY_S
460متر زمین بر کمربندی شیخ زاهد به گیل داخل کوچه,فروش,گلستان,,,,"‏۱۰,۴۸۰,۰۰۰,۰۰۰ تومان","‏۲۲,۷۸۲,۰۰۰ تومان",,۱۷ مرداد ۱۴۰۵، ۲۰:۱۰,https://divar.ir/v/ga3tF5Zo
زمین مسکونی,فروش,بازکیاگوراب,,,,"‏۴,۹۰۰,۰۰۰,۰۰۰ تومان","‏۱۵,۹۰۹,۰۰۰ تومان",,۱۷ مرداد ۱۴۰۵، ۲۰:۰۴,https://divar.ir/v/ga3pFcGG
زمین در گیلان موقعیت خوب,فروش,بازکیاگوراب,,,,"‏۱,۴۰۰,۰۰۰,۰۰۰ تومان","‏۱,۶۰۱,۰۰۰ تومان",,۱۷ مرداد ۱۴۰۵، ۲۰:۰۰,https://divar.ir/v/ga3lFnpC
خانه ۱۸۰ متری تک واحدی کنار استخر لاهیجان,فروش,شیشه گران,۱۸۰,۱۴۰۵,۳,"‏۳۴,۰۰۰,۰۰۰,۰۰۰ تومان","‏۱۸۸,۸۸۸,۰۰۰ تومان",۳,۱۷ مرداد ۱۴۰۵، ۱۹:۴۰,https://divar.ir/v/ga3Rluf0
فروش زمین مسکونی,فروش,لیالستان,,,,"‏۹,۲۰۰,۰۰۰,۰۰۰ تومان","‏۱۱,۵۰۰,۰۰۰ تومان",,۸ مرداد ۱۴۰۵، ۲۰:۲۷,https://divar.ir/v/garJoOiI
فروش خانه ویلایی در مرکز شهر لاهیجان (خیابان فیاض),فروش,فیاض,۱۴۰,قبل از ۱۳۷۰,۲,"‏۲۱,۳۰۰,۰۰۰,۰۰۰ تومان","‏۱۰۴,۹۲۶,۰۰۰ تومان",,۱۷ مرداد ۱۴۰۵، ۱۹:۲۰,https://divar.ir/v/ga3BlOCg
آپارتمان 76متری شخصی ساز,فروش,لیل,۷۶,۱۳۹۶,۲,"‏۷,۸۰۰,۰۰۰,۰۰۰ تومان","‏۱۰۲,۶۳۱,۰۰۰ تومان",۱ از ۲,۱۷ مرداد ۱۴۰۵، ۱۹:۰۷,https://divar.ir/v/ga3xUpzl
فروش اپارتمان در وحدت,فروش,کوی زمانی,۷۰,۱۴۰۲,۲,"‏۶,۰۰۰,۰۰۰,۰۰۰ تومان","‏۸۵,۷۱۴,۰۰۰ تومان",۱ از ۲,۱۷ مرداد ۱۴۰۵، ۱۸:۱۶,https://divar.ir/v/ga3tDQpQ
خانه ویلایی لاهیجان,فروش,فیاض,۱۹۵,۱۳۹۸,۳,"‏۵۰,۰۰۰,۰۰۰,۰۰۰ تومان","‏۱۳۴,۴۰۸,۰۰۰ تومان",,۷ مرداد ۱۴۰۵، ۱۲:۴۹,https://divar.ir/v/gapVcjBF
۲۷۰متر زمین مسکونی   مدارک کامل,فروش,کوی آزادگان,,,,"‏۳,۲۰۰,۰۰۰,۰۰۰ تومان","‏۱۱,۸۵۱,۰۰۰ تومان",,۱۷ مرداد ۱۴۰۵، ۱۷:۳۹,https://divar.ir/v/ga3hjajO
خانه ویلایی روستایی چسبیده به شهر لاهیجان,فروش,بازکیاگوراب,۷۰,۱۳۸۵,۲,"‏۷,۳۰۰,۰۰۰,۰۰۰ تومان","‏۱۸,۲۵۰,۰۰۰ تومان",,۱۷ مرداد ۱۴۰۵، ۱۳:۵۲,https://divar.ir/v/ga3JQ3ZP
۳۰۰متر زمین   مسکونی   مدارک کامل,فروش,کوی خزر,,,,"‏۲,۵۵۰,۰۰۰,۰۰۰ تومان","‏۸,۵۰۰,۰۰۰ تومان",,۱۷ مرداد ۱۴۰۵، ۱۷:۳۰,https://divar.ir/v/ga3ZzFAr
۷۴ متر تجاری سند تک برگ_گوهردشت کرج_معاوضه لاهیجان,فروش,انقلاب,۷۴,۱۳۹۳,بدون اتاق,"‏۲۸,۰۰۰,۰۰۰,۰۰۰ تومان","‏۳۷۸,۳۷۸,۰۰۰ تومان",,۲۵ خرداد ۱۴۰۵، ۱۰:۴۶,https://divar.ir/v/gavY6tzz
تجاری_ صنعتی_ مسکونی نیمه کاره _معاوضه و فروش,فروش,بوجایه,,,,"‏۴۵,۰۰۰,۰۰۰,۰۰۰ تومان","‏۷۰,۳۱۲,۰۰۰ تومان",,۲۳ اردیبهشت ۱۴۰۵، ۲۰:۳۱,https://divar.ir/v/gaE4KOUP
370متری دو واحدمجزا دردوطبقه همکف واول,رهن و اجاره,کوی آزادگان,۳۷۰,۱۴۰۵,۳,,,,۱۷ مرداد ۱۴۰۵، ۱۷:۰۷,https://divar.ir/v/ga3FDCJn
اپارتمان,فروش,کوی زمانی,۸۸,۱۴۰۳,۲,"‏۱۰,۲۶۰,۰۰۰,۰۰۰ تومان","‏۱۱۶,۵۹۰,۰۰۰ تومان",۴ از ۸,۱۷ مرداد ۱۴۰۵، ۱۶:۵۹,https://divar.ir/v/ga39SKdC
اجاره اتاق مشاوره و روانشناس,رهن و اجاره,کاروانسرابر,۵۵,قبل از ۱۳۷۰,۱,,,۳,۱۷ مرداد ۱۴۰۵، ۱۶:۵۹,https://divar.ir/v/ga39CL1o
سوئیت ۷۰متری نیمه کاره در خالو باغ,رهن کامل,امیرشهید,۷۰,۱۴۰۴,۲,,,همکف,۱۷ مرداد ۱۴۰۵، ۱۶:۵۶,https://divar.ir/v/ga35Skse
ویلای نوساز و کلیدنخورده قواره دوم ساحل چاف,فروش,رجایی,۱۷۰,۱۴۰۵,۳,"‏۱۸,۰۰۰,۰۰۰,۰۰۰ تومان","‏۷۲,۰۰۰,۰۰۰ تومان",,۱۷ مرداد ۱۴۰۵، ۱۶:۴۲,https://divar.ir/v/ga3pS7Lp
زمین 6 هکتاری بی نظیر در قلب لاهیجان,فروش,شیخ زاهد,,,,"‏۵۵۰,۰۰۰,۰۰۰,۰۰۰ تومان","‏۹,۱۶۶,۰۰۰ تومان",,۲۱ آبان ۱۴۰۴، ۰۸:۴۵,https://divar.ir/v/QaUcB37W
یکی از خاص‌ترین دوبلکس‌های شیخ زاهد _ ورودی مستقل,فروش,شیخ زاهد,۱۵۸,۱۳۹۵,۳,"‏۲۷,۲۰۰,۰۰۰,۰۰۰ تومان","‏۱۷۲,۱۵۱,۰۰۰ تومان",۱ از ۲,۲۰ خرداد ۱۴۰۵، ۰۹:۳۳,https://divar.ir/v/gao0X7ZT
زمین 1026متری ساخت باغ‌ویلا_قیمتی کم‌نظیر_رودبنه,فروش,لیالستان,,,,"‏۶,۸۰۰,۰۰۰,۰۰۰ تومان","‏۶,۶۲۷,۰۰۰ تومان",,۲۰ خرداد ۱۴۰۵، ۰۹:۳۳,https://divar.ir/v/gao0XGW1
زمینی فاخر وخاص بمساحت 64 هکتار_گردشگری_شهرک سازی,فروش,شیخ زاهد,,,,"‏۶۰۰,۰۰۰,۰۰۰,۰۰۰ تومان","‏۹۳۷,۰۰۰ تومان",,۲۰ خرداد ۱۴۰۵، ۰۹:۳۳,https://divar.ir/v/gaos3sP5
فروش مغازه ۵۰ متری در سوستان لاهیجان,فروش,لیل,۵۰,۱۴۰۵,بدون اتاق,"‏۶,۵۰۰,۰۰۰,۰۰۰ تومان","‏۱۳۰,۰۰۰,۰۰۰ تومان",,۱۷ مرداد ۱۴۰۵، ۱۶:۲۴,https://divar.ir/v/ga3ZSrwc
ویلا ذاکلبر کنار رودخانه,فروش,آهندان,۱۴۰,۱۴۰۰,۲,"‏۱۰,۹۹۰,۰۰۰,۰۰۰ تومان","‏۳۰,۹۵۷,۰۰۰ تومان",,۱۷ مرداد ۱۴۰۵، ۱۵:۴۶,https://divar.ir/v/ga31BnB2
تک واحدی هدایت دوازده,فروش,شهرک جانبازان,۱۰۰,۱۴۰۴,۲,"‏۱۱,۰۰۰,۰۰۰,۰۰۰ تومان","‏۱۱۰,۰۰۰,۰۰۰ تومان",۱ از ۴,۱۷ مرداد ۱۴۰۵، ۱۵:۳۶,https://divar.ir/v/ga3tx0kE
اجاره واحدمستقل نوسازشیک ۶۸م پارکینگدارفول‌امکانات,رهن و اجاره,جمهوری,۶۸,۱۴۰۰,۱,,,۱,۱۰ مرداد ۱۴۰۵، ۱۵:۲۴,https://divar.ir/v/gat5NSkf
باغ چای لاهیجان علیسرود,فروش,لیل,,,,"‏۲,۸۰۰,۰۰۰,۰۰۰ تومان","‏۳,۵۰۰,۰۰۰ تومان",,۱۷ مرداد ۱۴۰۵، ۱۴:۴۳,https://divar.ir/v/ga35grBq
اجاره مغازه در جاده لاهیجان به لنگرود,رهن و اجاره,لیالستان,۳۰۰,۱۴۰۴,۱,,,,۱۷ مرداد ۱۴۰۵، ۱۴:۳۷,https://divar.ir/v/ga31Ah_R
فروش زمین ۴۲۸متری_تمام مسکونی در روستای زیبا سطلسر,فروش,لیل,,,,"‏۹,۰۰۰,۰۰۰,۰۰۰ تومان","‏۲۱,۰۲۸,۰۰۰ تومان",,۱۷ مرداد ۱۴۰۵، ۱۴:۳۰,https://divar.ir/v/ga2phCtf
زمین 3000متری حومه لاهیجان,فروش,طالقانی,,,,"‏۱۵,۰۰۰,۰۰۰,۰۰۰ تومان","‏۵,۰۰۰,۰۰۰ تومان",,۱۷ مرداد ۱۴۰۵، ۱۴:۳۰,https://divar.ir/v/ga3tgCSd
فروش واحد ۸۵ متری,فروش,خالو باغ,۸۵,۱۴۰۵,۲,"‏۶,۵۰۰,۰۰۰,۰۰۰ تومان","‏۷۶,۴۷۰,۰۰۰ تومان",۱,۱۷ مرداد ۱۴۰۵، ۱۴:۱۷,https://divar.ir/v/ga3lQAmw
240متر زمین مسکونی بر آسفالت جاده سیاهکل,فروش,بازکیاگوراب,,,,"‏۴,۳۲۰,۰۰۰,۰۰۰ تومان","‏۱۸,۰۰۰,۰۰۰ تومان",,۱۷ مرداد ۱۴۰۵، ۱۴:۱۵,https://divar.ir/v/ga3hAkzZ
مغازه بمتراژ۱۰۰متربرشقایق۵۰مترکف با۵۰مترطبقه اول,رهن و اجاره,شقایق,۱۰۰,۱۳۹۰,بدون اتاق,,,,۱۵ مرداد ۱۴۰۵، ۱۱:۲۶,https://divar.ir/v/ga01jh3N
زمین فروشی محصور شده,فروش,گلستان,,,,"‏۵,۲۰۰,۰۰۰,۰۰۰ تومان","‏۱۵,۰۷۲,۰۰۰ تومان",,۱۶ مرداد ۱۴۰۵، ۱۲:۲۳,https://divar.ir/v/ga11pF27
فروش آپارتمان درگلستان ۳۰,فروش,گلستان,۱۱۵,۱۳۹۵,۲,"‏۱۴,۹۵۰,۰۰۰,۰۰۰ تومان","‏۱۳۰,۰۰۰,۰۰۰ تومان",۴ از ۴,۱۷ مرداد ۱۴۰۵، ۱۳:۱۵,https://divar.ir/v/ga2pPxyh
۱۸۰متر زمین مسکونی با پروانه ساخت ۱۰۰ متری,فروش,لیل,,,,"‏۶,۳۰۰,۰۰۰,۰۰۰ تومان","‏۳۵,۰۰۰,۰۰۰ تومان",,۱۷ مرداد ۱۴۰۵، ۱۲:۵۴,https://divar.ir/v/ga2Vv2od
فروش زمین شهری در سعدی لاهیجان,فروش,شیشه گران,,,,"‏۲۴,۴۰۰,۰۰۰,۰۰۰ تومان","‏۷۵,۰۷۶,۰۰۰ تومان",,۱۷ مرداد ۱۴۰۵، ۱۲:۵۴,https://divar.ir/v/ga2VvrNu
زمین مسکونی قیام لاهیجان با پروانه 16 واحدی,فروش,قیام,,,,"‏۶۰,۰۰۰,۰۰۰,۰۰۰ تومان","‏۱۰۶,۰۰۷,۰۰۰ تومان",,۱۷ مرداد ۱۴۰۵، ۱۲:۳۷,https://divar.ir/v/ga2BvXx8
زمین شهری در شیخ زاهد,فروش,گلستان,,,,"‏۲۸,۰۰۰,۰۰۰,۰۰۰ تومان","‏۱۴۳,۵۸۹,۰۰۰ تومان",,۱۷ مرداد ۱۴۰۵، ۱۲:۲۸,https://divar.ir/v/ga29uc2o
اجاره واحد در میدان برق,رهن کامل,طالقانی,۷۰,۱۳۹۰,۲,,,همکف,۱۷ مرداد ۱۴۰۵، ۱۲:۲۰,https://divar.ir/v/ga21eSNu
۴۱۲ متر زمین مسکونی تجاری بر اصلی لاهیجان نخجیر,فروش,لیالستان,,,,"‏۱۲,۶۰۰,۰۰۰,۰۰۰ تومان","‏۳۰,۵۸۲,۰۰۰ تومان",,۱۷ مرداد ۱۴۰۵، ۱۲:۱۵,https://divar.ir/v/ga2x-fR-
پیش‌فروش آپارتمان در گلستان,فروش,گلستان,,,,,,,۱۱ مرداد ۱۴۰۵، ۱۳:۲۹,https://divar.ir/v/gavRRwdh
خانه ویلایی دو نبش,فروش,خمیر کلایه,۱۴۰,قبل از ۱۳۷۰,۴,"‏۱۲,۷۰۰,۰۰۰,۰۰۰ تومان","‏۵۲,۹۱۶,۰۰۰ تومان",,۱۷ مرداد ۱۴۰۵، ۱۲:۱۱,https://divar.ir/v/ga2teYs5
ویلا نو ساز  ۱۱۵ متر زیر بنا,فروش,لیالستان,۱۱۵,۱۴۰۴,۲,"‏۹,۵۰۰,۰۰۰,۰۰۰ تومان","‏۴۳,۱۸۱,۰۰۰ تومان",,۱۷ مرداد ۱۴۰۵، ۱۲:۰۵,https://divar.ir/v/ga2lu6jq
فروش آپارتمان ۷۲ متری فول امکانات کلید نخورده,فروش,کوی زمانی,۷۲,۱۴۰۵,۲,"‏۷,۹۲۰,۰۰۰,۰۰۰ تومان","‏۱۱۰,۰۰۰,۰۰۰ تومان",۲ از ۳,۱۷ مرداد ۱۴۰۵، ۱۲:۰۲,https://divar.ir/v/ga2leW-n
زمین مسکونی سند دار,فروش,لفمجان,,,,"‏۳,۸۰۰,۰۰۰,۰۰۰ تومان","‏۱۱,۶۹۲,۰۰۰ تومان",,۱۸ تیر ۱۴۰۵، ۱۱:۴۵,https://divar.ir/v/gaPhVSXn
فروش آپارتمان ۹۲متری چند قدمی استخر,فروش,گلستان,۹۲,۱۴۰۴,۲,"‏۱۳,۹۰۰,۰۰۰,۰۰۰ تومان","‏۱۵۱,۰۸۶,۰۰۰ تومان",۲ از ۴,۱۷ مرداد ۱۴۰۵، ۱۱:۴۶,https://divar.ir/v/ga2V-J_B
لاهیجان- فروش زمین مسکونی 225 متری در سبحان,فروش,رجایی,,,,"‏۱۴,۶۰۰,۰۰۰,۰۰۰ تومان","‏۶۴,۸۸۸,۰۰۰ تومان",,۱۷ مرداد ۱۴۰۵، ۱۱:۴۵,https://divar.ir/v/ga2Bcvc7
315 متر زمین با سند تک برگ مسکونی,فروش,آهندان,,,,"‏۱۴,۰۰۰,۰۰۰,۰۰۰ تومان","‏۴۴,۴۴۴,۰۰۰ تومان",,۱۷ مرداد ۱۴۰۵، ۱۱:۴۳,https://divar.ir/v/ga2V-IHH
زمین تجاری مسکونی .لاهیجان.,فروش,گلستان,,,,"‏۱,۰۰۰,۰۰۰,۰۰۰ تومان","‏۳,۰۸۶,۰۰۰ تومان",,۱۷ مرداد ۱۴۰۵، ۱۱:۳۱,https://divar.ir/v/ga2JOI4n
اجاره 500متر زمین تجاری با بنای ۲۰۰ متری,رهن و اجاره,گلستان,۸۰۰,۱۴۰۵,بدون اتاق,,,,۱۷ مرداد ۱۴۰۵، ۱۱:۳۱,https://divar.ir/v/ga2JeAI0
رهن کامل بدون اجاره,رهن کامل,لیالستان,۷۵,۱۴۰۵,۲,,,۲ از ۲,۱۷ مرداد ۱۴۰۵، ۱۱:۲۶,https://divar.ir/v/ga2F-B4U
فروش زمین مسکونی لاهیجان,فروش,بازکیاگوراب,,,,"‏۲,۹۵۰,۰۰۰,۰۰۰ تومان","‏۹,۰۴۹,۰۰۰ تومان",,۶ مرداد ۱۴۰۵، ۲۳:۲۲,https://divar.ir/v/gaphwfIT
فروش فوری پیش فروش در لاهیجان,فروش,فیاض,۹۵,۱۴۰۵,۲,"‏۸,۰۰۰,۰۰۰,۰۰۰ تومان","‏۸۴,۲۱۰,۰۰۰ تومان",۲ از ۴,۱۷ مرداد ۱۴۰۵، ۱۱:۱۷,https://divar.ir/v/ga29tGb7
رهن طبقه دوم ۶۵متری طالقانی,رهن کامل,طالقانی,۶۵,۱۳۹۸,۱,,,,۱۷ مرداد ۱۴۰۵، ۱۱:۰۴,https://divar.ir/v/ga2tta30
اجاره مغازه نبش خیابان فردوسی,رهن و اجاره,کوی خزر,۱۵,۱۴۰۰,بدون اتاق,,,,۱۷ مرداد ۱۴۰۵، ۱۰:۵۶,https://divar.ir/v/ga2ldU86
فروش واحد کلیدنخورده براصلی خیابان هدایت,فروش,شهید آوینی,۱۱۰,۱۴۰۵,۲,"‏۱۲,۶۵۰,۰۰۰,۰۰۰ تومان","‏۱۱۵,۰۰۰,۰۰۰ تومان",۲ از ۶,۱۵ مرداد ۱۴۰۵، ۱۲:۵۸,https://divar.ir/v/ga0N1gB0
زمین باغی ۱۵۶ متر روستایی بر آسفالت,فروش,گلستان,,,,"‏۲۵۰,۰۰۰,۰۰۰ تومان","‏۱,۶۰۲,۰۰۰ تومان",,۱۷ مرداد ۱۴۰۵، ۱۰:۲۲,https://divar.ir/v/ga2B9ed3
تک واحدی ۱۰۰متری نوساز کلیدنخورده خوش قیمت,فروش,مهرگان,۱۰۰,۱۴۰۵,۲,"‏۱۴,۰۰۰,۰۰۰,۰۰۰ تومان","‏۱۴۰,۰۰۰,۰۰۰ تومان",۲ از ۴,۱۱ مرداد ۱۴۰۵، ۱۸:۵۵,https://divar.ir/v/gavFWOIS
خانه ویلایی گلستان کاسبی,فروش,گلستان,۸۰,۱۳۸۰,۱,"‏۷,۰۰۰,۰۰۰,۰۰۰ تومان","‏۶۷,۳۰۷,۰۰۰ تومان",,۱۹ خرداد ۱۴۰۵، ۱۱:۱۷,https://divar.ir/v/gam0GfnL
فروش واحد ویو دار _گلستان فرد,فروش,گلستان,۱۲۳,۱۴۰۴,۲,"‏۱۵,۵۰۰,۰۰۰,۰۰۰ تومان","‏۱۲۶,۰۱۶,۰۰۰ تومان",۴,۱۱ مرداد ۱۴۰۵، ۱۰:۲۹,https://divar.ir/v/gaup-oxz
واحد ۱۲۰و ۱۱۰متری نوساز لوکیشن عالی  ویوی بینظیر,فروش,کوی استادان,۱۲۰,۱۴۰۵,۲,"‏۱۸,۰۰۰,۰۰۰,۰۰۰ تومان","‏۱۵۰,۰۰۰,۰۰۰ تومان",۱ از ۶,۱۱ مرداد ۱۴۰۵، ۱۲:۴۴,https://divar.ir/v/gavpwQLf
خانه ویلایی در بهترین منطقه با دسترسی به امکانات,فروش,کاروانسرابر,۱۰۰,۱۳۹۰,۱,"‏۶,۶۰۰,۰۰۰,۰۰۰ تومان","‏۶۶,۰۰۰,۰۰۰ تومان",,۱۷ مرداد ۱۴۰۵، ۱۰:۰۴,https://divar.ir/v/ga2tM-Ka
با ۱۱_۷۰۰ در خیابان کارگر لاهیجان صاحبخانه شو,فروش,رجایی,۸۴,۱۳۸۸,۲,"‏۱۱,۷۰۰,۰۰۰,۰۰۰ تومان","‏۱۳۹,۲۸۵,۰۰۰ تومان",۲ از ۳,۱۳ مرداد ۱۴۰۵، ۲۰:۱۲,https://divar.ir/v/gayZRU8Z
فروش ویلای۱۲۴۰متری سندتک برگ لاهیجان سیاهکل,فروش,آهندان,۴۵۰,۱۳۹۵,۴,"‏۲۷,۰۰۰,۰۰۰,۰۰۰ تومان","‏۲۱,۷۷۴,۰۰۰ تومان",,۱۷ مرداد ۱۴۰۵، ۰۹:۲۸,https://divar.ir/v/ga2VMSp1
زمین فروشی لاهیجان,فروش,لیل,,,,"‏۵۰,۰۰۰,۰۰۰,۰۰۰ تومان","‏۲۶,۲۴۶,۰۰۰ تومان",,۱۷ مرداد ۱۴۰۵، ۰۹:۱۵,https://divar.ir/v/ga2B8DFk
لاهیجان- فروش زمین مسکونی 30000 متری,فروش,رجایی,,,,"‏۷۷,۰۰۰,۰۰۰,۰۰۰ تومان","‏۲,۵۶۶,۰۰۰ تومان",,۱۷ مرداد ۱۴۰۵، ۰۸:۵۷,https://divar.ir/v/ga21L2g6
زمین ۲۵۰ متری مسکونی با نامه بنیاد مسکن,فروش,لیالستان,,,,"‏۲,۹۰۰,۰۰۰,۰۰۰ تومان","‏۱۱,۶۰۰,۰۰۰ تومان",,۱۷ مرداد ۱۴۰۵، ۰۱:۳۷,https://divar.ir/v/ga2d1FfK
مستقل_بام تهرانی اختصاصی_راه پله با فضای بالابر,فروش,شهرک سلمان فارسی,۸۵,۱۳۹۰,۲,"‏۹,۰۰۰,۰۰۰,۰۰۰ تومان","‏۱۰۵,۸۸۲,۰۰۰ تومان",۲ از ۲,۱۷ مرداد ۱۴۰۵، ۰۰:۵۷,https://divar.ir/v/ga210d2J
فروش زمین در روستای کوشال لاهیجان,فروش,لیالستان,,,,"‏۵,۷۷۵,۰۰۰,۰۰۰ تومان","‏۱۶,۵۰۰,۰۰۰ تومان",,۱۷ مرداد ۱۴۰۵، ۰۰:۰۶,https://divar.ir/v/ga2FEztD
فروش سوئیت در لیالستان,فروش,لیالستان,۵۵,۱۳۹۷,۱,"‏۴,۲۰۰,۰۰۰,۰۰۰ تومان","‏۷۶,۳۶۳,۰۰۰ تومان",همکف,۱۶ مرداد ۱۴۰۵، ۲۳:۵۹,https://divar.ir/v/ga29D2We
اجاره  ۸۳ متری خوش‌نقشه در خیابان تربیت معلم،,رهن و اجاره,شهرک جانبازان,۸۳,۱۳۹۸,۲,,,۳,۱۶ مرداد ۱۴۰۵، ۲۳:۲۸,https://divar.ir/v/ga2hTvrd
اجاره زمین برای زنبور,رهن و اجاره,کوی خزر,۱۰۰۰۰۰۰,۱۳۸۵,۱,,,,۱۶ مرداد ۱۴۰۵، ۲۲:۲۷,https://divar.ir/v/ga2pyjA_
۹۸ متر بر خیابان جمهوری لاهیجان,فروش,جمهوری,۹۸,۱۳۹۶,۲,"‏۹,۹۰۰,۰۰۰,۰۰۰ تومان","‏۱۰۱,۰۲۰,۰۰۰ تومان",۱,۲۱ تیر ۱۴۰۵، ۱۹:۲۷,https://divar.ir/v/gaThrutc
۲۰۰ متری ویلایی ۷۰ متر بنا,فروش,بازکیاگوراب,۷۰,۱۴۰۰,۲,"‏۶,۱۰۰,۰۰۰,۰۰۰ تومان","‏۳۰,۵۰۰,۰۰۰ تومان",,۱۶ مرداد ۱۴۰۵، ۲۲:۱۰,https://divar.ir/v/ga2ZifTO
یک  ویلا,فروش,لیل,۷۰,۱۳۹۸,۲,"‏۲,۵۰۰,۰۰۰,۰۰۰ تومان","‏۳۵,۷۱۴,۰۰۰ تومان",,۱۶ مرداد ۱۴۰۵، ۲۲:۰۴,https://divar.ir/v/ga2NiZtA
واحد ۱۶۰ متری نزدیک استخر نیما,فروش,شیشه گران,۱۶۰,۱۳۹۰,۳,"‏۲۲,۵۰۰,۰۰۰,۰۰۰ تومان","‏۱۴۰,۶۲۵,۰۰۰ تومان",۳ از ۵,۱۶ مرداد ۱۴۰۵، ۲۱:۳۱,https://divar.ir/v/ga21hTFp
ویلا ۱۰۰۰ متری روستایی جنگلی,فروش,آهندان,۱۰۰,۱۳۷۱,۲,"‏۲۰,۰۰۰,۰۰۰,۰۰۰ تومان","‏۱۹,۸۸۰,۰۰۰ تومان",,۱۹ خرداد ۱۴۰۵، ۱۰:۵۶,https://divar.ir/v/gan8b0zH
لاهیجان  زمین 6228 متری,فروش,آهندان,,,,"‏۲۱,۰۰۰,۰۰۰,۰۰۰ تومان","‏۳,۳۷۱,۰۰۰ تومان",,۱۶ مرداد ۱۴۰۵، ۲۱:۰۲,https://divar.ir/v/ga2ZhjFI
زمین سیصد متری مسکونی کتشال ویو ابدی,فروش,لیل,,,,"‏۵,۴۰۰,۰۰۰,۰۰۰ تومان","‏۱۸,۰۰۰,۰۰۰ تومان",,۱۶ مرداد ۱۴۰۵، ۲۱:۰۱,https://divar.ir/v/ga2ZhK0r
زمین ۳۰۰ متری بر اصلی کتشال علیسرود,فروش,لیل,,,,"‏۶,۰۰۰,۰۰۰,۰۰۰ تومان","‏۲۰,۰۰۰,۰۰۰ تومان",,۱۶ مرداد ۱۴۰۵، ۲۰:۵۴,https://divar.ir/v/ga2Rhf5o
فروش زمین مسکونی,فروش,مهرگان,,,,"‏۲,۵۰۰,۰۰۰,۰۰۰ تومان","‏۱۰,۰۰۰,۰۰۰ تومان",,۱۶ مرداد ۱۴۰۵، ۲۰:۴۲,https://divar.ir/v/ga2Fh4kS
زمین دویست و بیست و پنج متری کتشال ویو ابدی,فروش,لیل,,,,"‏۳,۳۷۵,۰۰۰,۰۰۰ تومان","‏۱۵,۰۰۰,۰۰۰ تومان",,۱۶ مرداد ۱۴۰۵، ۲۰:۳۰,https://divar.ir/v/ga25w7Rc
فروش زمین مسکونی با مجوز بنیاد مسکن,فروش,لفمجان,,,,"‏۳,۵۰۰,۰۰۰,۰۰۰ تومان","‏۷,۰۰۰,۰۰۰ تومان",,۱۶ مرداد ۱۴۰۵، ۲۰:۲۵,https://divar.ir/v/ga21gebx
زمین پانصد متری مسکونی کتشال ویو ابدی,فروش,لیل,,,,"‏۱۷,۵۰۰,۰۰۰,۰۰۰ تومان","‏۳۵,۰۰۰,۰۰۰ تومان",,۱۶ مرداد ۱۴۰۵، ۲۰:۱۹,https://divar.ir/v/ga2xQE25
رهن واجاره,رهن و اجاره,آهندان,۷۰,۱۳۹۵,۱,,,,۱۶ مرداد ۱۴۰۵، ۲۰:۱۰,https://divar.ir/v/ga2pgh3R
رهن واجاره آپارتمان دوخوابه مهرگان,رهن و اجاره,مهرگان,۸۵,۱۳۹۸,۲,,,۳,۱۶ مرداد ۱۴۰۵، ۲۰:۰۳,https://divar.ir/v/ga2hA0Ow
۱۶ واحد لوکس ساحلی_ ۱۶ سند تک‌ برگ _ ویو ابدی دریا,فروش,شیخ زاهد,۲۶۰۰,۱۴۰۳,۲,"‏۳۰۰,۰۰۰,۰۰۰,۰۰۰ تومان","‏۱۱۵,۳۸۴,۰۰۰ تومان",۴ از ۴,۱۶ مرداد ۱۴۰۵، ۱۹:۵۴,https://divar.ir/v/ga2ZAnIC
۴۲متر اداری,فروش,خمیر کلایه,۴۲,۱۳۹۰,۱,"‏۳,۳۶۰,۰۰۰,۰۰۰ تومان","‏۸۰,۰۰۰,۰۰۰ تومان",۲,۱۹ اردیبهشت ۱۴۰۵، ۱۷:۱۵,https://divar.ir/v/Qa_rTCaq
واحد نوساز و مستقل در شهر دیلمان قابل معاوضه,فروش,کوی زمانی,۷۰,۱۴۰۵,۱,"‏۳,۷۵۰,۰۰۰,۰۰۰ تومان","‏۳۷,۵۰۰,۰۰۰ تومان",,۱۶ مرداد ۱۴۰۵، ۱۹:۲۰,https://divar.ir/v/ga15PklL
۱۶۸مترزمین_۶۰متر بنا_گلستان۴۵_مالک هستم,فروش,گلستان,,,,"‏۱۱,۰۰۰,۰۰۰,۰۰۰ تومان","‏۶۵,۴۷۶,۰۰۰ تومان",,۱۶ مرداد ۱۴۰۵، ۱۸:۲۴,https://divar.ir/v/ga1F_cS2
زمین مسکونی  سند دار,فروش,یحی آباد,,,,"‏۲,۰۰۰,۰۰۰,۰۰۰ تومان","‏۸,۴۰۳,۰۰۰ تومان",,۱۶ مرداد ۱۴۰۵، ۱۸:۰۳,https://divar.ir/v/ga1xusp3
فول امکانات_لوکیشن عالی_,رهن کامل,کوی خزر,۱۲۰,۱۴۰۰,۳,,,۲,۱۶ مرداد ۱۴۰۵، ۱۷:۴۹,https://divar.ir/v/ga1luYkU
مجزا.اپارتمان فروشی,فروش,شهید آوینی,۹۷,۱۳۹۲,۲,"‏۱۰,۵۰۰,۰۰۰,۰۰۰ تومان","‏۱۰۸,۲۴۷,۰۰۰ تومان",۲,۱۶ مرداد ۱۴۰۵، ۱۷:۱۸,https://divar.ir/v/ga154NX_
باغ چایی متری 6000000,فروش,آهندان,,,بدون اتاق,"‏۲,۴۰۰,۰۰۰,۰۰۰ تومان","‏۶,۰۰۰,۰۰۰ تومان",,۱۶ مرداد ۱۴۰۵، ۱۷:۱۳,https://divar.ir/v/ga1FeCHG
۴۱ متر مستقل با پارکینگ خشک و حیاط خلوت _ وحدت,فروش,بوجایه,۴۱,۱۳۹۱,۱,"‏۳,۹۰۰,۰۰۰,۰۰۰ تومان","‏۹۵,۱۲۱,۰۰۰ تومان",همکف از ۲,۲۳ تیر ۱۴۰۵، ۱۳:۲۵,https://divar.ir/v/gaWdQVYy
ویلا ۲۵۰ متری نوساز با ویو ابدی _ چوشل لاهیجان,فروش,شیشه گران,۱۰۰,۱۴۰۵,۲,"‏۸,۴۰۰,۰۰۰,۰۰۰ تومان","‏۳۳,۶۰۰,۰۰۰ تومان",,۲۴ خرداد ۱۴۰۵، ۱۲:۴۱,https://divar.ir/v/gauAXBfE
فروش ۹۳ متری مفید_ دو نبش_ خیابان خرمشهر,فروش,شقایق,۹۳,۱۳۹۹,۲,"‏۱۷,۵۰۰,۰۰۰,۰۰۰ تومان","‏۱۸۸,۱۷۲,۰۰۰ تومان",۱ از ۵,۱۶ مرداد ۱۴۰۵، ۱۶:۰۶,https://divar.ir/v/ga1FtEQf
ویلا دولبکس 120 مترکلید نخورده لاهیجان بازکیاگوراب,فروش,بازکیاگوراب,۱۲۰,۱۴۰۳,۲,"‏۸,۵۰۰,۰۰۰,۰۰۰ تومان","‏۵۴,۸۳۸,۰۰۰ تومان",,۱۸ تیر ۱۴۰۵، ۰۰:۵۷,https://divar.ir/v/gaO97_ea
زمین مسکونی,فروش,لفمجان,,,,"‏۳,۰۰۰,۰۰۰,۰۰۰ تومان","‏۶,۰۰۰,۰۰۰ تومان",,۱۶ مرداد ۱۴۰۵، ۱۵:۵۳,https://divar.ir/v/ga11843r
زمین به متراژ ۳۲۲,فروش,لیالستان,,,,"‏۷,۷۰۰,۰۰۰,۰۰۰ تومان","‏۲۳,۹۱۳,۰۰۰ تومان",,۱۶ مرداد ۱۴۰۵، ۱۵:۵۲,https://divar.ir/v/ga11s94S
زمین تجاری مسکونی در رودبنه محله لاکمعسر,فروش,انقلاب,,,,"‏۷,۵۰۰,۰۰۰,۰۰۰ تومان","‏۱۴,۳۴۰,۰۰۰ تومان",,۱۶ مرداد ۱۴۰۵، ۱۵:۱۹,https://divar.ir/v/ga1ZsWD5
فروش زمین مسکونی,فروش,کوی زمانی,,,,"‏۸,۶۰۰,۰۰۰,۰۰۰ تومان","‏۴۸,۳۱۴,۰۰۰ تومان",,۱۶ مرداد ۱۴۰۵، ۱۴:۱۴,https://divar.ir/v/ga1drDqB
800 متر باغ مسکونی با پرداخت شرایطی,فروش,لیالستان,۲,۱۳۹۹,بدون اتاق,"‏۴,۴۰۰,۰۰۰,۰۰۰ تومان","‏۵,۵۰۰,۰۰۰ تومان",,۱۰ تیر ۱۴۰۵، ۱۰:۰۹,https://divar.ir/v/gaEVLeHo
ویلا لوکس تریبلکس 340متری ویوی ابدی کوهستان,فروش,لیل,۳۰۰,۱۴۰۴,۳,"‏۴۵,۵۰۰,۰۰۰,۰۰۰ تومان","‏۱۳۳,۸۲۳,۰۰۰ تومان",,۲۰ آبان ۱۴۰۴، ۱۹:۳۶,https://divar.ir/v/QaT4l2Ru
فروش باغ ۱۰۰متری,فروش,لیالستان,,,,"‏۷۵۰,۰۰۰,۰۰۰ تومان","‏۷,۵۰۰,۰۰۰ تومان",,۱۶ مرداد ۱۴۰۵، ۱۲:۴۱,https://divar.ir/v/ga1FaT3U
فروش واحد ۱۰۸ متری فول امکانات در لاهیجان,فروش,شهرک جانبازان,۱۰۸,۱۴۰۵,۲,"‏۱۲,۲۴۰,۰۰۰,۰۰۰ تومان","‏۱۱۳,۳۳۳,۰۰۰ تومان",۱ از ۳,۱۵ مرداد ۱۴۰۵، ۱۷:۱۹,https://divar.ir/v/ga0B5uu6
۱۸۹۰متر زمین مسکونی لاهیجان ویو فوق ابدی,فروش,لیل,,,,"‏۵۴,۰۰۰,۰۰۰,۰۰۰ تومان","‏۲۸,۵۷۱,۰۰۰ تومان",,۱۶ مرداد ۱۴۰۵، ۱۲:۲۹,https://divar.ir/v/ga155Shh
زمین ممتاز برای فروش,فروش,گلستان,,,,"‏۱۲,۶۰۰,۰۰۰,۰۰۰ تومان","‏۶۰,۰۰۰,۰۰۰ تومان",,۱۶ مرداد ۱۴۰۵، ۱۱:۳۱,https://divar.ir/v/ga1BpzMW
دور میدون دانشگاه مناسب ساخت,فروش,کوی استادان,,,,"‏۱۷,۷۰۰,۰۰۰,۰۰۰ تومان","‏۸۰,۰۹۰,۰۰۰ تومان",,۱۶ مرداد ۱۴۰۵، ۱۱:۱۸,https://divar.ir/v/ga11Im1u
اجاره زمین محصور برای کارگاه و انباری+دفتر کار,رهن و اجاره,گلستان,۵۰۰,۱۴۰۰,۱,,,,۱۶ مرداد ۱۴۰۵، ۱۱:۱۷,https://divar.ir/v/ga11YnY4
رهن و اجاره مغازه,رهن و اجاره,طالقانی,۱۵,۱۳۹۸,بدون اتاق,,,,۱۶ مرداد ۱۴۰۵، ۱۱:۱۱,https://divar.ir/v/ga1tIwEa
اجاره مغازه در خیابان شقایق,رهن و اجاره,کوی استادان,۲۲,۱۳۹۲,بدون اتاق,,,,۲۰ مهر ۱۴۰۴، ۲۲:۰۵,https://divar.ir/v/AarTf2t7
زمین آینده دار  داخل طرح ۲۹۳ متر,فروش,آهندان,,,,"‏۴,۵۰۰,۰۰۰,۰۰۰ تومان","‏۱۵,۳۵۸,۰۰۰ تومان",,۷ مرداد ۱۴۰۵، ۰۱:۵۱,https://divar.ir/v/gaptyEIl
اجاره مغازه,رهن و اجاره,آهندان,۲۰,۱۴۰۵,بدون اتاق,,,,۱۶ مرداد ۱۴۰۵، ۱۰:۴۲,https://divar.ir/v/ga1R46Vo
زمین ۸۵۲ متری لاهیجان,فروش,لیالستان,,,,"‏۱۷,۶۰۰,۰۰۰,۰۰۰ تومان","‏۲۰,۶۵۷,۰۰۰ تومان",,۱۶ مرداد ۱۴۰۵، ۰۸:۳۲,https://divar.ir/v/ga1Z2mhM
پیش فروش واحد های ۶۰و۷۰ متری درگلستان ۲۳,فروش,گلستان,,,,,,,۱۶ مرداد ۱۴۰۵، ۰۴:۳۳,https://divar.ir/v/ga15SX5E
فروش زمین ۳۸۳ متری داخل طرح بصورت نقد اقساط,فروش,کوی آزادگان,,,,"‏۲,۹۰۰,۰۰۰,۰۰۰ تومان","‏۷,۵۷۱,۰۰۰ تومان",,۱۶ مرداد ۱۴۰۵، ۰۲:۵۵,https://divar.ir/v/ga1dxo6C
350متر زمین باغی در یکی از روستاهای خوش آب هوا گمل,فروش,لیل,,,,"‏۴۵۰,۰۰۰,۰۰۰ تومان","‏۱,۲۸۵,۰۰۰ تومان",,۱۶ مرداد ۱۴۰۵، ۰۱:۰۴,https://divar.ir/v/ga0x_wsD
خانه ویلایی,فروش,بازکیاگوراب,۷۵,۱۳۸۰,۲,"‏۱۰,۰۰۰,۰۰۰,۰۰۰ تومان","‏۴۶,۷۲۸,۰۰۰ تومان",,۱۵ مرداد ۱۴۰۵، ۲۳:۰۱,https://divar.ir/v/ga0B-8KK
زمین مسکونی در گلرودبار,فروش,بازکیاگوراب,,,,"‏۷,۰۰۰,۰۰۰,۰۰۰ تومان","‏۸,۷۵۰,۰۰۰ تومان",,۱۵ مرداد ۱۴۰۵، ۲۲:۵۲,https://divar.ir/v/ga05d8TO
فروش یک واحد آپارتمان ۱۰۰ متری,فروش,کوی آزادگان,۱۰۰,۱۳۹۵,۲,"‏۱۳,۵۰۰,۰۰۰,۰۰۰ تومان","‏۱۳۵,۰۰۰,۰۰۰ تومان",۲ از ۲,۱۵ مرداد ۱۴۰۵، ۲۱:۵۵,https://divar.ir/v/ga0Ftc90
خونه ویلایی تو روستا,فروش,آهندان,۱۲۵,۱۳۸۹,۲,"‏۶,۰۰۰,۰۰۰,۰۰۰ تومان","‏۱۶,۰۰۰,۰۰۰ تومان",,۱۵ مرداد ۱۴۰۵، ۲۱:۲۷,https://divar.ir/v/ga0psob2
رهن و اجاره مغازه,رهن و اجاره,آهندان,۲۷,۱۴۰۵,بدون اتاق,,,,۱۵ مرداد ۱۴۰۵، ۲۱:۱۲,https://divar.ir/v/ga0dMQrT
زمین مسکونی باغی,فروش,آهندان,,,,"‏۲,۷۰۰,۰۰۰,۰۰۰ تومان","‏۷,۵۴۱,۰۰۰ تومان",,۱۵ مرداد ۱۴۰۵، ۲۱:۰۸,https://divar.ir/v/ga0ZsTKz
فروش پنت هوس ۱۲۰ متری در میدان چای ۵.۳۰۰ میلیارد,فروش,حاجی آباد,۱۲۰,۱۴۰۳,۱,"‏۵,۳۰۰,۰۰۰,۰۰۰ تومان","‏۴۴,۱۶۶,۰۰۰ تومان",۳ از ۳,۱۵ مرداد ۱۴۰۵، ۱۹:۱۹,https://divar.ir/v/ga0xq24k
فروش فوری زمین باغی در بازارده لنگرود,فروش,لیالستان,,,,"‏۷۳۰,۰۰۰,۰۰۰ تومان","‏۳,۶۵۰,۰۰۰ تومان",,۱۵ مرداد ۱۴۰۵، ۱۹:۰۲,https://divar.ir/v/ga0h6vKn
زمین مسکونی کوهپایه,فروش,لیل,,,,"‏۷,۰۰۰,۰۰۰,۰۰۰ تومان","‏۲۵,۹۲۵,۰۰۰ تومان",,۱۵ مرداد ۱۴۰۵، ۱۸:۴۲,https://divar.ir/v/ga0RaHIF
۳۰۲ متر ویلایی مرکز لاهیجان_ خ فیاض _ کوچه بن بست,فروش,فیاض,۱۲۸,قبل از ۱۳۷۰,۲,"‏۳۳,۲۲۰,۰۰۰,۰۰۰ تومان","‏۱۱۰,۰۰۰,۰۰۰ تومان",,۱۵ مرداد ۱۴۰۵، ۱۸:۴۰,https://divar.ir/v/ga0NKlgm
ویلا ۲۵۰ متری گیلان با بنای ۱۰۰ متری,فروش,گلستان,۱۰۰,۱۴۰۰,۲,"‏۷,۵۰۰,۰۰۰,۰۰۰ تومان","‏۳۰,۰۰۰,۰۰۰ تومان",,۱۴ تیر ۱۴۰۵، ۲۲:۵۲,https://divar.ir/v/gaK56yZp
فروش آپارتمان ۱۰۳ متری خوش‌نقشه و دلباز,فروش,یحی آباد,۱۰۳,۱۳۹۴,۲,"‏۷,۷۰۰,۰۰۰,۰۰۰ تومان","‏۷۴,۷۵۷,۰۰۰ تومان",۳ از ۳,۱۵ مرداد ۱۴۰۵، ۱۷:۲۸,https://divar.ir/v/ga0JJ2vX
خانه مدرن,فروش,کوی خزر,۱۱۰,۱۴۰۵,۱,"‏۶,۶۰۰,۰۰۰,۰۰۰ تومان","‏۴۲,۵۸۰,۰۰۰ تومان",,۱۵ مرداد ۱۴۰۵، ۱۷:۱۲,https://divar.ir/v/ga054-mr
۳۴۳ متر زمین بر اصلی در موقعیت کوهپایه ای بنگبر,فروش,لیل,,,,"‏۵,۱۴۵,۰۰۰,۰۰۰ تومان","‏۱۵,۰۰۰,۰۰۰ تومان",,۱۵ مرداد ۱۴۰۵، ۱۶:۵۳,https://divar.ir/v/ga0lYSSK
لاهیجان فروش آپارتمان 65 متری در کارگر,فروش,رجایی,۶۵,۱۳۸۸,۱,"‏۷,۰۰۰,۰۰۰,۰۰۰ تومان","‏۱۰۷,۶۹۲,۰۰۰ تومان",۲ از ۳,۱۵ مرداد ۱۴۰۵، ۱۶:۵۰,https://divar.ir/v/ga0lo44r
آپارتمان_88متری_خرمشهر,فروش,شهید آوینی,۸۸,۱۴۰۳,۲,"‏۱۰,۷۵۰,۰۰۰,۰۰۰ تومان","‏۱۲۲,۱۵۹,۰۰۰ تومان",۲,۱۵ مرداد ۱۴۰۵، ۱۶:۴۴,https://divar.ir/v/ga0hoQbf
لاهیجان فروش آپارتمان 80 متری در نیما,فروش,رجایی,۸۰,۱۳۸۶,۲,"‏۱۲,۰۰۰,۰۰۰,۰۰۰ تومان","‏۱۵۰,۰۰۰,۰۰۰ تومان",۲ از ۳,۱۵ مرداد ۱۴۰۵، ۱۶:۴۳,https://divar.ir/v/gayt8H0M
زمین مسکونی سند دار یاسر,فروش,لیالستان,,,,"‏۶,۴۰۰,۰۰۰,۰۰۰ تومان","‏۳۰,۹۱۷,۰۰۰ تومان",,۹ مرداد ۱۴۰۵، ۱۹:۰۴,https://divar.ir/v/gasBcVhx
زمین مسکونی شمال لاهیجان,فروش,لیالستان,,,,"‏۸,۵۰۰,۰۰۰,۰۰۰ تومان","‏۲۰,۲۳۸,۰۰۰ تومان",,۱۵ مرداد ۱۴۰۵، ۱۵:۵۴,https://divar.ir/v/ga0xH69A
۶۰ متر نوساز  رزمندگان,فروش,کوی زمانی,۶۰,۱۴۰۵,۲,"‏۵,۰۰۰,۰۰۰,۰۰۰ تومان","‏۸۳,۳۳۳,۰۰۰ تومان",همکف,۱۵ مرداد ۱۴۰۵، ۱۳:۱۹,https://divar.ir/v/ga0hVFol
فروش زمین در بافت مسکونی با  استعلامات کامل,فروش,بازکیاگوراب,,,,"‏۹,۰۰۰,۰۰۰,۰۰۰ تومان","‏۶,۹۲۳,۰۰۰ تومان",,۱۵ مرداد ۱۴۰۵، ۱۲:۵۹,https://divar.ir/v/ga0Nl4Zm
آپارتمان 125 متری ویو شیطان کوه بر خیابان اصلی,فروش,یوسف آباد,۱۲۵,۱۴۰۵,۲,"‏۱۳,۵۰۰,۰۰۰,۰۰۰ تومان","‏۱۰۸,۰۰۰,۰۰۰ تومان",۳,۱۵ مرداد ۱۴۰۵، ۱۲:۵۷,https://divar.ir/v/ga0N1ZNX
ویلایی دوبلکس با ویوی عالی,فروش,لیالستان,۹۵,۱۳۹۰,۲,"‏۹,۰۰۰,۰۰۰,۰۰۰ تومان","‏۳۶,۰۰۰,۰۰۰ تومان",,۱۵ مرداد ۱۴۰۵، ۱۲:۴۸,https://divar.ir/v/ga0FFDrr
فروش فوری اپارتمان,فروش,فیاض,۸۵,۱۳۹۶,۲,"‏۹,۴۰۰,۰۰۰,۰۰۰ تومان","‏۱۱۰,۵۸۸,۰۰۰ تومان",۲ از ۴,۱۱ مرداد ۱۴۰۵، ۰۷:۰۶,https://divar.ir/v/gautLE3C
فروش واحد ۱۳۶ متری گلستان زوج,فروش,گلستان,۱۳۶,۱۳۹۵,۳,"‏۱۴,۹۵۰,۰۰۰,۰۰۰ تومان","‏۱۰۹,۹۲۶,۰۰۰ تومان",۱ از ۳,۱۵ مرداد ۱۴۰۵، ۱۲:۱۶,https://divar.ir/v/ga0lUala
سوئیت و آپارتمان مبله روزانه - تمیز و امن,رهن و اجاره,انقلاب,۱۰۰۰,۱۴۰۵,+۴,,,بالاتر از ۳۰,۱۵ مرداد ۱۴۰۵، ۱۱:۵۳,https://divar.ir/v/ga0N0XAH
فروش آپارتمان لاهیجان,فروش,شهید آوینی,۱۰۵,۱۴۰۵,۲,"‏۱۱,۵۵۰,۰۰۰,۰۰۰ تومان","‏۱۱۰,۰۰۰,۰۰۰ تومان",۶,۱۵ مرداد ۱۴۰۵، ۱۱:۵۱,https://divar.ir/v/ga0REDPo
واحد نقلی در لوکیشن خرمشهر,فروش,گلستان,۷۵,۱۳۹۷,۲,"‏۸,۹۰۰,۰۰۰,۰۰۰ تومان","‏۱۱۸,۶۶۶,۰۰۰ تومان",۲ از ۳,۱۵ مرداد ۱۴۰۵، ۱۱:۲۷,https://divar.ir/v/ga05jZYM
اجاره آپارتمان مستقل در خیابان آزادگان,رهن و اجاره,کوی خزر,۸۵,۱۳۸۹,۲,,,۱ از ۴,۱۵ مرداد ۱۴۰۵، ۱۱:۰۶,https://divar.ir/v/ga0hj4-s
آپارتمان 100متری درسه طبقه,رهن و اجاره,مهرگان,۱۰۰,۱۴۰۴,۲,,,۲ از ۳,۱۱ مرداد ۱۴۰۵، ۱۳:۰۲,https://divar.ir/v/gav5QPHI
زمین چسبیده به طرح لاهیجان نخجیر,فروش,لیالستان,,,,"‏۱,۰۰۰,۰۰۰,۰۰۰ تومان","‏۵,۰۰۰,۰۰۰ تومان",,۱۵ مرداد ۱۴۰۵، ۱۰:۴۴,https://divar.ir/v/gawh0lfW
۱۰۰۰ متر باغ چای,فروش,لیل,,,,"‏۱,۵۰۰,۰۰۰,۰۰۰ تومان","‏۱,۵۰۰,۰۰۰ تومان",,۱۵ مرداد ۱۴۰۵، ۱۰:۳۵,https://divar.ir/v/ga0Fj8w8
زمین ۲۳۰۰ متری با سند تک برگ لاهیجان چوشل,فروش,شیشه گران,,,,"‏۲۶,۴۰۰,۰۰۰,۰۰۰ تومان","‏۱۱,۴۷۸,۰۰۰ تومان",,۱۶ تیر ۱۴۰۵، ۱۵:۵۳,https://divar.ir/v/gaM1eNVE
آپارتمان شخصی ساز ۲طبقه۲واحد فروش,فروش,فیاض,۱۹۵,۱۴۰۱,۳,"‏۵۵,۰۰۰,۰۰۰,۰۰۰ تومان","‏۲۸۲,۰۵۱,۰۰۰ تومان",۱ از ۲,۱۵ مرداد ۱۴۰۵، ۱۰:۰۹,https://divar.ir/v/ga0tC967
فروش ویلای روستایی با چشم انداز بی نظیر,فروش,لیل,۳۰۰,۱۴۰۱,۲,"‏۳۶,۵۰۰,۰۰۰,۰۰۰ تومان","‏۴۱,۴۷۷,۰۰۰ تومان",,۱۵ مرداد ۱۴۰۵، ۰۹:۵۹,https://divar.ir/v/ga0lCcTS
فروش زمین های مسکونی باغی و مزرعه به صورت مزائیده,فروش,آهندان,,,,"‏۲۰,۰۰۰,۰۰۰,۰۰۰ تومان","‏۱,۰۰۰,۰۰۰ تومان",,۱۵ مرداد ۱۴۰۵، ۰۹:۲۵,https://divar.ir/v/ga09BJhT
فروش ویلایی نوساز دوبلکس,فروش,امیرشهید,۱۱۰,۱۴۰۱,۲,"‏۱۰,۰۰۰,۰۰۰,۰۰۰ تومان","‏۳۳,۳۳۳,۰۰۰ تومان",,۱۵ مرداد ۱۴۰۵، ۰۷:۴۱,https://divar.ir/v/ga0JgS3J
۶۴۰۹ متر زمین داخل طرح هادی ذاکله بر لاهیجان,فروش,آهندان,,,,"‏۴۲,۰۰۰,۰۰۰,۰۰۰ تومان","‏۶,۵۵۳,۰۰۰ تومان",,۱۵ مرداد ۱۴۰۵، ۰۱:۵۴,https://divar.ir/v/gazdb4oF
سویت نوساز۷۰م شیک ۱خ مستقل پارکینگدارکرسی بلند,رهن و اجاره,گلستان,۷۰,۱۴۰۰,۱,,,همکف,۱۵ مرداد ۱۴۰۵، ۰۱:۱۸,https://divar.ir/v/gaz5aDXd
فروش زمین ۶۸۰ متری باویو تالاب سوستان,فروش,لیل,,,,"‏۲۷,۲۰۰,۰۰۰,۰۰۰ تومان","‏۴۰,۰۰۰,۰۰۰ تومان",,۱۸ تیر ۱۴۰۵، ۱۸:۵۸,https://divar.ir/v/gaP5bI3J
زمین بینظیر 460متری_تماما مسکونی_ویو ابدی کوهستان,فروش,آهندان,,,,"‏۸,۵۰۰,۰۰۰,۰۰۰ تومان","‏۱۸,۴۷۸,۰۰۰ تومان",,۱۴ مرداد ۱۴۰۵، ۲۳:۵۷,https://divar.ir/v/gazx5uw4
باغ‌رستورانی 1200متری کم‌نظیر_ویو ابدی کوه_تهاتر,فروش,شیخ زاهد,,,,"‏۱۱۰,۰۰۰,۰۰۰,۰۰۰ تومان","‏۸۶,۹۵۶,۰۰۰ تومان",,۱۴ مرداد ۱۴۰۵، ۲۳:۵۵,https://divar.ir/v/gazxJO8I
زمین مسکونی 200 متری_ویوابدی_بدون مشابه_نخجیر,فروش,لیالستان,,,,"‏۵,۸۵۰,۰۰۰,۰۰۰ تومان","‏۲۹,۲۵۰,۰۰۰ تومان",,۱۴ مرداد ۱۴۰۵، ۲۳:۵۳,https://divar.ir/v/gaztJuLx
خانه ویلا ۱۸۰۰ متری واقع در روستای گوشکجان پاشاکی,فروش,لفمجان,,,,"‏۱۱,۰۰۰,۰۰۰,۰۰۰ تومان","‏۶,۱۱۱,۰۰۰ تومان",,۱۴ مرداد ۱۴۰۵، ۲۳:۵۰,https://divar.ir/v/gazt5Fuc
باغ‌ویلای لوکس۱۳۸۰ متری_۶۰۰ متر بنا _ ۵ خواب مستر,فروش,لیالستان,۶۰۰,۱۴۰۳,+۴,"‏۷۸,۵۰۰,۰۰۰,۰۰۰ تومان","‏۵۶,۸۸۴,۰۰۰ تومان",,۱۵ تیر ۱۴۰۵، ۱۵:۲۹,https://divar.ir/v/gaLhZnw8
ویلا 600متری کوهستانی_ فول فرنیش_ خاص و کم‌نظیر,فروش,شیخ زاهد,۲۰۰,۱۴۰۴,۳,"‏۲۸,۵۰۰,۰۰۰,۰۰۰ تومان","‏۴۷,۵۰۰,۰۰۰ تومان",,۱۴ مرداد ۱۴۰۵، ۲۳:۴۹,https://divar.ir/v/gazp5pOR
فروش خانه کلنگی,فروش,لفمجان,,,,"‏۱,۰۰۰,۰۰۰,۰۰۰ تومان","‏۷۴۰,۰۰۰ تومان",,۱۴ مرداد ۱۴۰۵، ۲۳:۴۳,https://divar.ir/v/gazl5Edh
۲۷۰ متر ، کاربری مسکونی ، پروانه ساخت ، کتشال,فروش,لیل,,,,"‏۱۰,۵۰۰,۰۰۰,۰۰۰ تومان","‏۳۹,۳۲۵,۰۰۰ تومان",,۱۴ مرداد ۱۴۰۵، ۲۳:۲۷,https://divar.ir/v/gazVJkUE
زمین به متراژ 307متر به فروش میرسد,فروش,لیل,,,,"‏۶,۷۵۰,۰۰۰,۰۰۰ تومان","‏۲۱,۹۸۶,۰۰۰ تومان",,۱۴ مرداد ۱۴۰۵، ۲۳:۲۵,https://divar.ir/v/gazRJ81N
8600متر باغ چای,فروش,لیل,,,بدون اتاق,"‏۲,۹۰۰,۰۰۰,۰۰۰ تومان","‏۳۳۷,۰۰۰ تومان",,۸ مرداد ۱۴۰۵، ۱۴:۱۷,https://divar.ir/v/gartCtWx
اجاره مغازه,رهن و اجاره,بازکیاگوراب,۴۲,۱۳۸۲,بدون اتاق,,,,۱۴ مرداد ۱۴۰۵، ۲۱:۴۵,https://divar.ir/v/gaz1HqQc
اجاره کلبه زیبا در لاهیجان فاصله تا شهر ۶کیلومتر,رهن و اجاره,آهندان,۲۵,۱۴۰۵,۱,,,,۱۴ مرداد ۱۴۰۵، ۲۱:۰۲,https://divar.ir/v/gazJHGsw
زمین مسکونی سند دار,فروش,لیل,,,,"‏۴۰,۰۰۰,۰۰۰,۰۰۰ تومان","‏۴۶,۵۱۱,۰۰۰ تومان",,۱۴ مرداد ۱۴۰۵، ۲۰:۳۳,https://divar.ir/v/gazlGjyN
خانه ویلایی دربازکیاگوراب دربهترین موقعیت,فروش,بازکیاگوراب,۹۵,۱۳۹۰,۲,"‏۹,۰۰۰,۰۰۰,۰۰۰ تومان","‏۴۸,۱۲۸,۰۰۰ تومان",,۱۴ مرداد ۱۴۰۵، ۲۰:۱۳,https://divar.ir/v/gazhmQgL
ویلایی عرصه و عیان گلستان ۱۱ چند قدمی استخر,فروش,گلستان,۱۵۰,۱۳۷۷,۳,"‏۴۰,۰۰۰,۰۰۰,۰۰۰ تومان","‏۱۵۶,۸۶۲,۰۰۰ تومان",,۲۱ اردیبهشت ۱۴۰۵، ۱۸:۰۰,https://divar.ir/v/gaBcujSS
مغازه 20 متری باسرقفلی و مالکیت,فروش,گلستان,۲۰,۱۳۹۴,بدون اتاق,"‏۵,۵۰۰,۰۰۰,۰۰۰ تومان","‏۲۷۵,۰۰۰,۰۰۰ تومان",,۲۱ خرداد ۱۴۰۵، ۱۱:۰۲,https://divar.ir/v/gaqQ2ZN7
آپارتمان نوساز ۱۲۵متری قیمت کاسبی,فروش,گلستان,۱۲۵,۱۴۰۴,۲,"‏۱۸,۰۰۰,۰۰۰,۰۰۰ تومان","‏۱۴۴,۰۰۰,۰۰۰ تومان",۲ از ۵,۱۵ تیر ۱۴۰۵، ۱۹:۱۱,https://divar.ir/v/gaLxchk-
19هزار متر شالیزار سنتی لاهیجان گلرودبار متری ۴۰۰,فروش,بازکیاگوراب,,,,"‏۷۶,۰۰۰,۰۰۰,۰۰۰ تومان","‏۴,۰۰۰,۰۰۰ تومان",,۱۴ مرداد ۱۴۰۵، ۱۹:۵۹,https://divar.ir/v/gazN2l1Y
۳۸۰متر و ۷۲۰ متر زمین مسکونی لیالستان ویو ابدی,فروش,لیالستان,,,,"‏۱۱,۴۰۰,۰۰۰,۰۰۰ تومان","‏۳۰,۰۰۰,۰۰۰ تومان",,۱۴ مرداد ۱۴۰۵، ۱۹:۲۹,https://divar.ir/v/gaz1VZAG
آپارتمان ۸۲متری رهن و اجاره کاشف شرقی میدان معلم,رهن و اجاره,شقایق,۸۲,۱۳۹۰,۲,,,۴,۱۰ مرداد ۱۴۰۵، ۱۵:۵۷,https://divar.ir/v/gatZeC0l
زمین مسکونی,فروش,خمیر کلایه,,,,"‏۱۲,۰۰۰,۰۰۰,۰۰۰ تومان","‏۲۴,۷۴۲,۰۰۰ تومان",,۱۴ مرداد ۱۴۰۵، ۱۹:۰۸,https://divar.ir/v/gazhF4sS
یک واحد آپارتمان طبقه اول,رهن و اجاره,لیل,۷۵,۱۳۹۶,۱,,,۱,۱۴ مرداد ۱۴۰۵، ۱۸:۵۳,https://divar.ir/v/gazV1VxZ
ویلا دوبلکس_سند مادر منگوله دار_متراژ ۲۸۰متر,فروش,بازکیاگوراب,۱۳۵,۱۴۰۴,۲,"‏۱۵,۰۰۰,۰۰۰,۰۰۰ تومان","‏۵۳,۵۷۱,۰۰۰ تومان",,۸ مرداد ۱۴۰۵، ۱۱:۱۹,https://divar.ir/v/garFgTyl
فروش تعدادی واحد متراژ پایین تا ۶ میلیارد,فروش,گلستان,۶۶,۱۴۰۰,۲,"‏۵,۰۰۰,۰۰۰,۰۰۰ تومان","‏۷۵,۷۵۷,۰۰۰ تومان",۱,۱۴ مرداد ۱۴۰۵، ۱۸:۰۱,https://divar.ir/v/gazlUNLi
فروش آپارتمان لوکس ویو ابدی,فروش,شهید آوینی,۱۲۰,۱۴۰۴,۲,"‏۲۰,۰۰۰,۰۰۰,۰۰۰ تومان","‏۱۶۶,۶۶۶,۰۰۰ تومان",۵,۱۴ مرداد ۱۴۰۵، ۱۸:۰۰,https://divar.ir/v/gazZkhpT
فروش فوری زمین وخانه ویلایی,فروش,لفمجان,۷۰,۱۴۰۰,۲,"‏۵,۲۵۰,۰۰۰,۰۰۰ تومان","‏۱۰,۵۰۰,۰۰۰ تومان",,۱۴ مرداد ۱۴۰۵، ۱۷:۵۷,https://divar.ir/v/gazd00-D
فروش آپارتمان فوری فوری زیر قیمت لاهیجان,فروش,گلستان,۱۰۷,۱۴۰۴,۲,"‏۱۳,۸۵۰,۰۰۰,۰۰۰ تومان","‏۱۲۹,۴۳۹,۰۰۰ تومان",۱ از ۴,۱۴ مرداد ۱۴۰۵، ۱۷:۵۷,https://divar.ir/v/gazdkZ5Y
یک واحدآپارتمان۷۷متری در کیاموسوی لاهیجان,فروش,شهرک فرهنگیان,۷۷,۱۳۹۶,۲,"‏۵,۹۵۰,۰۰۰,۰۰۰ تومان","‏۷۷,۲۷۲,۰۰۰ تومان",۳,۱۵ تیر ۱۴۰۵، ۱۵:۴۰,https://divar.ir/v/gaLpZYoV
اپارتمان نقلی,فروش,کوه بیجار,۶۰,۱۴۰۲,۲,"‏۸,۲۰۰,۰۰۰,۰۰۰ تومان","‏۱۳۶,۶۶۶,۰۰۰ تومان",۱,۱۴ مرداد ۱۴۰۵، ۱۷:۲۹,https://divar.ir/v/gazFUKto
فروش ویلا برای خاص پسندان در شهرک سلمان,فروش,شهرک سلمان فارسی,۱۴۰,۱۴۰۱,۳,"‏۲۵,۰۰۰,۰۰۰,۰۰۰ تومان","‏۸۳,۳۳۳,۰۰۰ تومان",,۱۴ مرداد ۱۴۰۵، ۱۷:۰۴,https://divar.ir/v/gaz5yZKR
واحد ۷۵ متری در شیخ زاهد_نوساز کلید اول فول,فروش,شیخ زاهد,۷۵,۱۴۰۵,۲,"‏۱۵,۰۰۰,۰۰۰,۰۰۰ تومان","‏۲۰۰,۰۰۰,۰۰۰ تومان",۱,۱۴ مرداد ۱۴۰۵، ۱۶:۵۶,https://divar.ir/v/gazlzvvl
رهن و اجاره آپارتمان شیک  در گلستان فرد لاهیجان,رهن و اجاره,گلستان,۸۶,۱۴۰۳,۲,,,۱ از ۵,۱۳ مرداد ۱۴۰۵، ۰۲:۰۰,https://divar.ir/v/gaxZBUCQ
واحد ۱۰۵ متری دوخواب فول_حزین,فروش,حزین,۱۰۵,۱۴۰۵,۲,"‏۱۹,۹۵۰,۰۰۰,۰۰۰ تومان","‏۱۹۰,۰۰۰,۰۰۰ تومان",۳,۱۴ مرداد ۱۴۰۵، ۱۶:۴۴,https://divar.ir/v/gazZT9no
خیابان کارگر فول امکانات,فروش,رجایی,۱۲۵,۱۳۹۸,۲,"‏۲۰,۸۵۰,۰۰۰,۰۰۰ تومان","‏۱۶۶,۸۰۰,۰۰۰ تومان",۳ از ۴,۱۴ مرداد ۱۴۰۵، ۱۶:۴۰,https://divar.ir/v/gazZDF3o
فروش زمین مسکونی با سند ششدانگ,فروش,لیالستان,,,,"‏۷۰,۰۰۰,۰۰۰,۰۰۰ تومان","‏۲۹,۳۵۰,۰۰۰ تومان",,۱۴ مرداد ۱۴۰۵، ۱۵:۳۹,https://divar.ir/v/gazdSasA
فروش یک قطعه زمین ۲۰۰متری در لاهیجان,فروش,طالقانی,,,,"‏۱۲,۰۰۰,۰۰۰ تومان","‏۶۰,۰۰۰ تومان",,۱۴ مرداد ۱۴۰۵، ۱۵:۲۸,https://divar.ir/v/gazVCP2k
ویلا نوساز بیجاربنه پایین,رهن کامل,لیالستان,۱۰۰,۱۴۰۳,۱,,,,۱۴ مرداد ۱۴۰۵، ۱۴:۵۹,https://divar.ir/v/gaz5xXxI
فروش آپارتمان 58 متری  گلستان فرد,فروش,گلستان,۵۸,۱۳۹۸,۱,"‏۶,۱۰۰,۰۰۰,۰۰۰ تومان","‏۱۰۵,۱۷۲,۰۰۰ تومان",۲ از ۲,۱۳ مرداد ۱۴۰۵، ۱۰:۳۸,https://divar.ir/v/gax9orZe
واحد ۱۰۰ متری بر اصلی بلوار امام رضا,رهن کامل,گلستان,۱۰۵,۱۳۹۵,۲,,,۱ از ۳,۱۴ مرداد ۱۴۰۵، ۱۴:۳۷,https://divar.ir/v/gazlRUS_
زمین,فروش,لیل,,,,"‏۸,۰۰۰,۰۰۰,۰۰۰ تومان","‏۱۴,۰۱۰,۰۰۰ تومان",,۱۴ مرداد ۱۴۰۵، ۱۴:۱۱,https://divar.ir/v/gawRIUFM
فروش زمین مسکونی سند تک برگ دره جیر لاهیجان,فروش,آهندان,,,,"‏۲۰,۰۰۰,۰۰۰,۰۰۰ تومان","‏۳۴,۰۷۱,۰۰۰ تومان",,۱۴ مرداد ۱۴۰۵، ۱۳:۵۸,https://divar.ir/v/gaz9gjkb
زمین سند دار مسکونی,فروش,لیالستان,,,,"‏۱۰,۳۰۰,۰۰۰,۰۰۰ تومان","‏۲۱,۳۲۵,۰۰۰ تومان",,۱۴ مرداد ۱۴۰۵، ۱۳:۵۲,https://divar.ir/v/gaz5gxj9
ویلا در لاهیجان,رهن کامل,کوی زمانی,۸۵,۱۳۸۰,۲,,,,۱۴ مرداد ۱۴۰۵، ۱۳:۳۸,https://divar.ir/v/gazpgZq-
واحد 70 متری دوخواب ویو دار,فروش,کوه بیجار,۷۱,۱۳۹۲,۲,"‏۸,۲۰۰,۰۰۰,۰۰۰ تومان","‏۱۱۵,۴۹۲,۰۰۰ تومان",۳ از ۳,۲۱ خرداد ۱۴۰۵، ۰۹:۵۸,https://divar.ir/v/gaqUFhaU
فروش واحد ۶۸ متری طبقه اول ۱ خوابه,فروش,لیالستان,۶۸,۱۴۰۰,۱,"‏۵,۴۴۰,۰۰۰,۰۰۰ تومان","‏۸۰,۰۰۰,۰۰۰ تومان",۱,۱۴ مرداد ۱۴۰۵، ۱۳:۰۸,https://divar.ir/v/gazNgk8U
ویلا ۱۴۵شهری . معاوضه,فروش,کوی زمانی,۷۵,۱۳۸۰,۲,"‏۵,۰۰۰,۰۰۰,۰۰۰ تومان","‏۸۳,۳۳۳,۰۰۰ تومان",,۱۴ مرداد ۱۴۰۵، ۱۲:۵۷,https://divar.ir/v/gazFgtMn
فروش زمین باغی در روستای لواسی محله,فروش,کوی زمانی,,,,"‏۲۵,۰۰۰,۰۰۰,۰۰۰ تومان","‏۶,۲۵۰,۰۰۰ تومان",,۱۴ مرداد ۱۴۰۵، ۱۲:۵۰,https://divar.ir/v/gay9ffja
آپارتمان کلید نخورده کوه زمانی,فروش,بوجایه,۸۳,۱۴۰۵,۲,"‏۶,۸۰۰,۰۰۰,۰۰۰ تومان","‏۸۱,۹۲۷,۰۰۰ تومان",۲ از ۳,۷ مرداد ۱۴۰۵، ۱۲:۵۸,https://divar.ir/v/gapRcrMT
زمین ۳۰۰ متری، مناسب ساخت ویلا یا سرمایه گذاری,فروش,آهندان,,,,"‏۲,۹۰۰,۰۰۰,۰۰۰ تومان","‏۹,۶۶۶,۰۰۰ تومان",,۱۴ مرداد ۱۴۰۵، ۱۲:۴۱,https://divar.ir/v/gayd7K2T
زمین,فروش,آهندان,,,,"‏۱۱,۰۰۰,۰۰۰,۰۰۰ تومان","‏۱۷,۴۶۰,۰۰۰ تومان",,۱۷ خرداد ۱۴۰۵، ۱۱:۰۱,https://divar.ir/v/gal0hIa_
زمین مناسب ساخت در خیابان سبحان قابل تهاتر,فروش,شهرک جانبازان,,,,"‏۱۴,۵۰۰,۰۰۰,۰۰۰ تومان","‏۶۳,۰۴۳,۰۰۰ تومان",,۱۴ مرداد ۱۴۰۵، ۱۲:۲۹,https://divar.ir/v/gaytPTrn
مرغداری ۲۰۰۰قطعه ای با مجوز با ۶هزار متر زمین,فروش,کوی آزادگان,,,۲,"‏۲۵,۰۰۰,۰۰۰,۰۰۰ تومان","‏۴,۱۶۶,۰۰۰ تومان",,۱۴ مرداد ۱۴۰۵، ۱۲:۲۴,https://divar.ir/v/gaylfI1Z
زمین ۲۱۰ متری در وحدت ۶,فروش,بوجایه,,,,"‏۱۱,۴۵۰,۰۰۰,۰۰۰ تومان","‏۵۴,۵۲۳,۰۰۰ تومان",,۱۴ مرداد ۱۴۰۵، ۱۲:۰۵,https://divar.ir/v/gay1urYB
اجاره واحد ۸۰ متری دوخواب با تراس طبقه سوم,رهن و اجاره,کاروانسرابر,۸۰,۱۳۹۲,۲,,,۳ از ۳,۱۴ مرداد ۱۴۰۵، ۱۲:۰۰,https://divar.ir/v/gayRfiKh
زمین با لوکیشن عالی، آماده انتقال سند,فروش,لفمجان,,,,"‏۳,۰۰۰,۰۰۰,۰۰۰ تومان","‏۱۰,۰۰۰,۰۰۰ تومان",,۱۴ مرداد ۱۴۰۵، ۱۲:۰۰,https://divar.ir/v/gayR_Rfd
فرصت استثنایی خرید ویلای شیک,فروش,لفمجان,۱۳۰,۱۴۰۵,۲,"‏۱۲,۰۰۰,۰۰۰,۰۰۰ تومان","‏۳۶,۳۶۳,۰۰۰ تومان",,۱۴ مرداد ۱۴۰۵، ۱۱:۵۱,https://divar.ir/v/gayJPKsU
اجاره زمین تجاری,رهن و اجاره,جمهوری,۸۶۰,۱۴۰۰,بدون اتاق,,,,۱۴ مرداد ۱۴۰۵، ۱۱:۵۰,https://divar.ir/v/gayJPMY-
فروش ۳۸۰۰ متر زمین با ۷۰ متر بر نزدیک ساحل چاف,فروش,رجایی,,,,"‏۶,۸۰۰,۰۰۰,۰۰۰ تومان","‏۱,۷۸۹,۰۰۰ تومان",,۱۳ مرداد ۱۴۰۵، ۲۰:۴۵,https://divar.ir/v/gay5xGPi
زمین داخل طرح هادی و باغی چسبیده به ویلای شیک,فروش,شیشه گران,,,,"‏۹۰۰,۰۰۰,۰۰۰ تومان","‏۴,۵۰۰,۰۰۰ تومان",,۱۸ خرداد ۱۴۰۵، ۱۵:۳۷,https://divar.ir/v/gamArUMJ
فروش یک باب ویلایی در منظریه مناسب برای ساخت,فروش,شهید آوینی,,,,"‏۲۹,۷۰۰,۰۰۰,۰۰۰ تومان","‏۱۳۵,۰۰۰,۰۰۰ تومان",,۱۴ مرداد ۱۴۰۵، ۱۱:۲۹,https://divar.ir/v/gay1uSpq
۱۰۰ متری گلستان یکم,فروش,گلستان,۱۰۰,۱۴۰۵,۲,"‏۱۸,۵۰۰,۰۰۰,۰۰۰ تومان","‏۱۸۵,۰۰۰,۰۰۰ تومان",۳ از ۵,۱۴ مرداد ۱۴۰۵، ۱۱:۲۲,https://divar.ir/v/gayt-kxF
فروش زمین مسکونی,فروش,امیرشهید,,,,"‏۵,۰۰۰,۰۰۰,۰۰۰ تومان","‏۱۰,۷۰۶,۰۰۰ تومان",,۱۴ مرداد ۱۴۰۵، ۱۱:۱۳,https://divar.ir/v/gayl-pHq
فروش دو زمین و خونه در لاهیجان,فروش,بازکیاگوراب,۲۵,۱۳۸۹,۲,"‏۱۲,۰۰۰,۰۰۰,۰۰۰ تومان","‏۳۴,۲۸۵,۰۰۰ تومان",,۱۴ مرداد ۱۴۰۵، ۱۱:۰۰,https://divar.ir/v/gayFesxx
فروش واحد مستقل ۷۸ متری ۲خواب فاصله تااستخر ۲دقیقه,فروش,گلستان,۷۸,۱۳۹۶,۲,"‏۹,۴۰۰,۰۰۰,۰۰۰ تومان","‏۱۲۰,۵۱۲,۰۰۰ تومان",۲,۱۴ مرداد ۱۴۰۵، ۱۰:۴۱,https://divar.ir/v/gayFu6e8
آپارتمان ۷۰ متری میدان هدایت,فروش,یوسف آباد,۷۰,۱۳۹۵,۲,"‏۶,۲۰۰,۰۰۰,۰۰۰ تومان","‏۸۸,۵۷۱,۰۰۰ تومان",۴ از ۴,۱۴ مرداد ۱۴۰۵، ۱۰:۲۹,https://divar.ir/v/gay5d-pq
۵۸ متر گلستان ۱۱,فروش,گلستان,۵۸,۱۳۹۳,۱,"‏۷,۱۰۰,۰۰۰,۰۰۰ تومان","‏۱۲۲,۴۱۳,۰۰۰ تومان",همکف از ۳,۲۰ تیر ۱۴۰۵، ۱۰:۴۱,https://divar.ir/v/gaRxOJDF
۵۰ متر خزر,فروش,کوی خزر,۵۰,۱۳۹۱,۱,"‏۵,۱۰۰,۰۰۰,۰۰۰ تومان","‏۱۰۲,۰۰۰,۰۰۰ تومان",همکف از ۳,۲۸ تیر ۱۴۰۵، ۱۰:۲۹,https://divar.ir/v/gacV3iJD
فروش زمین با واحد مسکونی کوی استادان,فروش,کوی استادان,,,,"‏۴۱,۰۰۰,۰۰۰,۰۰۰ تومان","‏۱۰۹,۳۳۳,۰۰۰ تومان",,۱۴ مرداد ۱۴۰۵، ۱۰:۱۰,https://divar.ir/v/gaypdxTx
فروش آپارتمان بر اصلی خیابان سعدی,فروش,شیشه گران,۹۲,۱۴۰۱,۲,"‏۱۴,۰۰۰,۰۰۰,۰۰۰ تومان","‏۱۵۲,۱۷۳,۰۰۰ تومان",۲,۱۱ مرداد ۱۴۰۵، ۰۹:۴۲,https://divar.ir/v/gau9Nhjp
یک واحد آپارتمان نقلی در لاهیجان چند قدمی استخر,فروش,کوی خزر,۵۳,۱۳۹۰,۱,"‏۶,۵۰۰,۰۰۰,۰۰۰ تومان","‏۱۲۲,۶۴۱,۰۰۰ تومان",۱ از ۳,۱۴ مرداد ۱۴۰۵، ۰۹:۵۳,https://divar.ir/v/gayZdi5m
رهن ویلای گلستان ۱۱,رهن و اجاره,گلستان,۱۴۰,۱۳۹۰,۲,,,,۷ مرداد ۱۴۰۵، ۱۷:۴۶,https://divar.ir/v/gaqpg88e
فروش آپارتمان ۸۰ متری در میدان چای لاهیجان,فروش,حاجی آباد,۸۰,۱۴۰۰,۲,"‏۶,۰۰۰,۰۰۰,۰۰۰ تومان","‏۷۵,۰۰۰,۰۰۰ تومان",۱ از ۲,۱۴ مرداد ۱۴۰۵، ۰۹:۴۵,https://divar.ir/v/gayR9yEy
ویلا لوکس330متری ویو ابدی کوهستان_استخر_سندتک‌برگ,فروش,آهندان,۲۰۰,۱۴۰۴,۲,"‏۳۰,۰۰۰,۰۰۰,۰۰۰ تومان","‏۹۰,۹۰۹,۰۰۰ تومان",,۱۴ مرداد ۱۴۰۵، ۰۹:۳۵,https://divar.ir/v/gawx7TTJ
لاهیجان فروش آپارتمان تجاری 116 متری 22 آبان,فروش,انقلاب,۹۶,۱۴۰۴,۲,"‏۲۱,۸۰۰,۰۰۰,۰۰۰ تومان","‏۲۲۷,۰۸۳,۰۰۰ تومان",۹,۱۴ مرداد ۱۴۰۵، ۰۹:۲۴,https://divar.ir/v/gay9M0F_
فروش واحد ۱۱۶ متری کلید نخورده در لاهیجان,فروش,کاروانسرابر,۱۱۶,۱۴۰۵,۲,"‏۱۲,۵۰۰,۰۰۰,۰۰۰ تومان","‏۱۰۷,۷۵۸,۰۰۰ تومان",۱,۱۶ تیر ۱۴۰۵، ۱۰:۱۶,https://divar.ir/v/gaMB6qMP
لاهیجان فروش آپارتمان 106 متری در شیشه گران,فروش,رجایی,۱۰۶,۱۴۰۳,۲,"‏۱۴,۸۰۰,۰۰۰,۰۰۰ تومان","‏۱۳۹,۶۲۲,۰۰۰ تومان",۱,۱۴ مرداد ۱۴۰۵، ۰۹:۱۳,https://divar.ir/v/gay1sPN0
لاهیجان فروش آپارتمان 130 متری در گلستان,فروش,گلستان,۱۳۰,۱۴۰۵,۲,"‏۱۹,۵۰۰,۰۰۰,۰۰۰ تومان","‏۱۵۰,۰۰۰,۰۰۰ تومان",۱ از ۵,۱۴ مرداد ۱۴۰۵، ۰۹:۰۸,https://divar.ir/v/gayxcL13
لاهیجان فروش آپارتمان 100 متری در منظریه,فروش,شهید آوینی,۱۰۰,۱۴۰۵,۲,"‏۱۳,۰۰۰,۰۰۰,۰۰۰ تومان","‏۱۳۰,۰۰۰,۰۰۰ تومان",۳ از ۵,۱۴ مرداد ۱۴۰۵، ۰۹:۰۶,https://divar.ir/v/gaytMXNE
لاهیجان فروش آپارتمان 92 متری در گلستان زوج,فروش,گلستان,۹۲,۱۳۹۷,۲,"‏۱۲,۴۲۰,۰۰۰,۰۰۰ تومان","‏۱۳۵,۰۰۰,۰۰۰ تومان",۳ از ۵,۱۴ مرداد ۱۴۰۵، ۰۸:۵۰,https://divar.ir/v/gayZ8Tn8
زمین مسکونی,فروش,بازکیاگوراب,,,,"‏۵,۴۰۰,۰۰۰,۰۰۰ تومان","‏۱۵,۰۰۰,۰۰۰ تومان",,۱۴ مرداد ۱۴۰۵، ۰۷:۵۸,https://divar.ir/v/gaytrADY
طبقه اول بااسانسور وپارکینگ,فروش,خمیر کلایه,۸۲,۱۴۰۰,۲,"‏۷,۶۰۰,۰۰۰,۰۰۰ تومان","‏۹۲,۶۸۲,۰۰۰ تومان",۱,۱۴ مرداد ۱۴۰۵، ۰۷:۲۳,https://divar.ir/v/gayN7v00
فروش زمین مسکونی در بیجاربنه پایین,فروش,لیالستان,,,,"‏۳,۲۴۳,۰۰۰,۰۰۰ تومان","‏۲۳,۰۰۰,۰۰۰ تومان",,۱۴ مرداد ۱۴۰۵، ۰۰:۴۱,https://divar.ir/v/gayVFlAY
فروش خانه ی ویلایی,فروش,بازکیاگوراب,۸۰,قبل از ۱۳۷۰,۲,"‏۳,۸۰۰,۰۰۰,۰۰۰ تومان","‏۳۶,۸۹۳,۰۰۰ تومان",,۱۴ مرداد ۱۴۰۵، ۰۰:۳۹,https://divar.ir/v/gax9gxUw
خانه ویلایی ۶۵متری بفروش می‌رسد,فروش,لیالستان,۶۴,۱۴۰۰,۱,"‏۳,۷۹۰,۰۰۰,۰۰۰ تومان","‏۵۹,۲۱۸,۰۰۰ تومان",,۱۴ مرداد ۱۴۰۵، ۰۰:۲۱,https://divar.ir/v/gay9kBKK
فروش فوری گاراژ 710 متری در لاهیجان,فروش,گلستان,۷۱۰,۱۳۷۱,بدون اتاق,"‏۴۲,۰۰۰,۰۰۰,۰۰۰ تومان","‏۵۹,۱۵۴,۰۰۰ تومان",,۱۳ مرداد ۱۴۰۵، ۲۳:۱۰,https://divar.ir/v/gay1DGOu
فروش یک باب مغازه در انارستان لاهیجان,فروش,بازکیاگوراب,۲۴,۱۳۹۲,بدون اتاق,"‏۳,۷۰۰,۰۰۰,۰۰۰ تومان","‏۱۵۴,۱۶۶,۰۰۰ تومان",,۱۳ مرداد ۱۴۰۵، ۲۲:۴۹,https://divar.ir/v/gaypDHcr
فروش زمین,فروش,گلستان,,,,"‏۱۸,۰۰۰,۰۰۰,۰۰۰ تومان","‏۵۰,۰۰۰,۰۰۰ تومان",,۱۳ مرداد ۱۴۰۵، ۲۲:۳۶,https://divar.ir/v/gayhDCPh
فروش یک قطعه زمین مسکونی در روستای گردکوه,فروش,آهندان,,,,"‏۱۵,۰۰۰,۰۰۰,۰۰۰ تومان","‏۱۳,۷۸۶,۰۰۰ تومان",,۱۳ مرداد ۱۴۰۵، ۲۲:۱۴,https://divar.ir/v/gayJj5JY
زمین مسکونی,فروش,لفمجان,,,,"‏۸,۵۰۰,۰۰۰,۰۰۰ تومان","‏۱۷,۰۰۰,۰۰۰ تومان",,۱۳ مرداد ۱۴۰۵، ۲۱:۴۰,https://divar.ir/v/gaylSZtr
زمین شالیزاری مکانیزه بدون مشکل آب,فروش,لفمجان,,,بدون اتاق,"‏۸۵۰,۰۰۰,۰۰۰ تومان","‏۵۱۱,۰۰۰ تومان",,۱۳ مرداد ۱۴۰۵، ۲۰:۵۲,https://divar.ir/v/gay9xgXy
۵۲۷ متر لیالستان (دیزبن) تماما مسکونی,فروش,لیالستان,,,,"‏۱۲,۵۰۰,۰۰۰,۰۰۰ تومان","‏۲۳,۷۱۹,۰۰۰ تومان",,۱۶ تیر ۱۴۰۵، ۱۵:۵۶,https://divar.ir/v/gaMBfByc
۲۲۰ متر پلاک ۱ جنگل لاهیجان لیالستان(دیزبن),فروش,لیالستان,,,,"‏۴,۶۰۰,۰۰۰,۰۰۰ تومان","‏۲۱,۹۰۴,۰۰۰ تومان",,۱۶ تیر ۱۴۰۵، ۱۶:۰۸,https://divar.ir/v/gaMNPLCT
زمین لاهیجان حاجی آباد چهارصد چهل متری,فروش,حاجی آباد,,,,"‏۱۱,۰۰۰,۰۰۰,۰۰۰ تومان","‏۲۷,۵۰۰,۰۰۰ تومان",,۱۳ مرداد ۱۴۰۵، ۲۰:۱۲,https://divar.ir/v/gayZxhlW
رهن واحد آپارتمانی ۸۵متری شیک,رهن کامل,رجایی,۸۵,۱۴۰۰,۲,,,۱,۱۳ مرداد ۱۴۰۵، ۲۰:۱۱,https://divar.ir/v/gayZxJwc
327متر سنددار  دوبر موقعیت تجاری مسکونی,فروش,آهندان,,,,"‏۴,۵۰۰,۰۰۰,۰۰۰ تومان","‏۱۳,۷۶۱,۰۰۰ تومان",,۱۸ اردیبهشت ۱۴۰۵، ۱۷:۰۳,https://divar.ir/v/Qa9XO7mW
زمین ویلایی نقدی و چکی,فروش,لفمجان,,,,"‏۲,۲۸۵,۰۰۰,۰۰۰ تومان","‏۵,۰۰۰,۰۰۰ تومان",,۱۳ مرداد ۱۴۰۵، ۱۹:۳۸,https://divar.ir/v/gay5QTPI
فروش اپارتمان,فروش,کوی خزر,۸۲,۱۳۹۶,۲,"‏۶۸,۴۶۰,۰۰۰,۰۰۰ تومان","‏۸۳۴,۸۷۸,۰۰۰ تومان",۳ از ۸,۱۳ مرداد ۱۴۰۵، ۱۹:۳۵,https://divar.ir/v/gay1gRQo
پیش فروش واحد فول امکانات در خیابان شقایق لاهیجان,فروش,شقایق,,,,,,,۱۳ مرداد ۱۴۰۵، ۱۹:۱۹,https://divar.ir/v/gaylwZF5
فروش واحد مستقل طبقه اول ۳ خواب بهارستان شمالی,فروش,شیشه گران,۹۵,۱۳۸۹,۳,"‏۸,۹۰۰,۰۰۰,۰۰۰ تومان","‏۹۳,۶۸۴,۰۰۰ تومان",۱,۱۳ مرداد ۱۴۰۵، ۱۹:۱۷,https://divar.ir/v/gaylAkTb
124متر طبقه همکف,فروش,لیالستان,۹۵,۱۳۹۵,۲,"‏۵,۵۰۰,۰۰۰,۰۰۰ تومان","‏۴۴,۳۵۴,۰۰۰ تومان",,۱۵ تیر ۱۴۰۵، ۲۳:۰۴,https://divar.ir/v/gaMJwx-G
۹۷متری درقیام معاوضه با مغازه و ماشین,فروش,قیام,۹۰,۱۳۸۸,۲,"‏۸,۰۰۰,۰۰۰,۰۰۰ تومان","‏۸۸,۸۸۸,۰۰۰ تومان",۳,۶ مرداد ۱۴۰۵، ۲۳:۱۹,https://divar.ir/v/gapdwiiF
زمین در بهترین منطقه گیلان,فروش,شیشه گران,,,,"‏۵,۵۰۰,۰۰۰,۰۰۰ تومان","‏۱۷,۸۵۷,۰۰۰ تومان",,۱۳ مرداد ۱۴۰۵، ۱۸:۳۷,https://divar.ir/v/gayBAKqE
اجاره کافه رستوران باوسایل,رهن و اجاره,لیل,۱۰۰,۱۴۰۰,بدون اتاق,,,,۱۴ تیر ۱۴۰۵، ۱۸:۲۵,https://divar.ir/v/gaKBnGjE
اجاره مغازه در یاسر ۲,رهن و اجاره,لیالستان,۲۲,۱۴۰۰,بدون اتاق,,,,۱۳ مرداد ۱۴۰۵، ۱۷:۱۲,https://divar.ir/v/gaxtOjgx
فروش واحد ۷۰متری در رسالت,فروش,لیالستان,۷۰,۱۳۹۵,۲,"‏۴,۳۰۰,۰۰۰,۰۰۰ تومان","‏۶۱,۴۲۸,۰۰۰ تومان",۱ از ۲,۱۳ مرداد ۱۴۰۵، ۱۷:۰۴,https://divar.ir/v/gaxpeG-d
اجاره واحد ۱۰۰ متری جهت مشاغل,رهن و اجاره,کوی آزادگان,۱۰۰,۱۳۸۵,۳,,,همکف,۱۳ مرداد ۱۴۰۵، ۱۶:۵۲,https://divar.ir/v/gax5cowX
زمین مسکونی,فروش,بازکیاگوراب,,,,"‏۲,۹۰۰,۰۰۰,۰۰۰ تومان","‏۱۲,۰۸۳,۰۰۰ تومان",,۱۳ مرداد ۱۴۰۵، ۱۶:۲۰,https://divar.ir/v/gax9td9n
فروش فوری ۱۴۵ متری_ شخصی ساز_ خرمشهر,فروش,شقایق,۱۴۵,۱۳۹۱,۳,"‏۱۷,۸۰۰,۰۰۰,۰۰۰ تومان","‏۱۲۲,۷۵۸,۰۰۰ تومان",۲ از ۴,۱۳ مرداد ۱۴۰۵، ۱۵:۵۸,https://divar.ir/v/gaxp9tQH
زمین مسکونی,فروش,قیام,,,,"‏۱۳,۵۰۰,۰۰۰,۰۰۰ تومان","‏۱۲,۵۵۸,۰۰۰ تومان",,۱۳ مرداد ۱۴۰۵، ۱۵:۳۲,https://divar.ir/v/gaxRNy1u
ویلا حیاط دار، ارامش روستایی بدون حاشیه نزدیک شهر,فروش,بازکیاگوراب,۸۲,۱۳۹۸,۲,"‏۴,۶۰۰,۰۰۰,۰۰۰ تومان","‏۲۳,۰۰۰,۰۰۰ تومان",,۱۳ مرداد ۱۴۰۵، ۱۵:۲۴,https://divar.ir/v/gaxJNsrZ
۷۰ متر زمین زیر قیمت,فروش,خالو باغ,,,,"‏۹۰,۰۰۰,۰۰۰ تومان","‏۱,۲۸۵,۰۰۰ تومان",,۱۳ مرداد ۱۴۰۵، ۱۵:۲۲,https://divar.ir/v/gaxJ9j5N
فروش یک باب مغازه با مالکیت بر اصلی بازار,فروش,انقلاب,۱۴,۱۳۹۰,بدون اتاق,"‏۱۹,۵۰۰,۰۰۰,۰۰۰ تومان","‏۱,۳۹۲,۸۵۷,۰۰۰ تومان",,۱۳ مرداد ۱۴۰۵، ۱۵:۲۰,https://divar.ir/v/gaxJtB68
اجاره آپارتمان دو خوابه ۶۶ متری گلستان ۲۴,رهن کامل,گلستان,۶۶,۱۳۹۳,۲,,,۳,۱۷ تیر ۱۴۰۵، ۲۲:۰۶,https://divar.ir/v/gaOhpkAx
فروش زمین مسکونی تک برگ,فروش,بازکیاگوراب,,,,"‏۳,۴۰۰,۰۰۰,۰۰۰ تومان","‏۱۷,۶۱۶,۰۰۰ تومان",,۱۳ مرداد ۱۴۰۵، ۱۵:۰۴,https://divar.ir/v/gax5cDkd
فروش زمین شهری با پروانه,فروش,کوی استادان,,,,"‏۴,۷۰۰,۰۰۰,۰۰۰ تومان","‏۵۰,۰۰۰,۰۰۰ تومان",,۱۳ مرداد ۱۴۰۵، ۱۴:۵۷,https://divar.ir/v/gaxtcZea
ویلای ۱۵۶ متری در یاسر ۱۴ لاهیجان,فروش,لیالستان,۹۰,۱۳۸۰,۲,"‏۱۰,۴۰۰,۰۰۰,۰۰۰ تومان","‏۶۶,۶۶۶,۰۰۰ تومان",,۱۳ مرداد ۱۴۰۵، ۱۴:۵۴,https://divar.ir/v/gaxtcp7A
فروش دو باب مغازه (کوه بنه),فروش,آهندان,۴۰,۱۴۰۵,بدون اتاق,"‏۵,۰۰۰,۰۰۰,۰۰۰ تومان","‏۱۲۵,۰۰۰,۰۰۰ تومان",,۱۳ مرداد ۱۴۰۵، ۱۳:۴۱,https://divar.ir/v/gaxprsir
مغازه سند تک برگ تجاری_بالا خالی ملکیت کامل,فروش,لیالستان,۱۶,۱۴۰۰,بدون اتاق,"‏۳,۲۵۰,۰۰۰,۰۰۰ تومان","‏۲۰۳,۱۲۵,۰۰۰ تومان",,۱۲ مرداد ۱۴۰۵، ۱۰:۴۷,https://divar.ir/v/gawB0SR6
خانه ویلایی درمنطقه کوهپایه ای,فروش,لیالستان,۱۱۰,۱۳۹۵,۲,"‏۷,۵۰۰,۰۰۰,۰۰۰ تومان","‏۳۶,۲۳۱,۰۰۰ تومان",,۱۳ مرداد ۱۴۰۵، ۱۳:۳۶,https://divar.ir/v/gaxlbUPx
زمین  1090متری با کاربری لیالستان,فروش,لیالستان,,,,"‏۲۵,۰۰۰,۰۰۰,۰۰۰ تومان","‏۲۲,۹۳۵,۰۰۰ تومان",,۱۳ مرداد ۱۴۰۵، ۱۳:۳۳,https://divar.ir/v/gaxhLlAG
زمین مسکونی شهری,فروش,کوی زمانی,,,,"‏۹,۵۵۵,۰۰۰,۰۰۰ تومان","‏۶۵,۰۰۰,۰۰۰ تومان",,۱۳ مرداد ۱۴۰۵، ۱۳:۲۶,https://divar.ir/v/gaxdLW8G
فروش فوری خانه دوواحدی پردسر لاهیجان سند تک‌برگ,فروش,پردسر,۱۴۰,قبل از ۱۳۷۰,۲,"‏۲۰,۰۰۰,۰۰۰,۰۰۰ تومان","‏۴۰,۵۶۷,۰۰۰ تومان",,۱۳ مرداد ۱۴۰۵، ۱۳:۲۰,https://divar.ir/v/gaxVb4H5
ویلای شیک در لاهیجان,فروش,گلستان,۲۵۰,۱۳۹۱,۳,"‏۲۶,۰۰۰,۰۰۰,۰۰۰ تومان","‏۷۰,۲۷۰,۰۰۰ تومان",,۶ مرداد ۱۴۰۵، ۲۲:۵۴,https://divar.ir/v/gao9P-Id
لاهیجان سرشکه پایین,فروش,بازکیاگوراب,,,,"‏۸,۲۶۰,۰۰۰,۰۰۰ تومان","‏۳,۵۰۰,۰۰۰ تومان",,۱۳ مرداد ۱۴۰۵، ۱۳:۱۵,https://divar.ir/v/gaxRrhqc
رهن سالیانه خانه ویلایی نقلی ودوبلکس حیاط دارومبله,رهن و اجاره,لیالستان,۵۰,۱۴۰۳,بدون اتاق,,,,۱۳ مرداد ۱۴۰۵، ۱۳:۰۶,https://divar.ir/v/gaxJrf_J
خانه محوطه باغی کشاورزی,فروش,مهرگان,,,,"‏۲۰,۰۰۰,۰۰۰,۰۰۰ تومان","‏۱۰,۰۰۰,۰۰۰ تومان",,۱۳ مرداد ۱۴۰۵، ۱۳:۰۳,https://divar.ir/v/gaxF76sn
فروش مغازه شیک در پاساژ خیرخواه,فروش,امیرشهید,۱۴,قبل از ۱۳۷۰,بدون اتاق,"‏۲,۷۳۰,۰۰۰,۰۰۰ تومان","‏۱۹۵,۰۰۰,۰۰۰ تومان",,۱۳ مرداد ۱۴۰۵، ۱۲:۲۵,https://divar.ir/v/gaxha8sr
واحد ۹۵ متری کلید نخورده,فروش,شیخ زاهد,۹۵,۱۴۰۵,۲,"‏۱۲,۵۰۰,۰۰۰,۰۰۰ تومان","‏۱۳۱,۵۷۸,۰۰۰ تومان",۲ از ۳,۱۳ مرداد ۱۴۰۵، ۱۱:۳۴,https://divar.ir/v/gax1ZDNe
فروش زمین در شقایق,فروش,کوی استادان,,,,"‏۵۸,۰۰۰,۰۰۰,۰۰۰ تومان","‏۵۷۴,۲۵۷,۰۰۰ تومان",,۱۳ مرداد ۱۴۰۵، ۱۱:۱۸,https://divar.ir/v/gaxlpGS3
زمین مسکونی با ویو شالیزار و کوه,فروش,آهندان,,,,"‏۱۲,۰۰۰,۰۰۰,۰۰۰ تومان","‏۳۱,۴۹۶,۰۰۰ تومان",,۱۳ مرداد ۱۴۰۵، ۱۱:۰۱,https://divar.ir/v/gaxVpJKa
فروش زمین ۲۴۷ متری مسکونی لیاستان سنددار,فروش,لیالستان,,,,"‏۴,۸۲۰,۰۰۰,۰۰۰ تومان","‏۱۹,۵۱۴,۰۰۰ تومان",,۱۳ مرداد ۱۴۰۵، ۱۰:۴۵,https://divar.ir/v/gaxFJeHa
1200متر زمین باغی زیر قیمت ، منابع طبیعی,فروش,لیل,,,,"‏۹۰۰,۰۰۰,۰۰۰ تومان","‏۷۵۰,۰۰۰ تومان",,۱۳ مرداد ۱۴۰۵، ۱۰:۱۳,https://divar.ir/v/gaxpoF8v
زمین فوری فروشی,فروش,لفمجان,,,,"‏۴,۵۰۰,۰۰۰,۰۰۰ تومان","‏۴,۵۰۰,۰۰۰ تومان",,۱۳ مرداد ۱۴۰۵، ۰۹:۱۷,https://divar.ir/v/gaxV3MEx
زمین بر اصلی _سرمایه گذاری_ساخت_پروانه دار,فروش,بازکیاگوراب,,,,"‏۵,۹۹۰,۰۰۰,۰۰۰ تومان","‏۱۴,۷۹۰,۰۰۰ تومان",,۱۳ مرداد ۱۴۰۵، ۰۸:۵۸,https://divar.ir/v/gaxh3QST
فروش مغازه سند دار,فروش,خالو باغ,۲۵,۱۳۹۷,۱,"‏۳,۰۰۰,۰۰۰,۰۰۰ تومان","‏۱۲۰,۰۰۰,۰۰۰ تومان",,۱۳ مرداد ۱۴۰۵، ۰۸:۲۰,https://divar.ir/v/gax92PBW
آپارتمان 66 متری در طالقانی,رهن و اجاره,طالقانی,۶۶,۱۳۹۹,۱,,,۲,۱۳ مرداد ۱۴۰۵، ۰۵:۰۸,https://divar.ir/v/gaxJUX4Y
زمین مسکونی سیاهکل,فروش,لفمجان,,,,"‏۶,۷۰۰,۰۰۰,۰۰۰ تومان","‏۸,۰۷۲,۰۰۰ تومان",,۱۳ مرداد ۱۴۰۵، ۰۱:۲۴,https://divar.ir/v/gax1A8z2
مستقل طبقه اول,فروش,طالقانی,۱۰۰,۱۳۹۱,۲,"‏۸,۹۰۰,۰۰۰,۰۰۰ تومان","‏۸۹,۰۰۰,۰۰۰ تومان",۱,۱۳ مرداد ۱۴۰۵، ۰۰:۴۸,https://divar.ir/v/gaxVwS0I
فروش ۷۱۰متر زمین  لیالستان  لاهیجان ـ سندتک برگ,فروش,لیالستان,,,,"‏۱۵,۶۰۰,۰۰۰,۰۰۰ تومان","‏۲۱,۹۷۱,۰۰۰ تومان",,۱۲ مرداد ۱۴۰۵، ۲۲:۳۵,https://divar.ir/v/gawpNaWa
اجاره کارگاه,رهن و اجاره,لیالستان,۴۰۰,۱۴۰۵,۱,,,,۱۲ مرداد ۱۴۰۵، ۲۲:۰۵,https://divar.ir/v/gaw9dZBI
زمین مسکونی,فروش,لیل,,,,"‏۸,۱۰۰,۰۰۰,۰۰۰ تومان","‏۳۰,۰۰۰,۰۰۰ تومان",,۱۲ مرداد ۱۴۰۵، ۲۲:۱۶,https://divar.ir/v/gawFu_vT
فروش ویلا زیر قیمت,فروش,پردسر,۷۰,قبل از ۱۳۷۰,۱,"‏۷,۰۰۰,۰۰۰,۰۰۰ تومان","‏۴۴,۸۷۱,۰۰۰ تومان",,۱۲ مرداد ۱۴۰۵، ۲۲:۰۵,https://divar.ir/v/gawVozLc
زمین مسکونی,فروش,لیالستان,,,,"‏۶,۰۲۷,۰۰۰,۰۰۰ تومان","‏۲۱,۰۰۰,۰۰۰ تومان",,۱۲ مرداد ۱۴۰۵، ۲۲:۰۴,https://divar.ir/v/gaw99Om-
فروش واحد  ۸۰متری,فروش,کوی آزادگان,۵۵,۱۳۹۱,۱,"‏۴,۴۰۰,۰۰۰,۰۰۰ تومان","‏۸۰,۰۰۰,۰۰۰ تومان",همکف از ۲,۱۲ مرداد ۱۴۰۵، ۲۱:۴۶,https://divar.ir/v/gawpdzdd
فروش ویژه زمین همراه با بنا و امتیازات کامل,فروش,آهندان,,,,"‏۱۱,۰۰۰,۰۰۰,۰۰۰ تومان","‏۴۰,۷۴۰,۰۰۰ تومان",,۱۴ تیر ۱۴۰۵، ۰۹:۳۵,https://divar.ir/v/gaJRPEpj
۳۰۰ متر زمین مسکونی اطراف لاهیجان,فروش,لیل,,,,"‏۲,۹۵۰,۰۰۰,۰۰۰ تومان","‏۹,۸۳۳,۰۰۰ تومان",,۱۲ مرداد ۱۴۰۵، ۲۱:۰۰,https://divar.ir/v/gavd6qXl
زمین ۱۴۶ متری با کاربری مسکونی,فروش,جمهوری,,,,"‏۵,۱۱۰,۰۰۰,۰۰۰ تومان","‏۳۵,۰۰۰,۰۰۰ تومان",,۱۲ مرداد ۱۴۰۵، ۲۰:۱۸,https://divar.ir/v/gawhq5ou
۷۸۰۰متر زمین مسکونی وکشاورزی,فروش,لفمجان,,,,"‏۱۲,۰۰۰,۰۰۰,۰۰۰ تومان","‏۱,۵۳۸,۰۰۰ تومان",,۱۲ مرداد ۱۴۰۵، ۲۰:۰۹,https://divar.ir/v/gawR8EXi
اجاره مغازه 20 متری‌ در خیابان‌ شهیدکریمی لاهیجان,رهن و اجاره,انقلاب,۲۰,۱۳۷۵,بدون اتاق,,,,۱۲ مرداد ۱۴۰۵، ۱۹:۵۶,https://divar.ir/v/gawFcMVg
1133 متر زمین روستایی با کاربری مسکونی,فروش,بازکیاگوراب,,,,"‏۷,۵۸۰,۰۰۰,۰۰۰ تومان","‏۶,۶۹۰,۰۰۰ تومان",,۱۲ مرداد ۱۴۰۵، ۱۹:۴۳,https://divar.ir/v/gaw5LDXU
زمین خاص 17000متری_شهرک_خدمات رفاهی_گردشگری,فروش,حاجی آباد,,,,"‏۲۵۵,۰۰۰,۰۰۰,۰۰۰ تومان","‏۱۵,۰۰۰,۰۰۰ تومان",,۱۲ مرداد ۱۴۰۵، ۱۹:۳۳,https://divar.ir/v/gawtb1sy
باغ‌ ویلا 14000متری_ جزیره‌ای میان شالیزارها_خاص,فروش,لیالستان,۲۰۰,۱۳۹۰,۲,"‏۳۵,۰۰۰,۰۰۰,۰۰۰ تومان","‏۲,۵۰۰,۰۰۰ تومان",,۱۵ اردیبهشت ۱۴۰۵، ۰۱:۱۰,https://divar.ir/v/Qa5LBMzT
زمین مسکونی کم‌نظیر172متر_محصور_پروانه ساخت_نخجیر,فروش,گلستان,,,,"‏۳,۸۵۰,۰۰۰,۰۰۰ تومان","‏۲۲,۳۸۳,۰۰۰ تومان",,۱۳ تیر ۱۴۰۵، ۱۸:۳۲,https://divar.ir/v/gaJBiS9y
ویلایی مستقل 124متر دوخواب (عرصه اعیان) سندتک‌برگ,فروش,کوی آزادگان,۱۰۰,۱۳۸۵,۲,"‏۲۰,۰۰۰,۰۰۰,۰۰۰ تومان","‏۱۶۱,۲۹۰,۰۰۰ تومان",,۱۳ تیر ۱۴۰۵، ۱۸:۳۵,https://divar.ir/v/gaJFyPXL
زمین ۱۰۰۰متری_لوکیشن برند لاهیجان_ویوابدی کوهستان,فروش,لیل,,,,"‏۳۰,۰۰۰,۰۰۰,۰۰۰ تومان","‏۳۰,۰۰۰,۰۰۰ تومان",,۱۲ مرداد ۱۴۰۵، ۱۹:۳۲,https://divar.ir/v/gawt7dyX
زمین شهری 245متر بهمراه پروانه به‌روز 3طبقه 5واحد,فروش,خالو باغ,,,,"‏۹,۲۰۰,۰۰۰,۰۰۰ تومان","‏۳۷,۵۵۱,۰۰۰ تومان",,۱۴ تیر ۱۴۰۵، ۲۱:۴۶,https://divar.ir/v/gaK9pVcG
زمین ۲۱۵ متر کوهپایه لیالستان,فروش,لیالستان,,,,"‏۸,۵۰۰,۰۰۰,۰۰۰ تومان","‏۳۹,۵۳۴,۰۰۰ تومان",,۱۲ مرداد ۱۴۰۵، ۱۹:۲۲,https://divar.ir/v/gawlbODF
ویلای دوبلکس ۱۵۰متری,فروش,شیخ زاهد,۱۳۰,۱۴۰۲,۲,"‏۲۰,۰۰۰,۰۰۰,۰۰۰ تومان","‏۱۳۳,۳۳۳,۰۰۰ تومان",,۱۲ مرداد ۱۴۰۵، ۱۹:۱۴,https://divar.ir/v/gawdLCSu
خانه ویلا با زمین در میدان دانشگاه سند دار,فروش,کوی استادان,۸۰,۱۳۸۵,۱,"‏۱۰,۰۰۰,۰۰۰,۰۰۰ تومان","‏۵۰,۰۰۰,۰۰۰ تومان",,۶ مرداد ۱۴۰۵، ۱۹:۱۷,https://divar.ir/v/gao5s6sO
اجاره مغازه در شیشه گران لاهیجان . قیمت مناسب,رهن و اجاره,شیشه گران,۲۲,۱۴۰۰,بدون اتاق,,,,۱۲ مرداد ۱۴۰۵، ۱۸:۳۴,https://divar.ir/v/gawNahss
65متری تک واحدی طالقانی,رهن و اجاره,طالقانی,۶۵,۱۳۹۴,۲,,,۲,۱۲ مرداد ۱۴۰۵، ۱۸:۲۰,https://divar.ir/v/gawp6r8t
فروش سوئیت در رسالت,فروش,لیالستان,۵۰,۱۳۹۶,۱,"‏۳,۵۰۰,۰۰۰,۰۰۰ تومان","‏۷۰,۰۰۰,۰۰۰ تومان",همکف از ۲,۱۲ مرداد ۱۴۰۵، ۱۷:۰۰,https://divar.ir/v/gawJ5nrD
مغازه در پاساژ ارژنگ,فروش,انقلاب,۱۳,۱۳۹۱,بدون اتاق,"‏۳,۶۱۸,۰۰۰,۰۰۰ تومان","‏۲۷۸,۳۰۷,۰۰۰ تومان",,۱۰ مرداد ۱۴۰۵، ۲۰:۴۱,https://divar.ir/v/gaudCcp8
زمین مسکونی شهری سوستان دو کله,فروش,کوی استادان,,,,"‏۱۱,۰۰۰,۰۰۰,۰۰۰ تومان","‏۴۰,۷۴۰,۰۰۰ تومان",,۱۲ مرداد ۱۴۰۵، ۱۶:۴۶,https://divar.ir/v/gawR5XgM
اجاره واحد اداری تجاری مستقل,رهن و اجاره,انقلاب,۲۵,۱۳۸۰,بدون اتاق,,,۱,۱۲ مرداد ۱۴۰۵، ۱۵:۵۱,https://divar.ir/v/gas108H7
سوییت ۵۸ متر,فروش,بوجایه,۵۸,۱۳۹۲,۱,"‏۴,۵۰۰,۰۰۰,۰۰۰ تومان","‏۷۷,۵۸۶,۰۰۰ تومان",همکف,۱۲ مرداد ۱۴۰۵، ۱۵:۱۰,https://divar.ir/v/gaw53EVH
5000متر زمین با 100 متر بنا,فروش,لفمجان,۱۰۰,۱۴۰۰,۲,"‏۱۷,۵۰۰,۰۰۰,۰۰۰ تومان","‏۳,۵۰۰,۰۰۰ تومان",,۱۲ مرداد ۱۴۰۵، ۱۳:۵۴,https://divar.ir/v/gawxWOQt
با سند مالکیت و پروانه ساخت اقساطی دیلمان,فروش,قیام,,,,"‏۱,۹۰۰,۰۰۰,۰۰۰ تومان","‏۶,۳۳۳,۰۰۰ تومان",,۲۶ مرداد ۱۴۰۳، ۱۷:۲۴,https://divar.ir/v/gZ_m1xSC
زمین مسکونی,فروش,لفمجان,,,,"‏۳,۸۰۰,۰۰۰,۰۰۰ تومان","‏۱۰,۰۰۰,۰۰۰ تومان",,۱۲ مرداد ۱۴۰۵، ۱۳:۱۵,https://divar.ir/v/gawJm3QG
فروش ویلا دوبلکس سند ۶دانگ مستر ویو ابدی,فروش,شهرک سلمان فارسی,۲۰۰,۱۴۰۴,۳,"‏۳۱,۰۰۰,۰۰۰,۰۰۰ تومان","‏۵۸,۴۹۰,۰۰۰ تومان",,۱۲ مرداد ۱۴۰۵، ۱۳:۰۹,https://divar.ir/v/gawF2s31
اجاره واحد تمیز با امنیت بالا,رهن کامل,شهرک جانبازان,۸۳,۱۴۰۲,۲,,,۱,۱۲ مرداد ۱۴۰۵، ۱۳:۰۴,https://divar.ir/v/gawBmkoa
۲۱۲متر زمین باسندوپروانه ۳طبقه ۱۲۰ متری درسوستان,فروش,کوی استادان,,,,"‏۶,۰۰۰,۰۰۰,۰۰۰ تومان","‏۲۸,۳۰۱,۰۰۰ تومان",,۱۲ مرداد ۱۴۰۵، ۱۳:۰۰,https://divar.ir/v/gaw9lIUn
اجاره خانه,رهن و اجاره,انقلاب,۵۰,۱۳۹۷,۱,,,,۱۲ مرداد ۱۴۰۵، ۱۲:۲۵,https://divar.ir/v/gawdVYJ_
ویلا دوبلکس مدرن ۳خواب در دل جنگل سوخته کوه,فروش,آهندان,۱۸۰,۱۴۰۴,۳,"‏۱۳,۹۰۰,۰۰۰,۰۰۰ تومان","‏۸۶,۸۷۵,۰۰۰ تومان",,۱۲ مرداد ۱۴۰۵، ۱۲:۲۴,https://divar.ir/v/gawd1PGb
فروش باغ ویلای خاص منطقه سوستان_بنگبر,فروش,لیل,۵۵,۱۳۹۷,بدون اتاق,"‏۳۳,۹۰۰,۰۰۰,۰۰۰ تومان","‏۲۸,۲۵۰,۰۰۰ تومان",,۱۲ مرداد ۱۴۰۵، ۱۲:۱۵,https://divar.ir/v/gawNlaxb
زمین با مجوز مسکونی,فروش,لفمجان,,,,"‏۵,۸۰۰,۰۰۰,۰۰۰ تومان","‏۱۰,۰۰۰,۰۰۰ تومان",,۱۲ مرداد ۱۴۰۵، ۱۲:۱۳,https://divar.ir/v/gawRlo4m
رهن واحد ۹۰متری طالقانی,رهن کامل,طالقانی,۹۰,۱۴۰۰,۲,,,۲ از ۳,۱۲ مرداد ۱۴۰۵، ۱۱:۵۵,https://divar.ir/v/gaw9UN6j
تخریب و فروش مصالح انباری در کلشتاجان,فروش,بازکیاگوراب,,,۱,"‏۹۵,۰۰۰,۰۰۰ تومان","‏۱,۵۸۳,۰۰۰ تومان",,۱۲ مرداد ۱۴۰۵، ۱۱:۳۶,https://divar.ir/v/gawt08kr
رهن مغازه ۱۷متری,رهن کامل,لیالستان,۱۷,۱۴۰۴,بدون اتاق,,,,۱۲ مرداد ۱۴۰۵، ۱۱:۰۱,https://divar.ir/v/gawN0vV3
پیش فروش واحدی دلباز با نقشه ای بی نقص سلمان فارسی,فروش,شهرک سلمان فارسی,,,,,,,۱۲ مرداد ۱۴۰۵، ۱۰:۵۸,https://divar.ir/v/gawJ06Pa
فروش ویلا در گلستان فرد( استثنائی وبدون واسطه),فروش,گلستان,۱۱۰,۱۳۷۴,۴,"‏۱۹,۰۰۰,۰۰۰,۰۰۰ تومان","‏۸۰,۱۶۸,۰۰۰ تومان",,۱۲ مرداد ۱۴۰۵، ۱۰:۴۰,https://divar.ir/v/gaw5zoIZ
یک واحد آپارتمان لوکس طبقه دوم مجزا,فروش,شهرک سلمان فارسی,۸۵,۱۳۹۳,۲,"‏۹,۵۰۰,۰۰۰,۰۰۰ تومان","‏۱۱۱,۷۶۴,۰۰۰ تومان",۲,۱۲ مرداد ۱۴۰۵، ۱۰:۴۰,https://divar.ir/v/gaw5zxCR
فروش 120 متری تکواحدی در خرمشهر,فروش,شقایق,۱۲۰,۱۳۹۹,۲,"‏۱۶,۸۰۰,۰۰۰,۰۰۰ تومان","‏۱۴۰,۰۰۰,۰۰۰ تومان",۳,۱۳ تیر ۱۴۰۵، ۱۷:۵۱,https://divar.ir/v/gaJZxr4X
ویلایی,فروش,لیالستان,۱۷۷,قبل از ۱۳۷۰,۳,"‏۱۸,۰۰۰,۰۰۰,۰۰۰ تومان","‏۳۳,۴۵۷,۰۰۰ تومان",,۱۲ مرداد ۱۴۰۵، ۱۰:۲۹,https://divar.ir/v/gawtzSHB
زمین۲۲۶ متری پروانه دار,فروش,لفمجان,,,,"‏۲,۰۰۰,۰۰۰,۰۰۰ تومان","‏۸,۸۱۰,۰۰۰ تومان",,۱۲ مرداد ۱۴۰۵، ۱۰:۱۶,https://divar.ir/v/gavNyoDb
زمین باغی ۳۴۰۰ متر داخل طرح لاهیجان چلک,فروش,لیل,,,,"‏۶۵,۰۰۰,۰۰۰,۰۰۰ تومان","‏۱۹,۱۱۷,۰۰۰ تومان",,۱۲ مرداد ۱۴۰۵، ۰۸:۵۰,https://divar.ir/v/gawVyA5w
واحد لوکس ۲۰۰ متری نزدیک استخر لاهیجان,فروش,گلستان,۲۰۰,۱۴۰۵,۴,"‏۳۲,۰۰۰,۰۰۰,۰۰۰ تومان","‏۱۶۰,۰۰۰,۰۰۰ تومان",۴ از ۵,۱۶ تیر ۱۴۰۵، ۲۰:۱۰,https://divar.ir/v/gaNti6SE
فروش آپارتمان گلستان ذوج,فروش,گلستان,۱۵۸,۱۴۰۳,۳,"‏۲۶,۰۰۰,۰۰۰,۰۰۰ تومان","‏۱۶۴,۵۵۶,۰۰۰ تومان",۲ از ۵,۱۲ مرداد ۱۴۰۵، ۰۳:۵۴,https://divar.ir/v/gav5twCk
فروش باغ چای به قیمت مناسب,فروش,لیل,,,بدون اتاق,"‏۶,۰۰۰,۰۰۰,۰۰۰ تومان","‏۶,۸۵۷,۰۰۰ تومان",,۱۲ مرداد ۱۴۰۵، ۰۱:۱۰,https://divar.ir/v/gavlbRq0
فروش زمین کمربندی لاهیجان,فروش,گلستان,,,,"‏۲۵,۰۰۰,۰۰۰,۰۰۰ تومان","‏۷۱,۲۲۵,۰۰۰ تومان",,۱۲ مرداد ۱۴۰۵، ۰۰:۴۴,https://divar.ir/v/gavF7-Ty
اجاره واحد اداری مطب دفتروکالت,رهن و اجاره,انقلاب,۶۰,۱۳۹۳,۲,,,۵,۱۲ مرداد ۱۴۰۵، ۰۰:۴۱,https://divar.ir/v/gamhY88L
فروش زمین کشاورزی,فروش,حاجی آباد,,,بدون اتاق,"‏۱,۵۰۰,۰۰۰,۰۰۰ تومان","‏۱,۴۷۲,۰۰۰ تومان",,۱۲ مرداد ۱۴۰۵، ۰۰:۰۸,https://divar.ir/v/gavpaEnt
زمین مسکونی,فروش,بازکیاگوراب,,,,"‏۱,۴۰۰,۰۰۰,۰۰۰ تومان","‏۱۴,۰۰۰,۰۰۰ تومان",,۱۱ مرداد ۱۴۰۵، ۲۳:۴۱,https://divar.ir/v/gavR6gMG
زمین اماده ساخت,فروش,بازکیاگوراب,,,,"‏۱۰,۰۰۰,۰۰۰,۰۰۰ تومان","‏۲۱,۷۳۹,۰۰۰ تومان",,۱۱ مرداد ۱۴۰۵، ۲۳:۰۱,https://divar.ir/v/gavpp9-4
فروش زمین,فروش,آهندان,,,,"‏۵,۰۰۰,۰۰۰,۰۰۰ تومان","‏۲۵,۰۰۰,۰۰۰ تومان",,۱۱ مرداد ۱۴۰۵، ۲۲:۴۷,https://divar.ir/v/gavVJhqm
زمین تمام مسکونی با متراژ کم و ویو ابدی,فروش,آهندان,,,,"‏۵,۰۰۰,۰۰۰,۰۰۰ تومان","‏۲۵,۰۰۰,۰۰۰ تومان",,۱۱ مرداد ۱۴۰۵، ۲۲:۲۴,https://divar.ir/v/gavJ5HVf
اپارتمان رویایی با پنت هاوس ۸۰متری,فروش,کوی زمانی,۱۰۳,۱۳۹۲,۲,"‏۱۳,۰۰۰,۰۰۰,۰۰۰ تومان","‏۱۲۶,۲۱۳,۰۰۰ تومان",۳,۱۱ مرداد ۱۴۰۵، ۲۲:۱۸,https://divar.ir/v/gavBZH74
فروش آپارتمان مسکونی لاهیجان حاجی آباد مجتمع بهمن,فروش,حاجی آباد,۱۰۴,۱۳۸۷,۲,"‏۷,۰۰۰,۰۰۰,۰۰۰ تومان","‏۶۷,۳۰۷,۰۰۰ تومان",۲ از ۲,۱۲ تیر ۱۴۰۵، ۱۱:۵۳,https://divar.ir/v/gaHF3cGz
فروش زمین ۴ هکتار در پردسر,فروش,پردسر,,,,"‏۴۰۰,۰۰۰,۰۰۰,۰۰۰ تومان","‏۱۰,۰۰۰,۰۰۰ تومان",,۱۱ مرداد ۱۴۰۵، ۲۱:۴۶,https://divar.ir/v/gavloMhq
زمین ویلائی,فروش,بازکیاگوراب,۴۰۰۰,قبل از ۱۳۷۰,۳,"‏۲۷,۰۰۰,۰۰۰,۰۰۰ تومان","‏۶,۷۵۰,۰۰۰ تومان",,۱۱ مرداد ۱۴۰۵، ۲۱:۴۴,https://divar.ir/v/gavhYy8L
فروش274 زمین باغی در درجیر,فروش,آهندان,,,,"‏۱,۶۰۰,۰۰۰,۰۰۰ تومان","‏۵,۸۳۹,۰۰۰ تومان",,۱۱ مرداد ۱۴۰۵، ۲۱:۳۱,https://divar.ir/v/gavVoOFX
اجاره سالانه یک باب ویلا,رهن کامل,لیالستان,۸۰,۱۴۰۰,۱,,,,۱۱ مرداد ۱۴۰۵، ۲۱:۲۴,https://divar.ir/v/gavRIW2r
۷۱ متر اکازیون و به قیمت ترین,فروش,کوی آزادگان,۷۱,۱۴۰۵,۲,"‏۹,۹۹۰,۰۰۰,۰۰۰ تومان","‏۱۴۰,۷۰۴,۰۰۰ تومان",۴ از ۴,۱۱ مرداد ۱۴۰۵، ۲۰:۴۰,https://divar.ir/v/gavlXwVe
۲۰۲ متر زمین (کاربری مسکونی),فروش,بوجایه,,,,"‏۳,۰۳۰,۰۰۰,۰۰۰ تومان","‏۱۵,۰۰۰,۰۰۰ تومان",,۱۱ مرداد ۱۴۰۵، ۲۰:۲۹,https://divar.ir/v/gavdnTvz
فروش خانه ویلایی,فروش,بوجایه,۷۰,۱۳۹۰,۳,"‏۶,۳۰۰,۰۰۰,۰۰۰ تومان","‏۵۲,۵۰۰,۰۰۰ تومان",,۱۱ مرداد ۱۴۰۵، ۱۹:۱۷,https://divar.ir/v/gavZmS9f
کاسبی فوری واحد ۷۰ متری ابتدای گلستان ۲۳,فروش,گلستان,۷۰,۱۳۹۵,۲,"‏۷,۴۰۰,۰۰۰,۰۰۰ تومان","‏۱۰۵,۷۱۴,۰۰۰ تومان",۲ از ۳,۱۱ مرداد ۱۴۰۵، ۱۹:۱۶,https://divar.ir/v/gavZGHI2
75متری گلستان,رهن و اجاره,گلستان,۷۵,۱۳۹۸,۲,,,۱,۱۱ مرداد ۱۴۰۵، ۱۸:۱۰,https://divar.ir/v/gavZ1n6q
منزل ویلایی ۱۱۵ متر گلستان33,فروش,گلستان,۹۵,۱۳۹۰,بدون اتاق,"‏۱۰,۰۰۰,۰۰۰,۰۰۰ تومان","‏۸۶,۹۵۶,۰۰۰ تومان",,۱۱ مرداد ۱۴۰۵، ۱۸:۰۸,https://divar.ir/v/gavZFV2P
زمین مسکونی دارای مجوز ساخت روستای دره جیر,فروش,شیشه گران,,,,"‏۷,۱۰۰,۰۰۰,۰۰۰ تومان","‏۲۹,۹۵۷,۰۰۰ تومان",,۱۱ مرداد ۱۴۰۵، ۱۸:۰۰,https://divar.ir/v/gavRFVR4
فروش باغ خارج طرح چسبیده به مسکونی درروستای زمیدان,فروش,لیل,,,,"‏۲,۰۰۰,۰۰۰,۰۰۰ تومان","‏۶,۶۶۶,۰۰۰ تومان",,۱۱ مرداد ۱۴۰۵، ۱۸:۰۰,https://divar.ir/v/gavNF3dX
فروش زمین ۱۰۵۰۰ متری در اتوبان بین لنگرود لاهیجان,فروش,لیالستان,,,,"‏۴۷۲,۵۰۰,۰۰۰,۰۰۰ تومان","‏۴۵,۰۰۰,۰۰۰ تومان",,۱۰ مرداد ۱۴۰۵، ۱۲:۴۴,https://divar.ir/v/gath76do
مغازه 24متری خیابان یاسر نبش یاسر 12 مالکیت,فروش,لیالستان,۲۴,۱۴۰۲,بدون اتاق,"‏۵,۲۰۰,۰۰۰,۰۰۰ تومان","‏۲۱۶,۶۶۶,۰۰۰ تومان",,۱۱ مرداد ۱۴۰۵، ۱۷:۲۰,https://divar.ir/v/gavp0nVt
مغازه ۲۴متری یاسر ۱۲,فروش,لیالستان,۲۴,۱۳۹۶,بدون اتاق,"‏۵,۱۰۰,۰۰۰,۰۰۰ تومان","‏۲۱۲,۵۰۰,۰۰۰ تومان",,۱۱ مرداد ۱۴۰۵، ۱۶:۳۵,https://divar.ir/v/gavBklq9
فروش زمین مسکونی 410متری,فروش,لاشیدان,,,,"‏۴,۵۱۰,۰۰۰,۰۰۰ تومان","‏۱۱,۰۰۰,۰۰۰ تومان",,۱۱ مرداد ۱۴۰۵، ۱۵:۲۳,https://divar.ir/v/gav5w5Wl
فروش دوتا مغازه آماده با سند تک برک,فروش,لیل,۷۰,۱۳۹۰,بدون اتاق,"‏۵,۰۰۰,۰۰۰,۰۰۰ تومان","‏۷۱,۴۲۸,۰۰۰ تومان",,۱۱ مرداد ۱۴۰۵، ۱۵:۱۴,https://divar.ir/v/gav1iVo_
خانه مستقل یاسر ۲۴,فروش,لیالستان,۵۸,۱۳۹۶,۲,"‏۵,۴۰۰,۰۰۰,۰۰۰ تومان","‏۹۳,۱۰۳,۰۰۰ تومان",۱,۱۱ مرداد ۱۴۰۵، ۱۵:۰۴,https://divar.ir/v/gavtiM8V
اجاره اپارتمان  نقلی با پارکینگ اسپلیت دستشویی جدا,رهن و اجاره,حاجی آباد,۵۵,۱۴۰۰,۱,,,۱ از ۲,۱۱ مرداد ۱۴۰۵، ۱۴:۴۹,https://divar.ir/v/gavdyJP4
فروش آپارتمان,فروش,خمیر کلایه,۸۴,۱۳۸۸,۲,"‏۶,۰۰۰,۰۰۰,۰۰۰ تومان","‏۷۱,۴۲۸,۰۰۰ تومان",۳,۱۱ مرداد ۱۴۰۵، ۱۴:۴۲,https://divar.ir/v/gavVC_ew
فروش خونه ویلایی به مساحت ۲۵۳,فروش,کوی آزادگان,۲۵۳,قبل از ۱۳۷۰,۲,"‏۲۶,۵۰۰,۰۰۰,۰۰۰ تومان","‏۱۰۴,۷۴۳,۰۰۰ تومان",,۱۱ مرداد ۱۴۰۵، ۱۴:۲۳,https://divar.ir/v/gavFSp52
فروش استثنایی سویت,فروش,شهرک جانبازان,۵۸,۱۳۹۳,۱,"‏۶,۶۰۰,۰۰۰,۰۰۰ تومان","‏۱۱۳,۷۹۳,۰۰۰ تومان",همکف,۱۳ تیر ۱۴۰۵، ۱۴:۱۵,https://divar.ir/v/gaIROKdG
فروش زمین در شمال,فروش,لیل,,,,"‏۴,۵۰۰,۰۰۰,۰۰۰ تومان","‏۵,۶۲۵,۰۰۰ تومان",,۱۱ مرداد ۱۴۰۵، ۱۴:۱۲,https://divar.ir/v/gav9xE72
فروش فوری زمین با سند تک برگ,فروش,بازکیاگوراب,,,,"‏۳,۳۸۸,۰۰۰,۰۰۰ تومان","‏۷,۰۰۰,۰۰۰ تومان",,۱۱ مرداد ۱۴۰۵، ۱۴:۱۱,https://divar.ir/v/gav5R7lw
فروش زمین مسکونی ۱۲۶ متری در لسکوکلایه,فروش,شیخ زاهد,,,,"‏۱,۱۹۷,۰۰۰,۰۰۰ تومان","‏۹,۵۰۰,۰۰۰ تومان",,۱۱ مرداد ۱۴۰۵، ۱۴:۰۱,https://divar.ir/v/gavxRRQI
۲واحدی راه جدا گلستان ۴۳,فروش,گلستان,۲۰۰,۱۳۸۵,۲,"‏۲۳,۴۰۰,۰۰۰,۰۰۰ تومان","‏۱۱۷,۰۰۰,۰۰۰ تومان",۱,۱۱ تیر ۱۴۰۵، ۲۰:۱۴,https://divar.ir/v/gaGV5SQh
فروش فوری یا معاوضه ۲۰۸ متر زمین,فروش,بازکیاگوراب,,,,"‏۳,۰۰۰,۰۰۰,۰۰۰ تومان","‏۱۴,۴۲۳,۰۰۰ تومان",,۱۱ مرداد ۱۴۰۵، ۱۳:۵۸,https://divar.ir/v/gavtBuxm
مغازه در جمهوری عرصه اعیان,فروش,طالقانی,۴۰,۱۳۹۵,بدون اتاق,"‏۲۸,۰۰۰,۰۰۰,۰۰۰ تومان","‏۷۰۰,۰۰۰,۰۰۰ تومان",,۱۱ مرداد ۱۴۰۵، ۱۳:۴۳,https://divar.ir/v/gavhRLGZ
فروش آپارتمان_۵۱ متری_نقلی_طبقه اول,فروش,گلستان,۵۱,۱۳۹۷,۱,"‏۱۰,۰۰۰,۰۰۰,۰۰۰ تومان","‏۱۹۶,۰۷۸,۰۰۰ تومان",همکف,۱۱ مرداد ۱۴۰۵، ۱۳:۰۹,https://divar.ir/v/gav9A5E2
فروش فوری زمین ۲۰۰متری مسکونی همراه پروانه ساخت,فروش,آهندان,,,,"‏۵,۷۰۰,۰۰۰,۰۰۰ تومان","‏۲۸,۵۰۰,۰۰۰ تومان",,۱۱ مرداد ۱۴۰۵، ۱۲:۳۴,https://divar.ir/v/gavdgqtC
مغازه ۲۰ متری بر اصلی کاشف،نبش شقایق,رهن و اجاره,شقایق,۲۰,۱۳۹۰,بدون اتاق,,,,۱۱ مرداد ۱۴۰۵، ۱۲:۳۴,https://divar.ir/v/gavhQDDm
۸۴ متری خوش نقشه خوش ساخت,فروش,گلستان,۸۴,۱۴۰۵,۲,"‏۱۰,۷۹۰,۰۰۰,۰۰۰ تومان","‏۱۲۸,۴۵۲,۰۰۰ تومان",۳,۱۲ تیر ۱۴۰۵، ۲۱:۱۹,https://divar.ir/v/gaHZ_Bs7
۲ خواب فول امکانات نوساز,فروش,شهرک سلمان فارسی,۹۰,۱۴۰۵,۲,"‏۱۰,۳۵۰,۰۰۰,۰۰۰ تومان","‏۱۱۵,۰۰۰,۰۰۰ تومان",۲,۱۲ تیر ۱۴۰۵، ۲۱:۰۹,https://divar.ir/v/gaHN_hoK
ویلایی شهری با چشم اندازه 360 درجه,فروش,گلستان,۱۲۰,قبل از ۱۳۷۰,۲,"‏۲۰,۰۰۰,۰۰۰,۰۰۰ تومان","‏۵۵,۵۵۵,۰۰۰ تومان",,۱۵ تیر ۱۴۰۵، ۰۹:۴۳,https://divar.ir/v/gaLdkfjp
آپارتمان تک واحدی قیمت کاسبی کارگر زوج,فروش,رجایی,۱۷۰,۱۴۰۵,۳,"‏۲۷,۰۰۰,۰۰۰,۰۰۰ تومان","‏۱۵۸,۸۲۳,۰۰۰ تومان",۱ از ۵,۱۴ خرداد ۱۴۰۵، ۱۳:۴۱,https://divar.ir/v/gah8kCf4
واگذاری مغازه,رهن و اجاره,انقلاب,۱۸,۱۳۹۰,بدون اتاق,,,,۱۱ مرداد ۱۴۰۵، ۱۱:۵۶,https://divar.ir/v/gauJ-6di
فروش زمین ۵۲۴ متری داخل طرح هادی,فروش,آهندان,,,,"‏۳,۶۰۰,۰۰۰,۰۰۰ تومان","‏۶,۸۷۰,۰۰۰ تومان",,۱۴ خرداد ۱۴۰۵، ۱۱:۵۹,https://divar.ir/v/gahQjqDF
ویلا در لوکیشن خوب,فروش,حاجی آباد,۹۵,۱۴۰۵,۲,"‏۵,۰۰۰,۰۰۰,۰۰۰ تومان","‏۲۶,۳۱۵,۰۰۰ تومان",,۱۱ مرداد ۱۴۰۵، ۱۱:۲۰,https://divar.ir/v/gauZvbDA
315 متر زمین تمام مسکونی واقع در لیالستان، لاهیجان,فروش,لیالستان,,,,"‏۱,۰۰۰,۰۰۰,۰۰۰ تومان","‏۳,۱۷۴,۰۰۰ تومان",,۱۱ مرداد ۱۴۰۵، ۱۱:۰۷,https://divar.ir/v/gauNfc92
اجاره خانه,رهن و اجاره,کوی آزادگان,۱۵۰,۱۳۷۴,۳,,,۱ از ۲,۱۱ مرداد ۱۴۰۵، ۱۰:۲۹,https://divar.ir/v/gaupey9q
رهن اجاره مغازه منطقه بعثت .مساحت ۱۸ متری,رهن و اجاره,کوی خزر,۱۸,۱۳۹۰,بدون اتاق,,,,۱۱ مرداد ۱۴۰۵، ۱۰:۲۹,https://divar.ir/v/gaupegFB
فروش واحد طبقه ۱,فروش,بوجایه,۶۵,۱۳۹۵,۲,"‏۷,۵۰۰,۰۰۰,۰۰۰ تومان","‏۱۱۵,۳۸۴,۰۰۰ تومان",۱,۱۱ مرداد ۱۴۰۵، ۱۰:۲۴,https://divar.ir/v/gauptalV
ویلا لوکس,فروش,کوه بیجار,۲۰۰,۱۴۰۴,۳,"‏۳۰,۰۰۰,۰۰۰,۰۰۰ تومان","‏۱۵۰,۰۰۰,۰۰۰ تومان",,۱۱ مرداد ۱۴۰۵، ۱۰:۱۳,https://divar.ir/v/gauZ-7X1
فروش آپارتمان تک واحدی _شقایق_128 متر,فروش,شقایق,۱۲۸,۱۴۰۳,۳,"‏۱۹,۵۰۰,۰۰۰,۰۰۰ تومان","‏۱۵۲,۳۴۳,۰۰۰ تومان",۴,۸ مرداد ۱۴۰۵، ۱۸:۱۶,https://divar.ir/v/garNGny2
رهن و اجاره منزل ویلایی,رهن و اجاره,لیالستان,۶۰,۱۳۹۵,۲,,,,۱۱ مرداد ۱۴۰۵، ۰۹:۳۳,https://divar.ir/v/gatB51OX
آپارتمان خوش نشه _76 متری_منظریه,فروش,شهید آوینی,۷۶,۱۴۰۰,۲,"‏۱۲,۵۰۰,۰۰۰,۰۰۰ تومان","‏۱۶۴,۴۷۳,۰۰۰ تومان",۵,۱۰ مرداد ۱۴۰۵، ۰۹:۲۰,https://divar.ir/v/garhml8K
آپارتمان 85 متری شیخ زاهد -بهاران,فروش,شیخ زاهد,۸۵,۱۴۰۵,۲,"‏۱۹,۹۰۰,۰۰۰,۰۰۰ تومان","‏۲۳۴,۱۱۷,۰۰۰ تومان",۳,۱۰ مرداد ۱۴۰۵، ۰۹:۲۲,https://divar.ir/v/gar5mWJ1
لاهیجان پیش فروش آپارتمان مستقل 150 متری در کارگر,فروش,رجایی,۱۵۰,۱۴۰۵,۳,"‏۳۷,۵۰۰,۰۰۰,۰۰۰ تومان","‏۲۵۰,۰۰۰,۰۰۰ تومان",۱ از ۵,۱۱ مرداد ۱۴۰۵، ۰۹:۲۸,https://divar.ir/v/gauxNSqM
رهن ویلایی ۶۵متری رسالت,رهن کامل,لیالستان,۶۵,۱۳۹۵,۱,,,,۱۱ مرداد ۱۴۰۵، ۰۹:۲۷,https://divar.ir/v/gauxNK72
لاهیجان فروش یا معاوضه آپارتمان 164 متری در نیما,فروش,رجایی,۱۶۵,۱۴۰۳,۳,"‏۳۱,۷۸۰,۰۰۰,۰۰۰ تومان","‏۱۹۲,۶۰۶,۰۰۰ تومان",۴ از ۵,۱۱ مرداد ۱۴۰۵، ۰۹:۱۴,https://divar.ir/v/gauhtimh
خانه ویلایی حاجی آباد انصاری ۱۵,فروش,حاجی آباد,۱۲۰,۱۴۰۰,۲,"‏۱۱,۸۸۰,۰۰۰,۰۰۰ تومان","‏۴۰,۰۰۰,۰۰۰ تومان",,۱۱ مرداد ۱۴۰۵، ۰۸:۴۸,https://divar.ir/v/gauJN_j6
زمین مسکونی لاهیجان بازکیاگوراب,فروش,بازکیاگوراب,,,,"‏۳,۰۰۰,۰۰۰,۰۰۰ تومان","‏۱۲,۰۰۰,۰۰۰ تومان",,۱۱ مرداد ۱۴۰۵، ۰۷:۵۳,https://divar.ir/v/gauVs_AO
زمین مسکونی ۳۵۰ متری,فروش,لیالستان,,,,"‏۵,۲۰۰,۰۰۰,۰۰۰ تومان","‏۱۴,۸۵۷,۰۰۰ تومان",,۱۱ مرداد ۱۴۰۵، ۰۰:۰۴,https://divar.ir/v/gaudFm8-
مغازه بر اصلی جمهوری,فروش,طالقانی,۴۵,۱۳۹۱,بدون اتاق,"‏۳۲,۰۰۰,۰۰۰,۰۰۰ تومان","‏۷۱۱,۱۱۱,۰۰۰ تومان",,۱۰ مرداد ۱۴۰۵، ۲۳:۵۲,https://divar.ir/v/gauV1kAJ
زمین ۸۱۷ متر دارای سند,فروش,لفمجان,,,,"‏۶,۰۰۰,۰۰۰,۰۰۰ تومان","‏۷,۳۴۳,۰۰۰ تومان",,۱۰ مرداد ۱۴۰۵، ۲۲:۴۴,https://divar.ir/v/gauVUkiI
فروش فوری خانه ویلایی۲۹۰متر فول امکانات ۵سال ساخت,فروش,بازکیاگوراب,۹۰,۱۴۰۰,۲,"‏۹,۷۰۰,۰۰۰,۰۰۰ تومان","‏۳۳,۴۴۸,۰۰۰ تومان",,۷ مرداد ۱۴۰۵، ۲۱:۳۱,https://divar.ir/v/gaq5j6TE
زمین مسکونی 600متری,فروش,لفمجان,,,,"‏۳,۸۰۰,۰۰۰,۰۰۰ تومان","‏۶,۳۳۳,۰۰۰ تومان",,۱۰ مرداد ۱۴۰۵، ۲۰:۴۱,https://divar.ir/v/gauhSh4V
آپارتمان نوساز تک واحدی ۱۷۵ متر کارگر زوج کاسبی,فروش,رجایی,۱۷۰,۱۴۰۵,۳,"‏۲۸,۹۰۰,۰۰۰,۰۰۰ تومان","‏۱۷۰,۰۰۰,۰۰۰ تومان",۲,۱۰ مرداد ۱۴۰۵، ۲۰:۲۴,https://divar.ir/v/gauRCfcy
فروش ویلا در لاهیجان,فروش,بوجایه,۱۰۰,۱۴۰۲,۲,"‏۶,۵۰۰,۰۰۰,۰۰۰ تومان","‏۴۷,۴۴۵,۰۰۰ تومان",,۱۰ مرداد ۱۴۰۵، ۱۱:۳۹,https://divar.ir/v/gatlKvn9
واحد ۱۲۵ متری زیر قیمت منطقه,فروش,کوی خزر,۱۲۵,۱۴۰۵,۲,"‏۱۵,۰۰۰,۰۰۰,۰۰۰ تومان","‏۱۲۰,۰۰۰,۰۰۰ تومان",۱,۱۰ مرداد ۱۴۰۵، ۱۹:۳۱,https://divar.ir/v/gaudB-sB
۴۰۰مترزمین مسکونی با پروانه ساخت در گمل,فروش,لیل,,,,"‏۴,۹۰۰,۰۰۰,۰۰۰ تومان","‏۱۲,۲۵۰,۰۰۰ تومان",,۱۰ مرداد ۱۴۰۵، ۱۹:۳۰,https://divar.ir/v/gaudx2xB
500 متر مسکونی بر خط اصلی علیسرود کاسبی فوری,فروش,لیل,,,,"‏۹,۵۰۰,۰۰۰,۰۰۰ تومان","‏۱۹,۰۰۰,۰۰۰ تومان",,۱۰ مرداد ۱۴۰۵، ۱۹:۲۰,https://divar.ir/v/gauVRX6V
زمین ویو ابدی در نخجیر کلایه,فروش,لیالستان,,,,"‏۳,۱۵۰,۰۰۰,۰۰۰ تومان","‏۱۰,۰۶۳,۰۰۰ تومان",,۱۰ مرداد ۱۴۰۵، ۱۸:۵۸,https://divar.ir/v/gauBBRx4
رهن مغازه,رهن کامل,گلستان,۱۵۰,۱۴۰۰,بدون اتاق,,,,۱۰ مرداد ۱۴۰۵، ۱۸:۳۷,https://divar.ir/v/gautAmaJ
زمین 1500متری,فروش,آهندان,,,,"‏۸,۰۰۰,۰۰۰,۰۰۰ تومان","‏۵,۳۳۳,۰۰۰ تومان",,۱۰ مرداد ۱۴۰۵، ۱۷:۵۵,https://divar.ir/v/gatZfmc8
مغازه جهت اجاره به رستوران,رهن و اجاره,لیالستان,۳۵,۱۴۰۳,بدون اتاق,,,,۱۰ مرداد ۱۴۰۵، ۱۷:۵۰,https://divar.ir/v/gauBAjnx
فروش تک واحد مسکونی در انتهای خیابان رسالت,فروش,لیالستان,۶۰,۱۳۹۵,۱,"‏۴,۵۷۰,۰۰۰,۰۰۰ تومان","‏۷۶,۱۶۶,۰۰۰ تومان",۱,۱۱ تیر ۱۴۰۵، ۰۱:۳۴,https://divar.ir/v/gaF54r4r
اجاره واحد۱۱۰متری نوساز۲خابه شیک به روز خوش ساخت,رهن و اجاره,کوی زمانی,۱۱۰,۱۴۰۰,۲,,,۱,۱۰ مرداد ۱۴۰۵، ۱۷:۲۲,https://divar.ir/v/gatpPCOp
اجاره آپارتمان طبقه اول میدان ابریشم (چای سابق),رهن کامل,کاروانسرابر,۱۴۰,۱۳۸۰,۲,,,۱,۱۰ مرداد ۱۴۰۵، ۱۷:۱۸,https://divar.ir/v/gatlfKOh
۶۱۰ متر زمین مسکونی باغ,فروش,لیالستان,,,,"‏۹,۱۵۰,۰۰۰,۰۰۰ تومان","‏۱۵,۰۰۰,۰۰۰ تومان",,۱۰ مرداد ۱۴۰۵، ۱۷:۱۰,https://divar.ir/v/gatdPWxS
لاهیجان فروش آپارتمان صفر 170 متری کارگر زوج,فروش,رجایی,۱۷۰,۱۴۰۵,۳,"‏۲۶,۳۵۰,۰۰۰,۰۰۰ تومان","‏۱۵۵,۰۰۰,۰۰۰ تومان",۱,۱۰ مرداد ۱۴۰۵، ۱۷:۱۰,https://divar.ir/v/gatZf_d6
سوئیت مستقل ۵۰ متری میدان بام سبز,رهن و اجاره,کوه بیجار,۴۵,۱۳۸۰,۱,,,همکف,۱۰ مرداد ۱۴۰۵، ۱۶:۳۳,https://divar.ir/v/gat5JvwP
ویلای پیش ساخته کیفیت بالا,فروش,شهید آوینی,۱۰۰,۱۴۰۵,۲,"‏۲,۷۰۰,۰۰۰,۰۰۰ تومان","‏۲۷,۰۰۰,۰۰۰ تومان",,۱۰ مرداد ۱۴۰۵، ۱۶:۳۳,https://divar.ir/v/gatx-JCT
فروش خانه دوطبقه مستقل در موقعیت ممتاز بازکیاگوراب,فروش,بازکیاگوراب,۳۱۰,۱۳۹۸,۴,"‏۱۴,۰۰۰,۰۰۰,۰۰۰ تومان","‏۷۴,۸۶۶,۰۰۰ تومان",,۱۰ مرداد ۱۴۰۵، ۱۵:۵۵,https://divar.ir/v/gatVepLY
خانه,فروش,خالو باغ,۷۵,۱۳۸۵,۱,"‏۳,۸۰۰,۰۰۰,۰۰۰ تومان","‏۱۰۸,۵۷۱,۰۰۰ تومان",,۱۰ مرداد ۱۴۰۵، ۱۵:۲۵,https://divar.ir/v/gat5NvTO
زمین تجاری مسکونی سطلسر,فروش,لیل,,,,"‏۲,۵۰۰,۰۰۰,۰۰۰ تومان","‏۲۲,۹۳۵,۰۰۰ تومان",,۱۰ مرداد ۱۴۰۵، ۱۵:۲۲,https://divar.ir/v/gat1NMxx
فروش زمین مسکونی با نامه بنیاد مسکن,فروش,لفمجان,,,,"‏۴,۰۰۰,۰۰۰,۰۰۰ تومان","‏۸,۰۰۰,۰۰۰ تومان",,۱۰ مرداد ۱۴۰۵، ۱۴:۱۵,https://divar.ir/v/gat5cBlE
فروش آپارتمان,فروش,طالقانی,۸۲,۱۳۹۵,۲,"‏۶,۸۰۰,۰۰۰,۰۰۰ تومان","‏۸۲,۹۲۶,۰۰۰ تومان",۳ از ۳,۱۰ مرداد ۱۴۰۵، ۱۳:۵۴,https://divar.ir/v/gatl8Jlj
خانه در مطهری,فروش,خالو باغ,۷۵,۱۳۸۵,۱,"‏۳,۸۰۰,۰۰۰,۰۰۰ تومان","‏۱۰۸,۵۷۱,۰۰۰ تومان",,۱۰ مرداد ۱۴۰۵، ۱۳:۴۰,https://divar.ir/v/gatVM8uX
فروش سوئیت ۵۸ متری لاهیجان,فروش,لیالستان,۵۸,۱۳۹۴,۱,"‏۴,۵۹۹,۰۰۰,۰۰۰ تومان","‏۷۹,۲۹۳,۰۰۰ تومان",همکف,۱۰ مرداد ۱۴۰۵، ۱۳:۳۶,https://divar.ir/v/gatR8vBn
زمین کشاورزی,فروش,لیالستان,,,بدون اتاق,"‏۳,۰۰۰,۰۰۰,۰۰۰ تومان","‏۹۴۳,۰۰۰ تومان",,۱۰ مرداد ۱۴۰۵، ۱۳:۳۴,https://divar.ir/v/gatRMq_D
۹۹۶مترزمین مسکونی واقع در لاهییجان,فروش,لیالستان,,,,"‏۱۰,۲۰۰,۰۰۰,۰۰۰ تومان","‏۱۰,۲۴۰,۰۰۰ تومان",,۱۰ مرداد ۱۴۰۵، ۱۳:۰۷,https://divar.ir/v/gat57Qcs
زمین تمام مسکونی 180 متری علی سرود,فروش,لیل,,,,"‏۱۰,۰۰۰,۰۰۰,۰۰۰ تومان","‏۵۵,۵۵۵,۰۰۰ تومان",,۱۰ مرداد ۱۴۰۵، ۱۲:۵۳,https://divar.ir/v/gatpL1Kr
واحد خوش ساخت رهن و اجاره,رهن کامل,شهرک سلمان فارسی,۵۰,۱۳۹۵,۱,,,۱,۱۰ مرداد ۱۴۰۵، ۱۲:۴۷,https://divar.ir/v/gatlrmEg
زمین 254 متری بر اصلی گلستان 11 سند تک برگ,فروش,گلستان,,,,"‏۴۴,۵۰۰,۰۰۰,۰۰۰ تومان","‏۱۷۵,۱۹۶,۰۰۰ تومان",,۱۰ مرداد ۱۴۰۵، ۱۲:۳۰,https://divar.ir/v/gatVbjv9
اپارتمان78متری,فروش,گلستان,۷۸,۱۳۹۷,۲,"‏۱۰,۱۴۰,۰۰۰,۰۰۰ تومان","‏۱۳۰,۰۰۰,۰۰۰ تومان",۳ از ۳,۱۲ تیر ۱۴۰۵، ۱۸:۲۷,https://divar.ir/v/gaH1s6Kp
اپارتمان دوبلکس خیابان کارگر,فروش,رجایی,۱۷۸,۱۳۸۵,۳,"‏۲۴,۹۲۰,۰۰۰,۰۰۰ تومان","‏۱۴۰,۰۰۰,۰۰۰ تومان",۳ از ۴,۱۲ تیر ۱۴۰۵، ۱۸:۳۸,https://divar.ir/v/gaHBdExN
زمین با مجوز ساخت ویلا,فروش,لیل,,,,"‏۱۲,۵۰۰,۰۰۰,۰۰۰ تومان","‏۵,۰۰۰,۰۰۰ تومان",,۱۰ مرداد ۱۴۰۵، ۱۲:۲۰,https://divar.ir/v/gatJr5L7
رمین تمام مسکونی,فروش,لیالستان,,,,"‏۱۴,۰۰۰,۰۰۰,۰۰۰ تومان","‏۲۶,۶۱۵,۰۰۰ تومان",,۱۰ مرداد ۱۴۰۵، ۱۱:۳۷,https://divar.ir/v/gath65vM
واحد خیابان کارگر,فروش,رجایی,۱۲۸,۱۳۹۶,۲,"‏۲۱,۰۰۰,۰۰۰,۰۰۰ تومان","‏۱۶۴,۰۶۲,۰۰۰ تومان",۳ از ۴,۱۰ مرداد ۱۴۰۵، ۱۱:۳۴,https://divar.ir/v/gathaVUJ
زمین باغی,فروش,آهندان,,,,"‏۱,۷۴۰,۰۰۰,۰۰۰ تومان","‏۳,۰۰۰,۰۰۰ تومان",,۱۰ مرداد ۱۴۰۵، ۱۱:۳۳,https://divar.ir/v/gathKORC
۲۰۵ متر زمین دوبر تجاری مسکونی,فروش,گلستان,,,,"‏۳۰,۰۰۰,۰۰۰,۰۰۰ تومان","‏۱۴۶,۳۴۱,۰۰۰ تومان",,۱۰ مرداد ۱۴۰۵، ۱۱:۳۲,https://divar.ir/v/gatd6vH0
سوییت نقلی,فروش,گلستان,۴۳,۱۳۹۴,۱,"‏۴,۳۵۰,۰۰۰,۰۰۰ تومان","‏۱۰۱,۱۶۲,۰۰۰ تومان",همکف,۱۰ مرداد ۱۴۰۵، ۱۱:۳۲,https://divar.ir/v/gatd66XI
رهن واحد ۱۵۸ متری در تربیت معلم,رهن کامل,شیشه گران,۱۵۸,۱۴۰۵,۳,,,۱ از ۵,۱۰ مرداد ۱۴۰۵، ۱۱:۳۲,https://divar.ir/v/gatda_BS
زمین در سوستان لاهیجان,فروش,امیرشهید,,,,"‏۹,۲۵۰,۰۰۰,۰۰۰ تومان","‏۳۷,۰۰۰,۰۰۰ تومان",,۱۰ مرداد ۱۴۰۵، ۱۱:۱۵,https://divar.ir/v/gatJ6qt_
اجاره سالیانه ویلا 100 متری,رهن و اجاره,لیالستان,۱۰۰,قبل از ۱۳۷۰,۲,,,,۱۰ مرداد ۱۴۰۵، ۱۰:۵۷,https://divar.ir/v/gat95mML
سوییت مستقل۹۳متری,فروش,شهید آوینی,۹۳,۱۳۷۹,۲,"‏۱۱,۱۶۰,۰۰۰,۰۰۰ تومان","‏۱۲۰,۰۰۰,۰۰۰ تومان",همکف از ۲,۱۰ تیر ۱۴۰۵، ۱۱:۲۴,https://divar.ir/v/gaENM3BV
خانه ویلایی سند دار در لاهیجان،فروش فوری، زیر قیمت,فروش,بازکیاگوراب,۱۰۰,۱۳۹۰,۲,"‏۴,۴۰۰,۰۰۰,۰۰۰ تومان","‏۱۶,۹۲۳,۰۰۰ تومان",,۱۰ مرداد ۱۴۰۵، ۱۰:۴۹,https://divar.ir/v/gat1p1Ko
رهن مغازه در منظریه,رهن و اجاره,شهید آوینی,۲۲,۱۴۰۰,بدون اتاق,,,,۱۰ مرداد ۱۴۰۵، ۱۰:۴۷,https://divar.ir/v/gatxp8AI
اجاره مغازه بر اصلی ۱۰۰ متری در خیابان شیشه گران,رهن و اجاره,شیشه گران,۱۰۰,۱۴۰۲,بدون اتاق,,,,۱۰ مرداد ۱۴۰۵، ۱۰:۴۶,https://divar.ir/v/gat1JBQI
اجاره واحد اداری 85 متری در خیابان شیشه گران,رهن و اجاره,شیشه گران,۸۵,۱۴۰۲,۲,,,۵,۱۰ مرداد ۱۴۰۵، ۱۰:۳۳,https://divar.ir/v/gatppIMs
اجاره آپارتمان مستقل ۸۵ متری در مهرگان,رهن و اجاره,مهرگان,۸۵,۱۳۹۸,۲,,,همکف از ۲,۱۰ مرداد ۱۴۰۵، ۱۰:۲۹,https://divar.ir/v/gatlJKHe
اجاره سوییت 50متری در خیابان یاسر,رهن و اجاره,لیالستان,۵۰,۱۳۹۷,۱,,,همکف,۱۰ مرداد ۱۴۰۵، ۰۹:۵۲,https://divar.ir/v/gatBJa6Z
آپارتمان تک واحدی100متری اجاره ط6 شیشه گران,رهن کامل,شیشه گران,۱۰۰,۱۳۹۲,۲,,,۶,۱۰ مرداد ۱۴۰۵، ۰۹:۴۳,https://divar.ir/v/gat5IchX
اجاره سوییت در رزمندگان هفتم,رهن و اجاره,گلستان,۷۰,۱۳۹۳,۲,,,همکف,۱۰ مرداد ۱۴۰۵، ۰۹:۲۶,https://divar.ir/v/gatpYPxX
فروش زمین  در منطقه طلایی نخجیر کلایه,فروش,گلستان,,,,"‏۱,۰۰۰,۰۰۰,۰۰۰ تومان","‏۵,۰۰۰,۰۰۰ تومان",,۱۰ مرداد ۱۴۰۵، ۰۹:۰۰,https://divar.ir/v/gatR4Idm
ویلای شخصی‌ساز با ویوی ابدی.550متر. زیرقیمت منطقه,فروش,بازکیاگوراب,۱۵۰,۱۳۹۲,۳,"‏۱۱,۹۰۰,۰۰۰,۰۰۰ تومان","‏۲۱,۶۳۶,۰۰۰ تومان",,۱۵ تیر ۱۴۰۵، ۰۵:۳۴,https://divar.ir/v/gaLxAO8J
ویلاکوهپایه ای ویودار'سند دار فاصله ۴ دقیقه تاشهر,فروش,آهندان,۲۱۰,۱۴۰۰,۲,"‏۲۵,۰۰۰,۰۰۰,۰۰۰ تومان","‏۱۱۹,۰۴۷,۰۰۰ تومان",,۱۰ مرداد ۱۴۰۵، ۰۴:۱۰,https://divar.ir/v/gat9j-kz
زمین شهری درقطب جدیدگردشی لاهیجان تالاب حاجی آباد,فروش,حاجی آباد,,,,"‏۱۲,۹۰۰,۰۰۰,۰۰۰ تومان","‏۴۸,۸۶۳,۰۰۰ تومان",,۱۰ مرداد ۱۴۰۵، ۰۳:۴۸,https://divar.ir/v/gatpD2XC
فروش ویلا سوئیسی,فروش,لیل,۱۳۰,۱۴۰۵,۲,"‏۹,۵۰۰,۰۰۰,۰۰۰ تومان","‏۴۳,۷۷۸,۰۰۰ تومان",,۱۰ مرداد ۱۴۰۵، ۰۲:۲۰,https://divar.ir/v/gatZicx8
یک واحد سوییت ۵۵ متری,رهن و اجاره,بازکیاگوراب,۶۰,۱۳۹۴,۱,,,همکف,۱۰ مرداد ۱۴۰۵، ۰۲:۰۴,https://divar.ir/v/gat9hPtf
زمین چهارهزارمتری، ویو ابدی,فروش,آهندان,,,بدون اتاق,"‏۲۰,۰۰۰,۰۰۰,۰۰۰ تومان","‏۵,۰۰۰,۰۰۰ تومان",,۱۰ مرداد ۱۴۰۵، ۰۱:۲۲,https://divar.ir/v/gatlhGeF
فروش زمین ۱۰۰۰ متری تجاری و مسکونی سند دار,فروش,جمهوری,,,,"‏۱۵۰,۰۰۰,۰۰۰,۰۰۰ تومان","‏۱۵۰,۰۰۰,۰۰۰ تومان",,۱۰ مرداد ۱۴۰۵، ۰۰:۱۱,https://divar.ir/v/gatdAqcy
فروش زمین529متری موقعیت نزدیک استخر لاهیجان,فروش,لیالستان,,,,"‏۹,۰۰۰,۰۰۰,۰۰۰ تومان","‏۱۷,۰۱۳,۰۰۰ تومان",,۹ مرداد ۱۴۰۵، ۲۳:۵۳,https://divar.ir/v/gatNA8ZO
پنت هاوس 95متری اکازیون،گلستان هفتم,فروش,گلستان,۹۵,۱۳۹۰,۱,"‏۱۱,۰۰۰,۰۰۰,۰۰۰ تومان","‏۱۱۵,۷۸۹,۰۰۰ تومان",۵ از ۵,۹ مرداد ۱۴۰۵، ۲۳:۱۳,https://divar.ir/v/gaspvapl
زمین دره جیر 322متر مربع,فروش,آهندان,,,,"‏۹,۰۰۰,۰۰۰,۰۰۰ تومان","‏۲۷,۹۵۰,۰۰۰ تومان",,۹ مرداد ۱۴۰۵، ۲۲:۵۵,https://divar.ir/v/gasR_b3K
۲۰۴ متر زمین مسکونی دانگایه,فروش,لیل,,,,"‏۳,۰۰۰,۰۰۰,۰۰۰ تومان","‏۱۴,۷۰۵,۰۰۰ تومان",,۹ مرداد ۱۴۰۵، ۲۲:۰۱,https://divar.ir/v/gasl-zpN
اجاره مغازه ۳۵ متری در شیشه گران,رهن و اجاره,شیشه گران,۳۵,۱۳۹۰,بدون اتاق,,,,۹ مرداد ۱۴۰۵، ۲۱:۳۲,https://divar.ir/v/gasNOKoU
زمین زیبا و با ویلای متراژ۱۲۰۰,فروش,آهندان,۶۰,۱۴۰۴,۲,"‏۲۵,۰۰۰,۰۰۰,۰۰۰ تومان","‏۲۰,۸۳۳,۰۰۰ تومان",,۹ مرداد ۱۴۰۵، ۲۰:۲۸,https://divar.ir/v/gasNdi_X
فروش مطب تجاری اداری,فروش,انقلاب,۷۱,۱۴۰۲,۳,"‏۱,۰۰۰,۰۰۰,۰۰۰ تومان","‏۱۴,۰۸۴,۰۰۰ تومان",۱,۹ مرداد ۱۴۰۵، ۲۰:۲۸,https://divar.ir/v/gasN95Hm
رهن و اجاره ویلایی بازسازی  گلستان نزدیک به استخر,رهن و اجاره,گلستان,۸۰,۱۳۹۸,۲,,,,۹ مرداد ۱۴۰۵، ۱۹:۱۶,https://divar.ir/v/gasNMFVw
زمین نیمه کاره مناسب برای سرمایه‌گذاری,فروش,شیشه گران,,,,"‏۵,۱۵۰,۰۰۰,۰۰۰ تومان","‏۲۹,۴۲۸,۰۰۰ تومان",,۹ مرداد ۱۴۰۵، ۱۸:۲۸,https://divar.ir/v/gasdrnxr
فروش و معاوضه مغازه در بهترین لوکیشن شهر,فروش,خمیر کلایه,۱۶,۱۳۹۸,بدون اتاق,"‏۴,۲۰۰,۰۰۰,۰۰۰ تومان","‏۲۶۲,۵۰۰,۰۰۰ تومان",,۹ مرداد ۱۴۰۵، ۱۸:۱۸,https://divar.ir/v/gasVbpUy
ویلا ۱۵۶ متری سنددار در لاهیجان,فروش,لیالستان,۱۵۶,۱۳۸۰,۲,"‏۱۱,۰۰۰,۰۰۰,۰۰۰ تومان","‏۷۰,۵۱۲,۰۰۰ تومان",,۹ مرداد ۱۴۰۵، ۱۷:۴۳,https://divar.ir/v/gas1KY_9
فروش زمین مسکونی,فروش,آهندان,,,,"‏۵,۳۸۲,۰۰۰,۰۰۰ تومان","‏۲۶,۰۰۰,۰۰۰ تومان",,۹ مرداد ۱۴۰۵، ۱۷:۲۴,https://divar.ir/v/gashK0El
زمین با جواز ساخت,فروش,لفمجان,,,,"‏۳,۵۰۰,۰۰۰,۰۰۰ تومان","‏۱۳,۲۰۷,۰۰۰ تومان",,۹ مرداد ۱۴۰۵، ۱۶:۳۲,https://divar.ir/v/gasxJuuT
زمین باغی واقع دردیزبن,فروش,لیالستان,,,,"‏۲,۶۰۰,۰۰۰,۰۰۰ تومان","‏۲,۰۵۲,۰۰۰ تومان",,۹ مرداد ۱۴۰۵، ۱۶:۲۸,https://divar.ir/v/gastpzG1
فروش خانه ویلایی,فروش,لیالستان,۱۱۰,۱۴۰۵,۲,"‏۱۱,۹۰۰,۰۰۰,۰۰۰ تومان","‏۳۵,۰۰۰,۰۰۰ تومان",,۹ مرداد ۱۴۰۵، ۱۵:۴۰,https://divar.ir/v/gashF4sL
۱۱۸ متر تک واحدی_ طبقه ۵_ بلوار دانشگاه_ نوساز,فروش,مهرگان,۱۱۸,۱۴۰۱,۲,"‏۱۴,۸۰۰,۰۰۰,۰۰۰ تومان","‏۱۲۵,۴۲۳,۰۰۰ تومان",۵ از ۵,۹ مرداد ۱۴۰۵، ۱۵:۱۳,https://divar.ir/v/gaspYNM1
زمین مسکونی ۲۶۳ متری ویلایی,فروش,بازکیاگوراب,,,,"‏۳,۲۷۷,۰۰۰,۰۰۰ تومان","‏۱۲,۴۶۰,۰۰۰ تومان",,۹ مرداد ۱۴۰۵، ۱۴:۲۵,https://divar.ir/v/gas135Tb
*خانه آپارتمان مهرگان هفتم*,فروش,مهرگان,۷۹,۱۳۷۱,۲,"‏۷,۶۰۰,۰۰۰,۰۰۰ تومان","‏۹۶,۲۰۲,۰۰۰ تومان",همکف,۹ مرداد ۱۴۰۵، ۱۴:۱۷,https://divar.ir/v/gasxH3zn
فروش زمین ۳۷۲ متری داخل طرح هادی کتشال لاهیجان,فروش,لیل,,,,"‏۷,۹۹۸,۰۰۰,۰۰۰ تومان","‏۲۱,۵۰۰,۰۰۰ تومان",,۹ مرداد ۱۴۰۵، ۱۳:۵۴,https://divar.ir/v/gasdHWcJ
فروش زمین,فروش,لیل,,,,"‏۱,۳۵۰,۰۰۰,۰۰۰ تومان","‏۶,۸۵۲,۰۰۰ تومان",,۹ مرداد ۱۴۰۵، ۱۳:۵۳,https://divar.ir/v/gasdXWbH
ویلا اجاره ای,رهن و اجاره,لفمجان,۹۵,۱۴۰۳,۲,,,,۹ مرداد ۱۴۰۵، ۱۳:۴۵,https://divar.ir/v/gasVnt4J
فروش زمین معاوضه با آریسان,فروش,آهندان,,,,"‏۲,۰۰۰,۰۰۰,۰۰۰ تومان","‏۵,۰۰۰,۰۰۰ تومان",,۹ مرداد ۱۴۰۵، ۱۳:۱۹,https://divar.ir/v/gas92g5l
زمین باغی در لاهیجان روستای زمیدان,فروش,لیل,,,,"‏۴,۲۰۰,۰۰۰,۰۰۰ تومان","‏۴,۴۷۲,۰۰۰ تومان",,۹ مرداد ۱۴۰۵، ۱۳:۰۵,https://divar.ir/v/gastG94o
لاهیجان ،کوره بر 260 متر زمین با پروانه ساخت,فروش,آهندان,,,,"‏۱۰,۳۰۰,۰۰۰,۰۰۰ تومان","‏۳۹,۶۱۵,۰۰۰ تومان",,۹ مرداد ۱۴۰۵، ۱۲:۱۷,https://divar.ir/v/gasBWp-H
زمین با کلی درخت فقط وفقط ۵۰۰میلیون,فروش,آهندان,,,,"‏۵,۰۰۰,۰۰۰,۰۰۰ تومان","‏۳,۳۳۳,۰۰۰ تومان",,۹ مرداد ۱۴۰۵، ۱۱:۵۱,https://divar.ir/v/gast1BeH
زمین مسکونی با ویو ابدی در دل جنگل,فروش,شهرک سلمان فارسی,,,,"‏۴۵۰,۰۰۰,۰۰۰,۰۰۰ تومان","‏۲۲۵,۰۰۰,۰۰۰ تومان",,۹ مرداد ۱۴۰۵، ۱۰:۳۴,https://divar.ir/v/gashUTLO
۲هزار متر زمین مسکونی اطراف لاهیجان,فروش,لیل,,,,"‏۷,۰۰۰,۰۰۰,۰۰۰ تومان","‏۳,۵۰۰,۰۰۰ تومان",,۹ مرداد ۱۴۰۵، ۱۰:۲۶,https://divar.ir/v/gasZ0BF8
ویلا در حال ساخت در ۵ دقیقه ای لاهیجان(رودبنه),فروش,طالقانی,۱۰۰,۱۴۰۵,۲,"‏۵,۹۰۰,۰۰۰,۰۰۰ تومان","‏۲۹,۷۹۷,۰۰۰ تومان",,۹ مرداد ۱۴۰۵، ۰۸:۱۰,https://divar.ir/v/gasZC9X_
اجاره خونه ویلایی ساعتی,رهن و اجاره,حاجی آباد,۱۰۰,۱۳۹۵,۲,,,,۹ مرداد ۱۴۰۵، ۰۳:۱۲,https://divar.ir/v/garFeSBe
زمین ۲۰۰۰متر دور دیوار فقط متری ۵  م  تومن,فروش,بازکیاگوراب,,,,"‏۱۰,۰۰۰,۰۰۰,۰۰۰ تومان","‏۵,۰۰۰,۰۰۰ تومان",,۹ تیر ۱۴۰۵، ۱۴:۱۱,https://divar.ir/v/gaDZZYpV
فروش آپارتمان,فروش,خمیر کلایه,۷۵,۱۳۹۸,۲,"‏۸,۶۵۰,۰۰۰,۰۰۰ تومان","‏۱۱۵,۳۳۳,۰۰۰ تومان",۱ از ۲,۸ مرداد ۱۴۰۵، ۲۱:۵۸,https://divar.ir/v/gardZt7t
لوکس ۱۵۰متری ۳خواب,فروش,شیخ زاهد,۱۵۵,۱۴۰۵,۳,"‏۲۲,۰۰۰,۰۰۰,۰۰۰ تومان","‏۱۴۱,۹۳۵,۰۰۰ تومان",۲ از ۶,۸ مرداد ۱۴۰۵، ۲۰:۱۸,https://divar.ir/v/garBoQz-
ویلا ۶۰۰ متر - تک برگ سند,فروش,لفمجان,۱۲۰,۱۳۹۸,۲,"‏۱۴,۹۵۰,۰۰۰,۰۰۰ تومان","‏۲۴,۹۱۶,۰۰۰ تومان",,۸ مرداد ۱۴۰۵، ۲۰:۰۲,https://divar.ir/v/garxni8V
۳۰۰زمین با کاربری مسکونی باسند,فروش,لیل,,,,"‏۶,۰۰۰,۰۰۰,۰۰۰ تومان","‏۲۰,۰۰۰,۰۰۰ تومان",,۸ مرداد ۱۴۰۵، ۱۹:۰۳,https://divar.ir/v/gar5GmDn
لاهیجان- فروش خونه ویلایی 300 متری در کارگر زوج,فروش,رجایی,,,,"‏۷۶,۰۰۰,۰۰۰,۰۰۰ تومان","‏۲۵۳,۳۳۳,۰۰۰ تومان",,۸ مرداد ۱۴۰۵، ۱۸:۵۲,https://divar.ir/v/gartWEqh
لاهیجان فروش آپارتمان صفر 200 متری کارگر,فروش,رجایی,۲۰۰,۱۴۰۵,۳,"‏۳۱,۰۰۰,۰۰۰,۰۰۰ تومان","‏۱۵۵,۰۰۰,۰۰۰ تومان",۱,۸ مرداد ۱۴۰۵، ۱۸:۴۶,https://divar.ir/v/garpGIKX
لاهیجان فروش آپارتمان 106 متری در قیام,فروش,قیام,۱۰۶,۱۳۹۸,۲,"‏۱۲,۷۵۰,۰۰۰,۰۰۰ تومان","‏۱۲۰,۲۸۳,۰۰۰ تومان",۳ از ۴,۸ مرداد ۱۴۰۵، ۱۸:۴۲,https://divar.ir/v/garhW0od
۵۰۰متر تجاری، با تراس ویو ابدی,رهن و اجاره,گلستان,۵۰۰,۱۳۹۰,۱,,,۱,۸ مرداد ۱۴۰۵، ۱۸:۳۵,https://divar.ir/v/gardmnM3
ویلا سه طبقه حومه لاهیجان,فروش,لیالستان,۱۰۰,۱۴۰۴,۲,"‏۱۷,۰۰۰,۰۰۰,۰۰۰ تومان","‏۳۷,۷۷۷,۰۰۰ تومان",,۸ مرداد ۱۴۰۵، ۱۷:۵۹,https://divar.ir/v/gar9FcEF
زمین مسکونی ۵ کیلومتری لاهیجان روستای گردکوه,فروش,آهندان,,,,"‏۳,۵۰۰,۰۰۰,۰۰۰ تومان","‏۱۹,۰۲۱,۰۰۰ تومان",,۸ مرداد ۱۴۰۵، ۱۷:۵۶,https://divar.ir/v/gar9VDoP
۲۰۰ متری _ویودار _گلستان _ لاهیجان,فروش,گلستان,۲۰۰,۱۴۰۴,۳,"‏۲۷,۰۰۰,۰۰۰,۰۰۰ تومان","‏۱۳۵,۰۰۰,۰۰۰ تومان",۳,۸ مرداد ۱۴۰۵، ۱۷:۳۷,https://divar.ir/v/gamdh0EB
فروش خانه ویلایی _ قیمت کاسبی,فروش,لیالستان,۸۰,۱۳۸۳,۱,"‏۸,۵۰۰,۰۰۰,۰۰۰ تومان","‏۴۲,۵۰۰,۰۰۰ تومان",,۸ مرداد ۱۴۰۵، ۱۶:۵۸,https://divar.ir/v/garFVTgt
فروش مغازه بر خیابان اصلی تربیت معلم,فروش,شهرک سلمان فارسی,۲۸,۱۳۹۵,بدون اتاق,"‏۹,۳۰۰,۰۰۰,۰۰۰ تومان","‏۳۳۲,۱۴۲,۰۰۰ تومان",,۸ مرداد ۱۴۰۵، ۱۵:۳۲,https://divar.ir/v/gar1jWK_
550متر مسکونی داخل طرح معاوضه چک نقد,فروش,آهندان,,,,"‏۱,۹۰۰,۰۰۰,۰۰۰ تومان","‏۳,۳۹۲,۰۰۰ تومان",,۸ مرداد ۱۴۰۵، ۱۵:۰۶,https://divar.ir/v/garZD8BH
رهن و اجاره مغازه کوهپایه ۱ بر خیابان,رهن کامل,لیل,۳۲,۱۴۰۰,بدون اتاق,,,,۸ مرداد ۱۴۰۵، ۱۴:۵۸,https://divar.ir/v/garVTOaS
اجاره اپارتمان در شیشه گران شهید بهشتی,رهن و اجاره,شیشه گران,۱۱۰,۱۴۰۴,۲,,,۲ از ۴,۸ مرداد ۱۴۰۵، ۱۴:۱۲,https://divar.ir/v/garpihCk
ویلا با این ویوو ،کم نظیر در لاهیجان،زیر قیمت،فوری,فروش,آهندان,۱۰۰,۱۳۹۰,۲,"‏۶,۶۰۰,۰۰۰,۰۰۰ تومان","‏۲۶,۲۹۴,۰۰۰ تومان",,۸ مرداد ۱۴۰۵، ۱۳:۲۱,https://divar.ir/v/gar5Bakz
خونه ویلایی در امیرشهید,فروش,امیرشهید,۱۰۰,۱۳۹۰,۲,"‏۲۵,۵۵۰,۰۰۰,۰۰۰ تومان","‏۱۰۰,۹۸۸,۰۰۰ تومان",,۸ مرداد ۱۴۰۵، ۱۳:۰۱,https://divar.ir/v/gardBqwg
پیش فروش آپارتمان سوستان قیمت مناسب تحویل ۶ ماه,فروش,لیل,,,,,,,۸ مرداد ۱۴۰۵، ۱۲:۵۶,https://divar.ir/v/garhBhtS
کد A۵۳۶ واحد ۳خواب در فیاض,رهن کامل,فیاض,۱۱۵,۱۳۹۸,۳,,,۲ از ۳,۸ مرداد ۱۴۰۵، ۱۲:۴۹,https://divar.ir/v/garZh5KK
رهن آپارتمان در شیخ زاهد,رهن کامل,شیخ زاهد,۹۰,۱۳۹۷,۲,,,۲ از ۳,۸ مرداد ۱۴۰۵، ۱۲:۳۸,https://divar.ir/v/garRhM-H
250متر زمین روستایی به همراه پروانه ساخت,فروش,بازکیاگوراب,,,,"‏۱,۶۵۰,۰۰۰,۰۰۰ تومان","‏۶,۶۰۰,۰۰۰ تومان",,۸ مرداد ۱۴۰۵، ۱۲:۳۰,https://divar.ir/v/garJRen_
خانه ویلایی قیمت مناسب,فروش,گلستان,۷۲,۱۳۹۵,۲,"‏۹,۰۰۰,۰۰۰,۰۰۰ تومان","‏۳۸,۲۹۷,۰۰۰ تومان",,۸ مرداد ۱۴۰۵، ۱۲:۲۲,https://divar.ir/v/garBhqLk
فروش مستقیم ملک توسط مالک,فروش,بازکیاگوراب,۹۴,۱۴۰۲,۲,"‏۷,۵۰۰,۰۰۰,۰۰۰ تومان","‏۷۹,۷۸۷,۰۰۰ تومان",۱ از ۲,۸ مرداد ۱۴۰۵، ۱۲:۱۷,https://divar.ir/v/gar1A-VO
باغ ویلا 3400متری خاص کم‌یاب_ زیبایی،آرامش،امنیت,فروش,لیالستان,۲۰۰,۱۳۹۵,۳,"‏۳۶,۸۰۰,۰۰۰,۰۰۰ تومان","‏۱۰,۸۲۹,۰۰۰ تومان",,۱۳ تیر ۱۴۰۵، ۱۸:۴۴,https://divar.ir/v/gaJFi74R
بر اصلی خرمشهر تک واحده سه خواب,فروش,شقایق,۱۲۰,۱۳۹۹,۳,"‏۱۷,۰۰۰,۰۰۰,۰۰۰ تومان","‏۱۴۱,۶۶۶,۰۰۰ تومان",۳ از ۴,۸ مرداد ۱۴۰۵، ۱۱:۵۱,https://divar.ir/v/garlASFs
فروش آپارتمان لاهیجان,فروش,شهرک سلمان فارسی,۷۲,۱۳۹۳,۲,"‏۷,۴۰۰,۰۰۰,۰۰۰ تومان","‏۱۰۲,۷۷۷,۰۰۰ تومان",۱ از ۴,۸ مرداد ۱۴۰۵، ۱۱:۵۰,https://divar.ir/v/garVQn3B
رهن و اجاره واحد ۹۰ متری,رهن کامل,کوی آزادگان,۹۰,۱۴۰۱,۲,,,۴ از ۵,۸ مرداد ۱۴۰۵، ۱۱:۲۳,https://divar.ir/v/garJgk9I
۱۷۰ متر زمین سند دار در لاهیجان لاشیدان,فروش,لاشیدان,,,,"‏۱,۴۰۰,۰۰۰,۰۰۰ تومان","‏۸,۲۳۵,۰۰۰ تومان",,۸ مرداد ۱۴۰۵، ۱۱:۰۷,https://divar.ir/v/gaq5P4__
ویلا درلاهیجان,فروش,امیرشهید,۱۲۰,۱۴۰۵,۲,"‏۱۴,۰۰۰,۰۰۰,۰۰۰ تومان","‏۵۳,۸۴۶,۰۰۰ تومان",,۸ مرداد ۱۴۰۵، ۱۰:۴۲,https://divar.ir/v/gaqlfQn_
۳۱۹ متر دوبر شهری,فروش,پردسر,,,,"‏۳۹,۰۰۰,۰۰۰,۰۰۰ تومان","‏۱۲۲,۲۵۷,۰۰۰ تومان",,۷ مرداد ۱۴۰۵، ۱۹:۱۴,https://divar.ir/v/gaq5R3nn
۱۰۰۰ متر ویلا در لاهیجان کتشال-زمیدان,فروش,لیل,۳۰۰,۱۳۹۹,۳,"‏۶۲,۰۰۰,۰۰۰,۰۰۰ تومان","‏۶۲,۰۰۰,۰۰۰ تومان",,۸ مرداد ۱۴۰۵، ۰۹:۳۳,https://divar.ir/v/gaqh-_aF
فروش فوری زمین مسکونی در لاهیجان,فروش,آهندان,,,,"‏۴,۰۰۰,۰۰۰,۰۰۰ تومان","‏۲۰,۰۰۰,۰۰۰ تومان",,۸ مرداد ۱۴۰۵، ۰۹:۱۳,https://divar.ir/v/gaqROl4R
ویلا کوهستانی  ۲۵۰ متر آهندان آزارستانکی,فروش,آهندان,۱۸۰,۱۴۰۴,۳,"‏۲۱,۳۰۰,۰۰۰,۰۰۰ تومان","‏۸۵,۲۰۰,۰۰۰ تومان",,۱۳ خرداد ۱۴۰۵، ۱۶:۵۹,https://divar.ir/v/gagsS9HB
اجاره ۸۰ متری مستقل در آزادگان,رهن و اجاره,کوی آزادگان,۸۰,۱۳۸۵,۲,,,۱ از ۲,۸ مرداد ۱۴۰۵، ۰۳:۵۰,https://divar.ir/v/gaqhZ2DQ
۱هکتار زمین در روستای چوشل.,فروش,شهرک فرهنگیان,,,,"‏۵۰,۰۰۰,۰۰۰,۰۰۰ تومان","‏۵,۰۰۰,۰۰۰ تومان",,۸ مرداد ۱۴۰۵، ۰۳:۰۸,https://divar.ir/v/gaq5Iyfn
فروش ویلاباغ,فروش,بازکیاگوراب,۷۵,قبل از ۱۳۷۰,۱,"‏۱۰,۲۰۰,۰۰۰,۰۰۰ تومان","‏۱۲,۰۰۰,۰۰۰ تومان",,۷ مرداد ۱۴۰۵، ۰۶:۱۳,https://divar.ir/v/gaphmJ1I
اجاره ۲ باب مغازه لاشیدان حکومتی,رهن و اجاره,بازکیاگوراب,۲۵,۱۴۰۰,بدون اتاق,,,,۸ مرداد ۱۴۰۵، ۰۲:۱۸,https://divar.ir/v/gaqJ4Nii
فروش سرقفلی مغازه,فروش,خمیر کلایه,۲۸,۱۴۰۰,بدون اتاق,"‏۲,۶۰۰,۰۰۰,۰۰۰ تومان","‏۹۲,۸۵۷,۰۰۰ تومان",,۸ مرداد ۱۴۰۵، ۰۱:۰۱,https://divar.ir/v/gaqFnBpu
ویلافروشی تک برگ سند مالکم,فروش,لیالستان,۸۰,۱۳۸۶,۲,"‏۸,۶۰۰,۰۰۰,۰۰۰ تومان","‏۳۳,۰۷۶,۰۰۰ تومان",,۸ مرداد ۱۴۰۵، ۰۰:۳۶,https://divar.ir/v/gaqdmsMH
۹۵۵ متر زمین مسکونی,فروش,شیشه گران,,,,"‏۶,۲۰۰,۰۰۰,۰۰۰ تومان","‏۶,۴۹۲,۰۰۰ تومان",,۷ مرداد ۱۴۰۵، ۲۳:۴۵,https://divar.ir/v/gaq9FGpI
فروش خانه مستقل با پارکینگ نوساز,فروش,خالو باغ,۸۵,۱۴۰۵,۲,"‏۶,۵۰۰,۰۰۰,۰۰۰ تومان","‏۷۶,۴۷۰,۰۰۰ تومان",,۷ مرداد ۱۴۰۵، ۲۳:۴۴,https://divar.ir/v/gaq5FBNb
پنت‌هاوس لوکس ۱۱۰ متری با ۹۰ متر تراس رهن کامل,رهن و اجاره,شهرک سلمان فارسی,۱۱۰,۱۳۹۷,۲,,,۴ از ۴,۷ مرداد ۱۴۰۵، ۲۳:۲۰,https://divar.ir/v/gaql1WY1
فروش زمین داخل طرح هادی مسکونی,فروش,آهندان,,,,"‏۵,۵۰۰,۰۰۰,۰۰۰ تومان","‏۱۱,۰۰۰,۰۰۰ تومان",,۷ مرداد ۱۴۰۵، ۲۳:۱۸,https://divar.ir/v/gaqhl5xF
زمین مخصوص سرمایه گذاری با قیمت مناسب,فروش,بازکیاگوراب,,,,"‏۳,۵۶۳,۰۰۰,۰۰۰ تومان","‏۱۱,۷۹۸,۰۰۰ تومان",,۷ مرداد ۱۴۰۵، ۲۳:۱۶,https://divar.ir/v/gaqh1miR
مغازه برخط اصلی,فروش,بازکیاگوراب,۲۵,۱۳۹۸,بدون اتاق,"‏۴,۰۰۰,۰۰۰,۰۰۰ تومان","‏۱۶۰,۰۰۰,۰۰۰ تومان",,۷ مرداد ۱۴۰۵، ۲۲:۵۴,https://divar.ir/v/gaqNFcCD
ساختمان,فروش,کوی استادان,۱۰۰,۱۴۰۴,۲,"‏۱۲,۰۰۰,۰۰۰,۰۰۰ تومان","‏۱۲۰,۰۰۰,۰۰۰ تومان",۳ از ۳,۷ مرداد ۱۴۰۵، ۲۲:۴۵,https://divar.ir/v/gaqFlYhY
فروش ویلا بهترین موقعیت,فروش,بازکیاگوراب,۹۰,۱۴۰۵,۲,"‏۸,۰۰۰,۰۰۰,۰۰۰ تومان","‏۳۳,۱۹۵,۰۰۰ تومان",,۷ مرداد ۱۴۰۵، ۲۰:۵۳,https://divar.ir/v/gaqZjnI3
تا یه تومن معاوضه با ماشین,فروش,لیل,,,بدون اتاق,"‏۳,۰۰۰,۰۰۰,۰۰۰ تومان","‏۲,۵۰۰,۰۰۰ تومان",,۷ مرداد ۱۴۰۵، ۱۹:۵۷,https://divar.ir/v/gaqly1c9
زمین سند دار ۲۶۷ متری موقعیت استثناعی در لاهیجان,فروش,لیالستان,,,,"‏۳,۹۷۷,۰۰۰,۰۰۰ تومان","‏۱۴,۸۹۵,۰۰۰ تومان",,۱۳ تیر ۱۴۰۵، ۱۲:۵۰,https://divar.ir/v/gaI9sqy1
فروش زمین مسکونی,فروش,بوجایه,,,,"‏۲,۱۰۰,۰۰۰,۰۰۰ تومان","‏۱۶,۰۳۰,۰۰۰ تومان",,۷ مرداد ۱۴۰۵، ۱۹:۳۵,https://divar.ir/v/gak597z5
۴۰۰متر بر اصلی کتشال,فروش,لیل,,,,"‏۱۵,۲۰۰,۰۰۰,۰۰۰ تومان","‏۳۸,۰۰۰,۰۰۰ تومان",,۷ مرداد ۱۴۰۵، ۱۸:۵۳,https://divar.ir/v/gaqpBdIV
فروش زمین مسکونی در شیخ زاهد لاهیجان,فروش,گلستان,,,,"‏۵۴,۰۰۰,۰۰۰,۰۰۰ تومان","‏۸۹,۸۵۰,۰۰۰ تومان",,۷ مرداد ۱۴۰۵، ۱۸:۳۳,https://divar.ir/v/gaqNhzRJ
فروش ۵۴متر آپارتمان طبقه ۳ با آسانسور رو به خیابان,فروش,خمیر کلایه,۵۴,۱۳۹۰,۱,"‏۵,۵۰۰,۰۰۰,۰۰۰ تومان","‏۱۰۱,۸۵۱,۰۰۰ تومان",۳ از ۴,۷ مرداد ۱۴۰۵، ۱۸:۳۰,https://divar.ir/v/gaqVxfUW
۱۶۰۰مترزمین_جوازساخت_فول امکانات,فروش,شیشه گران,,,,"‏۱۴,۰۰۰,۰۰۰,۰۰۰ تومان","‏۸,۷۵۰,۰۰۰ تومان",,۷ مرداد ۱۴۰۵، ۱۸:۲۹,https://divar.ir/v/gajBfQlP
یک واحد سویت مستقل 70 متری,فروش,کوی خزر,۷۰,۱۴۰۵,۲,"‏۶,۵۰۰,۰۰۰,۰۰۰ تومان","‏۹۲,۸۵۷,۰۰۰ تومان",همکف,۷ مرداد ۱۴۰۵، ۱۸:۲۲,https://divar.ir/v/gaqNBcxH
بک واحد ورودی مستقل,فروش,آهندان,۸۹,۱۳۸۹,۲,"‏۶,۵۰۰,۰۰۰,۰۰۰ تومان","‏۷۳,۰۳۳,۰۰۰ تومان",۱,۷ مرداد ۱۴۰۵، ۱۸:۱۴,https://divar.ir/v/gaqFRbI3
اجاره آپارتمان فول و استخر دار در خیابان کارگر,رهن و اجاره,رجایی,۹۵,۱۴۰۱,۲,,,۵ از ۵,۷ مرداد ۱۴۰۵، ۱۷:۳۴,https://divar.ir/v/gaqdQ4mr
واحد و سوئیت مشترک سادات محله,فروش,آهندان,۱۶۳,۱۴۰۳,۱,"‏۱۳,۵۰۰,۰۰۰,۰۰۰ تومان","‏۸۲,۸۲۲,۰۰۰ تومان",۱ از ۲,۷ مرداد ۱۴۰۵، ۱۷:۰۶,https://divar.ir/v/gaqFQat5
فروش فوری زمین,فروش,لیالستان,,,,"‏۱۱,۰۰۰,۰۰۰,۰۰۰ تومان","‏۷,۸۵۷,۰۰۰ تومان",,۷ مرداد ۱۴۰۵، ۱۷:۰۰,https://divar.ir/v/gaqBgT3w
فروش زمین مسکونی بیجار باغ,فروش,لیل,,,,"‏۲۶,۴۰۰,۰۰۰,۰۰۰ تومان","‏۲۴,۰۰۰,۰۰۰ تومان",,۷ مرداد ۱۴۰۵، ۱۶:۴۵,https://divar.ir/v/gappfVPP
مغازه تجاری مناسب برای دفتراملاک ودفترفنی مهندسی,رهن و اجاره,شقایق,۱۹,۱۳۹۵,بدون اتاق,,,,۷ مرداد ۱۴۰۵، ۱۶:۲۵,https://divar.ir/v/gapdf8tW
زمین ۸۰۰ متری تموشل پایین,فروش,بازکیاگوراب,,,,"‏۶,۴۰۰,۰۰۰,۰۰۰ تومان","‏۸,۰۰۰,۰۰۰ تومان",,۷ مرداد ۱۴۰۵، ۱۶:۱۹,https://divar.ir/v/gapZfz64
یک باب زمین_385متری_سند دار _ویو ابدی,فروش,لیل,,,,"‏۱۲,۰۰۰,۰۰۰,۰۰۰ تومان","‏۳۱,۱۶۸,۰۰۰ تومان",,۷ مرداد ۱۴۰۵، ۱۳:۵۰,https://divar.ir/v/gapJN3DS
فروش فوری سوئیت  مستقل درکوی زمانی,فروش,کوی زمانی,۴۵,۱۴۰۰,۱,"‏۵,۲۰۰,۰۰۰,۰۰۰ تومان","‏۱۱۵,۵۵۵,۰۰۰ تومان",همکف,۷ مرداد ۱۴۰۵، ۱۳:۱۶,https://divar.ir/v/gaptc-Jk
زمین داخل طرح 210متری,فروش,آهندان,,,بدون اتاق,"‏۸۵۰,۰۰۰,۰۰۰ تومان","‏۴,۲۵۰,۰۰۰ تومان",,۷ مرداد ۱۴۰۵، ۱۲:۴۲,https://divar.ir/v/gapNcxSP
پیش فروش تک واحدی۱۴۵ متری خوش متریال_ کاسبی,فروش,گلستان,,,,,,,۷ مرداد ۱۴۰۵، ۱۲:۱۳,https://divar.ir/v/gapxbkLh
فروش واحد آپارتمان مسکونی طبقه ۳ باآسانسور نو ساز,فروش,طالقانی,۸۳,۱۴۰۵,۲,"‏۸,۹۵۰,۰۰۰,۰۰۰ تومان","‏۱۰۷,۸۳۱,۰۰۰ تومان",۳ از ۳,۷ مرداد ۱۴۰۵، ۱۱:۵۶,https://divar.ir/v/gapZLNP9
زمین تجاری خدمات خودرویی,فروش,حاجی آباد,,,بدون اتاق,"‏۳۹,۷۴۰,۰۰۰,۰۰۰ تومان","‏۳۴,۹۸۲,۰۰۰ تومان",,۷ مرداد ۱۴۰۵، ۱۱:۱۸,https://divar.ir/v/gap5qqqI
فروش آپارتمان خیابان تربیت معلم یکم,فروش,شهرک سلمان فارسی,۹۲,۱۳۹۰,۲,"‏۶,۹۰۰,۰۰۰,۰۰۰ تومان","‏۷۵,۰۰۰,۰۰۰ تومان",۳,۷ مرداد ۱۴۰۵، ۱۱:۱۶,https://divar.ir/v/gap962Br
زمین مسکونی دورمحصور210متری,فروش,بازکیاگوراب,,,,"‏۱,۹۰۰,۰۰۰,۰۰۰ تومان","‏۹,۰۴۷,۰۰۰ تومان",,۷ مرداد ۱۴۰۵، ۱۱:۰۶,https://divar.ir/v/gap16Kzy
زمین مسکونی_باغی,فروش,بازکیاگوراب,,,,"‏۳,۶۰۰,۰۰۰,۰۰۰ تومان","‏۱۰,۰۰۰,۰۰۰ تومان",,۷ مرداد ۱۴۰۵، ۱۱:۰۴,https://divar.ir/v/gapxKwFT
زمین باغی در مالگوراب,فروش,بازکیاگوراب,,,,"‏۴,۶۰۰,۰۰۰,۰۰۰ تومان","‏۲,۰۰۰,۰۰۰ تومان",,۷ مرداد ۱۴۰۵، ۱۰:۱۹,https://divar.ir/v/gapJ6THL
۵۰۰متر زمین مسکونی با امتیاز آب برق گاز,فروش,آهندان,,,,"‏۸,۵۰۰,۰۰۰,۰۰۰ تومان","‏۱۷,۰۰۰,۰۰۰ تومان",,۴ مرداد ۱۴۰۵، ۱۱:۱۷,https://divar.ir/v/galtLikV
زمین مسکونی شهری اینده دار(قیمت مناسب)قابل معاوضه,فروش,خالو باغ,,,,"‏۲,۸۰۰,۰۰۰,۰۰۰ تومان","‏۱۲,۷۲۷,۰۰۰ تومان",,۷ مرداد ۱۴۰۵، ۰۹:۳۲,https://divar.ir/v/gafddP6N
لاهیجان فروش آپارتمان مستقل 95 متری در خرمشهر,فروش,شهید آوینی,۹۵,۱۳۹۰,۲,"‏۱۳,۵۰۰,۰۰۰,۰۰۰ تومان","‏۱۴۲,۱۰۵,۰۰۰ تومان",۱ از ۲,۷ مرداد ۱۴۰۵، ۰۹:۰۵,https://divar.ir/v/gapBJ6OV
لاهیجان پیش فروش آپارتمان 120 متری در شیشه گران,فروش,قیام,۱۲۰,۱۴۰۵,۲,"‏۲۴,۰۰۰,۰۰۰,۰۰۰ تومان","‏۲۰۰,۰۰۰,۰۰۰ تومان",۱ از ۵,۷ مرداد ۱۴۰۵، ۰۸:۵۹,https://divar.ir/v/gap9IaPB
لاهیجان پیش فروش آپارتمان 128 متری در گلستان,فروش,گلستان,۱۲۸,۱۴۰۵,۲,"‏۱۵,۳۶۰,۰۰۰,۰۰۰ تومان","‏۱۲۰,۰۰۰,۰۰۰ تومان",۱ از ۳,۷ مرداد ۱۴۰۵، ۰۸:۵۳,https://divar.ir/v/gap149Qx
پیش فروش آپارتمان استخر دار,فروش,حاجی آباد,,,,,,,۷ مرداد ۱۴۰۵، ۰۶:۴۷,https://divar.ir/v/gapB3ctE
رهن و اجاره مغازه در خ شهدا‌ ( جیرسر) لاهیجان,رهن و اجاره,کوی آزادگان,۱۷,۱۳۹۵,بدون اتاق,,,,۷ مرداد ۱۴۰۵، ۰۳:۱۰,https://divar.ir/v/gap1DuZI
زمین مسکونی دردل کوه جنگل رودخانه معاوضه باماشین,فروش,آهندان,,,,"‏۲,۳۰۰,۰۰۰,۰۰۰ تومان","‏۱۲,۱۰۵,۰۰۰ تومان",,۷ مرداد ۱۴۰۵، ۰۲:۴۰,https://divar.ir/v/gapZz3bY
۲۷۷۰ متر زمین مسکونی با منظره بی نظیر,فروش,لیل,,,,"‏۹,۰۰۰,۰۰۰,۰۰۰ تومان","‏۳,۲۴۹,۰۰۰ تومان",,۷ مرداد ۱۴۰۵، ۰۱:۰۶,https://divar.ir/v/gapBSuZ2
زمین 600 متری,فروش,لفمجان,,,,"‏۲,۲۰۰,۰۰۰,۰۰۰ تومان","‏۳,۶۶۶,۰۰۰ تومان",,۷ مرداد ۱۴۰۵، ۰۰:۱۵,https://divar.ir/v/gapRR2gc
زمین روستایی,فروش,لیالستان,,,,"‏۴,۱۳۶,۰۰۰,۰۰۰ تومان","‏۸,۰۰۰,۰۰۰ تومان",,۶ مرداد ۱۴۰۵، ۲۳:۳۰,https://divar.ir/v/gaplQvLQ
زمین فروشی در سوخته کوه لاهیجان,فروش,آهندان,,,,"‏۳۰۰,۰۰۰,۰۰۰,۰۰۰ تومان","‏۱,۸۱۸,۰۰۰ تومان",,۶ مرداد ۱۴۰۵، ۲۲:۵۷,https://divar.ir/v/gapJQk22
فروش زمین تجاری مسکونی لاهیجان,فروش,لیالستان,,,,"‏۱۴,۰۰۰,۰۰۰,۰۰۰ تومان","‏۳۵,۰۰۰,۰۰۰ تومان",,۶ مرداد ۱۴۰۵، ۲۲:۲۳,https://divar.ir/v/gaop_mo_
۲۰۰ متر زمین شهری نزدیک استخر لاهیجان زیر قیمت,فروش,گلستان,,,,"‏۱۸,۷۵۰,۰۰۰,۰۰۰ تومان","‏۹۴,۶۹۶,۰۰۰ تومان",,۶ مرداد ۱۴۰۵، ۲۲:۰۰,https://divar.ir/v/gaoV_Q_1
زمین به مساحت سیصد متر,فروش,لیل,,,,"‏۴,۵۰۰,۰۰۰,۰۰۰ تومان","‏۱۵,۰۰۰,۰۰۰ تومان",,۶ مرداد ۱۴۰۵، ۲۱:۵۳,https://divar.ir/v/gaoN_Yxv
۸۰ متری گلستان هفده,فروش,گلستان,۸۰,۱۳۹۶,۲,"‏۱۳,۵۰۰,۰۰۰,۰۰۰ تومان","‏۱۶۸,۷۵۰,۰۰۰ تومان",۲ از ۳,۶ مرداد ۱۴۰۵، ۲۱:۲۴,https://divar.ir/v/gaote3gs
خانه ویلایی دوباب بغل هم هر کدام جدا,فروش,امیرشهید,۱۰۵,۱۴۰۴,۲,"‏۱۰,۰۰۰,۰۰۰,۰۰۰ تومان","‏۴۸,۷۸۰,۰۰۰ تومان",,۶ مرداد ۱۴۰۵، ۲۰:۵۷,https://divar.ir/v/gaoV-yAT
۱۵۷متر زمین شهری کاسبی در شقایق,فروش,شقایق,,,,"‏۱۰,۹۰۰,۰۰۰,۰۰۰ تومان","‏۶۹,۴۲۶,۰۰۰ تومان",,۶ مرداد ۱۴۰۵، ۲۰:۵۵,https://divar.ir/v/gaoV-zwc
زمین طرح هادی با ویو ابدی مناسب ویلا و کلبه سوئیسی,فروش,آهندان,,,,"‏۲,۸۰۰,۰۰۰,۰۰۰ تومان","‏۶,۴۵۱,۰۰۰ تومان",,۶ مرداد ۱۴۰۵، ۲۰:۱۹,https://divar.ir/v/gao1dV_N
۶۷ متری ، گلستان ۳۳ ، بر اصلی ، ط سوم ،تک واحدی,فروش,گلستان,۶۷,۱۳۹۴,۲,"‏۶,۱۰۰,۰۰۰,۰۰۰ تومان","‏۹۱,۰۴۴,۰۰۰ تومان",۳,۶ مرداد ۱۴۰۵، ۱۹:۱۴,https://divar.ir/v/gao5cGm7
زمین دانش ،۱۵ بر،کوچه ۱۰ متری,فروش,کوی آزادگان,,,,"‏۴۵,۱۱۰,۰۰۰,۰۰۰ تومان","‏۱۳۰,۰۰۰,۰۰۰ تومان",,۶ مرداد ۱۴۰۵، ۱۸:۴۶,https://divar.ir/v/gaodsMt8
۶۰۱ متر زمین در شیخ زاهد لاهیجان,فروش,لیالستان,,,,"‏۶۰,۰۰۰,۰۰۰,۰۰۰ تومان","‏۹۹,۸۳۳,۰۰۰ تومان",,۶ مرداد ۱۴۰۵، ۱۸:۳۷,https://divar.ir/v/gaoVMfA6
زمین اماده ساخت,فروش,لیالستان,,,,"‏۲,۵۰۰,۰۰۰,۰۰۰ تومان","‏۲۳,۳۶۴,۰۰۰ تومان",,۶ مرداد ۱۴۰۵، ۱۸:۱۲,https://divar.ir/v/gao9ruxc
اجاره آپارتمان,رهن و اجاره,قیام,۹۰,۱۳۹۰,۲,,,۳,۶ مرداد ۱۴۰۵، ۱۸:۰۴,https://divar.ir/v/gao1r4dv
پیش فروش آپارتمان نوساز ۶۵ متری,فروش,رجایی,,,,,,,۶ مرداد ۱۴۰۵، ۱۷:۴۹,https://divar.ir/v/gaoprDp4
اجاره واحد در خیابان کارگر لاهیجان,رهن و اجاره,رجایی,۸۵,۱۳۹۰,۲,,,۲ از ۶,۱۳ تیر ۱۴۰۵، ۰۱:۲۰,https://divar.ir/v/gaI5yhy5
واحد ۵۵متری کارگر ۲خواب تکواحدی نما سنگ,فروش,رجایی,۵۵,۱۳۸۵,۲,"‏۱۱,۰۰۰,۰۰۰,۰۰۰ تومان","‏۲۰۰,۰۰۰,۰۰۰ تومان",۲ از ۳,۹ تیر ۱۴۰۵، ۰۱:۲۸,https://divar.ir/v/gaCp-jFZ
۲۱۵متر زمین دو بر مسکونی لیالستان ویو دار,فروش,لیالستان,,,,"‏۸,۰۰۰,۰۰۰,۰۰۰ تومان","‏۳۷,۲۰۹,۰۰۰ تومان",,۸ تیر ۱۴۰۵، ۱۹:۴۴,https://divar.ir/v/gaClJr9K
فروش ملک ۶۳۲ متری در مرکز شهر,فروش,پردسر,,,,"‏۱۵,۰۰۰,۰۰۰,۰۰۰ تومان","‏۲۳,۷۳۴,۰۰۰ تومان",,۳ مرداد ۱۴۰۵، ۱۹:۵۰,https://divar.ir/v/gakJ-QdS
۱۵۰‌متر زمین شهری. سند تکبرگ,فروش,حاجی آباد,,,,"‏۶,۰۰۰,۰۰۰,۰۰۰ تومان","‏۴۰,۰۰۰,۰۰۰ تومان",,۱۱ اردیبهشت ۱۴۰۵، ۰۴:۵۴,https://divar.ir/v/Qa0DAdbJ
اجاره واحد ۲۲۰متری کلید نخورده جکوزی دار,رهن کامل,گلستان,۲۲۰,۱۴۰۵,۳,,,۱ از ۳,۹ تیر ۱۴۰۵، ۱۸:۴۸,https://divar.ir/v/gaD19erT
اجاره ویلایی روستایی,رهن و اجاره,آهندان,۵۷,۱۴۰۳,۱,,,,۸ تیر ۱۴۰۵، ۱۵:۴۹,https://divar.ir/v/gaCJGSUs
خانه ویلایی ۱۳۰ متری,فروش,بازکیاگوراب,۷۰,۱۳۷۵,۲,"‏۷,۰۰۰,۰۰۰,۰۰۰ تومان","‏۵۳,۸۴۶,۰۰۰ تومان",,۱ مرداد ۱۴۰۵، ۱۲:۳۳,https://divar.ir/v/gahhdiMs
زمین مسکونی۳۰۰ متر,فروش,آهندان,,,,"‏۶,۳۰۰,۰۰۰,۰۰۰ تومان","‏۲۱,۰۰۰,۰۰۰ تومان",,۳۱ تیر ۱۴۰۵، ۱۰:۴۵,https://divar.ir/v/gag5GAmE
فروش یا معاوضه سوییت مستقل درکوی آزادگان .بهارستان,فروش,کوی آزادگان,۷۰,۱۳۹۳,۲,"‏۸,۱۰۰,۰۰۰,۰۰۰ تومان","‏۱۱۵,۷۱۴,۰۰۰ تومان",همکف,۱۷ تیر ۱۴۰۵، ۰۰:۴۷,https://divar.ir/v/gaKxQMTj
فروش زمین در سعدی,فروش,کوه بیجار,,,,"‏۱۸,۵۵۰,۰۰۰,۰۰۰ تومان","‏۷۰,۰۰۰,۰۰۰ تومان",,۱۶ تیر ۱۴۰۵، ۱۳:۲۲,https://divar.ir/v/gaMx8ad6
زمین ۱۴۰ متری سوستان یاس ۱۵,فروش,لیل,,,,"‏۵,۰۰۰,۰۰۰,۰۰۰ تومان","‏۳۵,۷۱۴,۰۰۰ تومان",,۱۶ خرداد ۱۴۰۵، ۱۷:۵۴,https://divar.ir/v/gak0Sfru
آپارتمان فروشی ۱۱۷ متری پارگینگ در محوطه,فروش,یوسف آباد,۱۱۷,۱۳۸۶,۳,"‏۸,۰۰۰,۰۰۰,۰۰۰ تومان","‏۶۸,۳۷۶,۰۰۰ تومان",۱,۸ تیر ۱۴۰۵، ۱۰:۵۶,https://divar.ir/v/gaC5BJ-X
فروش فوری زمین مسکونی,فروش,لفمجان,,,,"‏۲,۵۰۰,۰۰۰,۰۰۰ تومان","‏۱۰,۰۰۰,۰۰۰ تومان",,۷ تیر ۱۴۰۵، ۲۳:۳۵,https://divar.ir/v/gaBpHj-J
ویلا دوبلکس لاهیجان ۱۵م الان، ۲م طی ۱سال پول لازم,فروش,لفمجان,۱۲۷,۱۴۰۲,۲,"‏۱۵,۰۰۰,۰۰۰,۰۰۰ تومان","‏۵۸,۵۹۳,۰۰۰ تومان",,۱۷ فروردین ۱۴۰۵، ۱۸:۲۵,https://divar.ir/v/QaTj7vR8
